ID,Year_Birth,Education,Marital_Status,Income,Kidhome,Teenhome,Dt_Customer,Recency,MntWines,MntFruits,MntMeatProducts,MntFishProducts,MntSweetProducts,MntGoldProds,NumDealsPurchases,NumWebPurchases,NumCatalogPurchases,NumStorePurchases,NumWebVisitsMonth,AcceptedCmp1,AcceptedCmp2,AcceptedCmp3,AcceptedCmp4,AcceptedCmp5,Response,Complain,Age,Total_Children,Total_Spending,Customer_Since,AcceptedAny,AgeGroup,Cluster,PCA1,PCA2
5524,1957,Graduation,Single,58138.0,0,0,2012-09-04,58,635,88,546,172,88,88,3,8,10,4,7,0,0,0,0,0,1,0,68,0,1617,4719,1,60-69,4,1.107518797753866,-0.21175950728049556
2174,1954,Graduation,Single,46344.0,1,1,2014-03-08,38,11,1,6,2,1,6,2,1,1,2,5,0,0,0,0,0,0,0,71,2,27,4169,0,70+,1,-1.3367338452761544,0.26983899636667275
4141,1965,Graduation,Together,71613.0,0,0,2013-08-21,26,426,49,127,111,21,42,1,8,2,10,4,0,0,0,0,0,0,0,60,0,776,4368,0,50-59,4,1.8822767585181284,-1.014160977371782
6182,1984,Graduation,Together,26646.0,1,0,2014-02-10,26,11,4,20,10,3,5,2,2,0,4,6,0,0,0,0,0,0,0,41,1,53,4195,0,40-49,0,-1.784358661466924,-0.7049275919187127
5324,1981,PhD,Married,58293.0,1,0,2014-01-19,94,173,43,118,46,27,15,5,5,3,6,5,0,0,0,0,0,0,0,44,1,422,4217,0,40-49,3,0.020363065935409336,1.2352648605074041
7446,1967,Master,Together,62513.0,0,1,2013-09-09,16,520,42,98,0,42,14,2,6,4,10,6,0,0,0,0,0,0,0,58,1,716,4349,0,50-59,4,1.0601458870627207,-1.3787651745281968
965,1971,Graduation,Divorced,55635.0,0,1,2012-11-13,34,235,65,164,50,49,27,4,7,3,7,6,0,0,0,0,0,0,0,54,1,590,4649,0,50-59,4,0.47583013653441814,-0.905022886821673
6177,1985,PhD,Married,33454.0,1,0,2013-05-08,32,76,10,56,3,1,23,2,4,0,4,8,0,0,0,0,0,0,0,40,1,169,4473,0,30-39,0,-1.611284599506796,-0.9693504417887787
4855,1974,PhD,Together,30351.0,1,0,2013-06-06,19,14,0,24,3,3,2,1,3,0,2,9,0,0,0,0,0,1,0,51,1,46,4444,1,50-59,0,-2.2206810989902928,-1.232321930267418
5899,1950,PhD,Together,5648.0,1,1,2014-03-13,68,28,0,6,1,1,13,1,1,0,0,20,0,0,1,0,0,0,0,75,2,49,4164,1,70+,3,-4.626809727531816,-0.5673893308689304
387,1976,Basic,Married,7500.0,0,0,2012-11-13,59,6,16,11,11,1,16,1,2,0,3,8,0,0,0,0,0,0,0,49,0,61,4649,0,40-49,3,-2.4850783245238506,0.1399749020011659
2125,1959,Graduation,Divorced,63033.0,0,0,2013-11-15,82,194,61,480,225,112,30,1,3,4,8,2,0,0,0,0,0,0,0,66,0,1102,4282,0,60-69,5,1.4358678050439277,1.5782111175660218
8180,1952,Master,Divorced,59354.0,1,1,2013-11-15,53,233,2,53,3,5,14,3,6,1,5,6,0,0,0,0,0,0,0,73,2,310,4282,0,70+,1,0.1223367105753278,0.038700671560525646
2569,1987,Graduation,Married,17323.0,0,0,2012-10-10,38,3,14,17,6,1,5,1,1,0,3,8,0,0,0,0,0,0,0,38,0,46,4683,0,30-39,0,-2.5854544630331184,-0.48306005790060913
2114,1946,PhD,Single,82800.0,0,0,2012-11-24,23,1006,22,115,59,68,45,1,7,6,12,3,1,0,0,0,1,1,0,79,0,1315,4638,1,70+,5,3.090987558445418,-0.7442415236700363
9736,1980,Graduation,Married,41850.0,1,1,2012-12-24,51,53,5,19,2,13,4,3,3,0,3,8,0,0,0,0,0,0,0,45,2,96,4608,0,40-49,3,-1.727395332789238,-0.17765426007937277
4939,1946,Graduation,Together,37760.0,0,0,2012-08-31,20,84,5,38,150,12,28,2,4,1,6,7,0,0,0,0,0,0,0,79,0,317,4723,0,70+,1,-0.4871032153227166,-0.9025721006039715
6565,1949,Master,Married,76995.0,0,1,2013-03-28,91,1012,80,498,0,16,176,2,11,4,9,5,1,0,0,0,0,0,0,76,1,1782,4514,1,70+,4,3.142682730131224,0.7111358041048481
2278,1985,2n Cycle,Single,33812.0,1,0,2012-11-03,86,4,17,19,30,24,39,2,2,1,3,6,0,0,0,0,0,0,0,40,1,133,4659,0,30-39,3,-1.7243670958399895,1.1860841494162646
9360,1982,Graduation,Married,37040.0,0,0,2012-08-08,41,86,2,73,69,38,48,1,4,2,5,8,0,0,0,0,0,0,0,43,0,316,4746,0,40-49,0,-1.23512613593712,-0.6830145234246944
5376,1979,Graduation,Married,2447.0,1,0,2013-01-06,42,1,1,1725,1,1,1,15,0,28,0,1,0,0,0,0,0,0,0,46,1,1730,4595,0,40-49,0,-0.8399628174364685,0.6281014488181053
1993,1949,PhD,Married,58607.0,0,1,2012-12-23,63,867,0,86,0,0,19,3,2,3,9,8,0,0,0,1,0,0,0,76,1,972,4609,1,70+,1,0.44988870446287155,0.4569301660953397
4047,1954,PhD,Married,65324.0,0,1,2014-01-11,0,384,0,102,21,32,5,3,6,2,9,4,0,0,0,0,0,0,0,71,1,544,4225,0,70+,5,1.284505561981042,-1.4820844561888205
1409,1951,Graduation,Together,40689.0,0,1,2013-03-18,69,270,3,27,39,6,99,7,7,1,5,8,0,0,0,0,0,0,0,74,1,444,4524,0,70+,1,-0.27445453363563355,0.153687185073132
7892,1969,Graduation,Single,18589.0,0,0,2013-01-02,89,6,4,25,15,12,13,2,2,1,3,7,0,0,0,0,0,0,0,56,0,75,4599,0,50-59,3,-2.017455640072151,1.2790875442905065
2404,1976,Graduation,Married,53359.0,1,1,2013-05-27,4,173,4,30,3,6,41,4,5,1,4,7,0,0,0,0,0,0,0,49,2,257,4454,0,40-49,0,-0.773375972167605,-1.7032974387905049
9422,1989,Graduation,Married,38360.0,1,0,2013-05-31,26,36,2,42,20,21,10,2,2,1,4,3,0,0,0,0,0,0,0,36,1,131,4450,0,30-39,0,-1.0976262899942861,-0.37556246390581904
1966,1965,PhD,Married,84618.0,0,0,2013-11-22,96,684,100,801,21,66,0,1,6,9,10,2,0,0,0,0,1,0,0,60,0,1672,4275,1,50-59,5,2.942854578670474,1.6105205552871231
6864,1989,Master,Divorced,10979.0,0,0,2014-05-22,34,8,4,10,2,2,4,2,3,0,3,5,0,0,0,0,0,0,0,36,0,30,4094,0,30-39,0,-2.0166132437265203,-0.5058110531895208
3033,1963,Master,Together,38620.0,0,0,2013-05-11,56,112,17,44,34,22,89,1,2,5,3,3,0,0,0,0,0,0,0,62,0,318,4470,0,60-69,1,-0.7556063109877206,0.817986659795423
5710,1970,Graduation,Together,40548.0,0,1,2012-10-10,31,110,0,5,2,0,3,2,2,1,4,5,0,0,0,1,0,0,0,55,1,120,4683,1,50-59,0,-1.1402106022120155,-0.27158608566982545
7373,1952,PhD,Divorced,46610.0,0,2,2012-10-29,8,96,12,96,33,22,43,6,4,1,6,6,0,0,0,0,0,1,0,73,2,302,4664,1,70+,1,-0.2557476378296796,-1.193212703480694
8755,1946,Master,Married,68657.0,0,0,2013-02-20,4,482,34,471,119,68,22,1,3,5,9,7,0,0,0,0,0,0,0,79,0,1196,4550,0,70+,5,1.1356670589451818,-1.322727583953217
10738,1951,Master,Single,49389.0,1,1,2013-08-29,55,40,0,19,2,1,3,1,2,0,3,7,0,0,0,0,0,0,0,74,2,65,4360,0,70+,1,-1.2355142198325362,0.4631845189258083
4339,1970,PhD,Married,67353.0,0,1,2013-12-31,37,702,17,151,0,8,35,5,5,6,12,2,0,0,0,0,0,0,0,55,1,913,4236,0,50-59,2,2.060416718774786,-0.2207620147678218
10755,1976,2n Cycle,Married,23718.0,1,0,2013-09-02,76,6,3,14,15,7,36,3,3,1,2,7,0,0,0,0,0,0,0,49,1,81,4356,0,40-49,3,-2.017746042326643,0.7366930402522994
8595,1973,Graduation,Widow,42429.0,0,1,2014-02-11,99,55,0,6,2,0,4,2,1,1,3,5,0,0,0,0,0,0,0,52,1,67,4194,0,50-59,3,-1.4468881332903085,1.9505265105979022
2968,1943,PhD,Divorced,48948.0,0,0,2013-02-01,53,437,8,206,160,49,42,2,7,10,5,6,0,0,1,0,0,1,0,82,0,902,4569,1,70+,4,0.6682806586659665,-0.0300095385809868
8601,1980,Graduation,Married,80011.0,0,1,2013-04-29,3,421,76,536,82,178,102,2,8,6,5,4,0,0,0,0,0,0,0,45,1,1395,4482,0,40-49,2,1.64412890783022,-1.7492704782846507
503,1985,Master,Married,20559.0,1,0,2013-03-12,88,13,1,29,3,0,7,2,2,0,3,8,0,0,0,0,0,0,0,40,1,53,4530,0,30-39,3,-2.348390818019402,0.9858575876186405
8430,1957,Graduation,Together,21994.0,0,1,2012-12-24,4,9,0,6,3,1,3,1,0,0,3,5,0,0,0,0,0,0,0,68,1,22,4608,0,60-69,0,-1.8316330669350684,-0.78440248262595
2139,1975,Master,Married,7500.0,1,0,2013-10-02,19,3,1,10,3,2,12,3,2,0,3,5,0,0,0,0,0,0,0,50,1,31,4326,0,40-49,0,-2.047022765492454,-0.7390755286731113
1371,1976,Graduation,Single,79941.0,0,0,2014-06-28,72,123,164,266,227,30,174,1,2,4,9,1,0,0,0,0,0,0,0,49,0,984,4057,0,40-49,2,1.611241935368619,1.3531531203244287
9909,1996,2n Cycle,Married,7500.0,0,0,2012-11-09,24,3,18,14,15,22,50,3,3,1,3,9,0,0,0,0,0,1,0,29,0,122,4653,1,18-29,0,-2.7080551540044566,-1.3625422095550712
7286,1968,Graduation,Together,41728.0,1,0,2013-05-24,92,13,6,15,3,5,13,1,2,0,2,10,0,0,0,0,0,0,0,57,1,55,4457,0,50-59,3,-2.1933268555094956,1.10725168993516
6566,1954,PhD,Married,72550.0,1,1,2012-11-08,39,826,50,317,50,38,38,9,5,2,12,8,0,0,0,0,0,0,0,71,2,1319,4654,0,70+,4,1.7731253014691062,-0.7150519222394894
8614,1957,Graduation,Widow,65486.0,0,1,2014-05-12,29,245,19,125,37,67,14,1,4,2,10,2,0,0,0,0,0,0,0,68,1,507,4104,0,60-69,5,1.4152817254210734,-0.17984641467521495
4114,1964,Master,Married,79143.0,0,0,2012-08-11,2,650,37,780,27,167,32,1,6,9,13,3,0,0,0,0,0,0,0,61,0,1693,4743,0,60-69,5,3.1286201868761516,-1.501505501272998
1331,1977,Graduation,Single,35790.0,1,0,2013-01-02,54,12,6,20,30,1,3,2,2,0,3,7,0,0,0,0,0,0,0,48,1,72,4599,0,40-49,3,-1.8031537006814753,0.15701579166900728
2225,1977,Graduation,Divorced,82582.0,0,0,2014-06-07,54,510,120,550,156,40,241,1,4,9,7,1,1,0,1,0,0,1,0,48,0,1617,4078,1,40-49,2,2.151677737189822,0.5999040585244784
9381,1978,Graduation,Married,66373.0,1,1,2013-06-12,57,328,9,124,12,24,109,7,4,2,10,3,0,0,0,0,0,0,0,47,2,606,4438,0,40-49,2,1.1125274977399864,0.37359546189731685
6260,1955,Master,Together,82384.0,0,0,2012-11-19,55,984,51,432,180,120,190,1,3,10,13,1,0,0,0,0,1,1,0,70,0,1957,4643,1,60-69,5,3.445310302764004,0.7883048423776972
10383,1966,Graduation,Divorced,70287.0,0,0,2013-04-02,30,295,35,482,121,120,40,1,5,5,10,3,0,0,0,0,0,1,0,59,0,1093,4509,1,50-59,5,1.8689517140697107,-0.46877961861684514
7437,1988,Graduation,Single,27938.0,1,0,2014-04-28,31,13,0,8,2,1,5,1,1,0,4,3,0,0,0,0,0,0,0,37,1,29,4118,0,30-39,0,-1.4989785605963313,-0.1222455180351073
8375,1968,PhD,Married,55954.0,0,1,2014-03-03,63,447,0,28,0,0,43,3,8,2,6,7,0,0,0,0,0,0,0,57,1,518,4174,0,50-59,4,0.29847503300636563,-0.17561869497511598
6853,1982,Master,Single,75777.0,0,0,2013-07-04,12,712,26,538,69,13,80,1,3,6,11,1,0,0,0,1,1,1,0,43,0,1438,4416,1,40-49,2,2.251030461165725,-0.7483202710371232
3076,1975,Graduation,Together,66653.0,1,1,2012-09-07,18,452,18,102,16,18,6,4,4,2,12,3,0,0,0,0,0,0,0,50,2,612,4716,0,40-49,2,1.440828155579878,-0.8570587926754372
1012,1952,Graduation,Single,61823.0,0,1,2013-02-18,26,523,7,134,37,14,169,4,8,2,10,7,0,0,0,0,0,0,0,73,1,884,4552,0,70+,4,1.4862181740269407,-1.270489262916464
6518,1951,PhD,Widow,67680.0,0,1,2013-06-11,8,546,0,48,0,6,6,1,7,3,8,5,0,0,0,0,0,0,0,74,1,606,4439,0,70+,4,1.2529545760998793,-1.404485768422363
4137,1948,Graduation,Together,70666.0,0,0,2013-12-06,29,398,40,367,119,122,30,1,7,4,4,4,0,0,0,0,0,0,0,77,0,1076,4261,0,70+,5,1.318256374170848,-0.519154713330729
8082,1971,Graduation,Married,25721.0,1,0,2013-05-21,75,1,3,6,3,6,15,1,1,1,2,7,0,0,0,0,0,1,0,54,1,34,4460,1,50-59,3,-2.2244597560295722,0.9768012475096823
1386,1967,Graduation,Together,32474.0,1,1,2014-05-11,0,10,0,1,0,0,0,1,1,0,2,7,0,0,0,0,0,0,0,58,2,11,4105,0,50-59,0,-2.087577404743512,-1.2975456177717262
9369,1979,2n Cycle,Single,88194.0,0,1,2014-03-19,19,688,14,309,201,24,38,1,11,10,10,5,1,0,1,0,0,1,0,46,1,1274,4158,1,40-49,4,2.6858304757853158,-1.786461625621044
4477,1958,Graduation,Together,69096.0,0,1,2013-09-27,4,247,49,159,7,82,109,1,5,2,10,4,0,0,0,0,0,0,0,67,1,653,4331,0,60-69,5,1.4125868874708223,-1.3058355321240582
1357,1970,Graduation,Together,74854.0,1,2,2013-04-08,90,856,59,487,58,29,73,7,2,5,5,5,0,0,0,0,0,0,0,55,3,1562,4503,0,50-59,2,0.8821924974142988,1.564386722348807
1402,1954,Master,Married,66991.0,0,0,2012-09-11,1,496,36,460,189,60,12,3,4,8,6,3,0,0,0,0,0,0,0,71,0,1253,4712,0,70+,5,1.364846912780487,-1.0631603672812522
6312,1959,Graduation,Married,65031.0,0,1,2013-03-17,29,258,107,291,84,37,86,4,10,3,13,7,0,0,0,0,0,0,0,66,1,863,4525,0,60-69,4,2.147090705695708,-1.5259759250325873
8132,1975,PhD,Married,60631.0,1,1,2013-04-05,88,565,6,65,0,6,19,5,9,2,8,7,0,0,0,1,0,0,0,50,2,661,4506,1,40-49,4,0.8524514257455876,0.3828716547910247
1050,1952,Graduation,Married,28332.0,0,0,2014-04-30,58,14,10,13,4,15,9,1,2,1,4,2,0,0,0,0,0,0,0,73,0,65,4116,0,70+,1,-0.7280237700795589,1.0614936347925943
5846,1977,Graduation,Divorced,40246.0,1,0,2012-12-19,68,2,1,6,2,1,1,1,1,0,2,6,0,0,0,0,0,0,0,48,1,13,4613,0,40-49,3,-1.8900748400788958,0.8545316229075103
1859,1972,Master,Married,75251.0,0,0,2012-08-27,34,721,111,925,97,18,18,1,7,6,5,5,0,0,0,0,0,1,0,53,0,1890,4727,1,50-59,2,1.7910087203002265,-0.7481888414147005
7503,1976,Graduation,Single,75825.0,0,0,2012-10-12,40,1032,105,779,137,105,51,0,5,8,9,4,0,0,1,0,0,1,0,49,0,2209,4681,1,40-49,2,2.4949044088781327,-0.37087589403176874
10401,1976,2n Cycle,Together,26326.0,0,0,2013-09-04,12,1,0,5,0,3,9,1,0,0,3,3,0,0,0,0,0,0,1,49,0,18,4354,0,40-49,0,-1.6756146728217627,-0.4694417491477796
1618,1965,Graduation,Together,56046.0,0,0,2013-01-02,9,577,0,64,0,0,51,2,10,1,8,8,0,0,1,0,0,1,0,60,0,692,4599,1,50-59,4,0.8726356703621293,-2.213545672112699
3332,1985,Graduation,Single,29760.0,1,0,2012-08-29,87,64,4,68,7,5,17,4,3,1,4,8,0,0,0,0,0,0,0,40,1,165,4725,0,30-39,3,-1.8025509029225308,0.8386382350191111
2261,1969,Graduation,Married,26304.0,1,0,2013-06-23,5,4,1,5,2,0,4,1,1,0,2,7,0,0,0,0,0,0,0,56,1,16,4427,0,50-59,0,-2.2225630612293226,-1.1753595213075647
5346,1973,2n Cycle,Married,23559.0,1,0,2013-07-03,87,25,5,19,7,0,23,3,3,0,3,7,0,0,0,0,0,0,0,52,1,79,4417,0,50-59,3,-1.8371457926526373,1.081670537741394
4119,1963,Master,Together,38620.0,0,0,2013-05-11,56,112,17,44,34,22,89,1,2,5,3,3,0,0,0,0,0,0,0,62,0,318,4470,0,60-69,1,-0.7556063109877206,0.817986659795423
535,1987,Graduation,Divorced,81361.0,0,0,2014-02-25,18,163,23,424,27,65,76,1,3,10,13,1,0,0,0,0,0,0,0,38,0,778,4180,0,30-39,2,2.0317607642473803,-0.6221923289240312
5268,1960,Graduation,Married,29440.0,1,1,2013-08-11,95,17,8,14,10,4,3,2,1,0,4,7,0,0,0,0,0,0,0,65,2,56,4378,0,60-69,3,-1.704864416671093,1.6598923400649481
273,1970,Master,Married,36138.0,1,1,2013-07-16,48,130,0,16,0,0,5,5,3,1,4,7,0,0,0,1,0,0,0,55,2,151,4404,1,50-59,0,-1.3675643944954845,-0.09884750731941892
4452,1957,Graduation,Single,50388.0,0,1,2014-05-28,3,292,6,37,0,3,34,4,6,1,6,7,1,0,0,1,0,1,0,68,1,372,4088,1,60-69,4,-0.07630726595299593,-1.7245465419141
8504,1973,Graduation,Married,79593.0,0,0,2014-05-12,70,350,60,568,110,133,145,1,5,6,7,2,0,0,0,0,1,0,0,52,0,1366,4104,1,50-59,2,1.9157553556095293,0.9094284543152682
771,1967,Graduation,Together,54178.0,0,1,2014-01-21,79,135,9,39,4,0,7,1,2,2,5,2,0,0,0,0,0,0,0,58,1,194,4215,0,50-59,1,-0.1648022775069477,1.6029693820983533
11178,1972,Master,Single,42394.0,1,0,2014-03-23,69,15,2,10,0,1,4,1,1,0,3,7,0,0,0,0,0,0,0,53,1,32,4154,0,50-59,3,-1.7804309522887918,0.7950107247095967
2230,1970,PhD,Married,23626.0,1,0,2014-05-24,84,27,2,14,0,0,0,3,3,1,3,5,0,0,0,0,0,0,0,55,1,43,4092,0,50-59,3,-1.5226604959373746,1.2528568010973453
7516,1983,Graduation,Married,30096.0,1,0,2014-05-22,30,5,3,11,12,5,9,1,2,0,3,6,0,0,0,0,0,0,0,42,1,45,4094,0,40-49,0,-1.858711177138679,-0.5389195392431502
7247,1960,Graduation,Widow,47916.0,0,1,2012-11-22,72,505,0,26,0,0,75,5,7,4,6,6,0,0,0,1,0,0,0,65,1,606,4640,1,60-69,4,0.34253086660388543,0.38382733544438374
11100,1972,Graduation,Divorced,51813.0,1,1,2013-04-11,37,51,2,7,0,1,2,2,2,0,3,7,0,0,0,0,0,0,0,53,2,63,4500,0,50-59,0,-1.4526642896220185,-0.28688808910443736
4646,1951,2n Cycle,Married,78497.0,0,0,2013-12-01,44,207,26,447,75,0,223,1,5,7,12,2,1,0,0,0,0,0,0,74,0,978,4266,1,70+,5,2.558678907973563,0.1979285843249958
3037,1983,PhD,Married,50150.0,0,0,2013-06-20,32,135,46,92,65,61,11,2,5,2,7,5,0,0,0,0,0,0,0,42,0,410,4430,0,40-49,0,-0.03782997983166147,-0.7505274930586092
1473,1960,2n Cycle,Single,47823.0,0,1,2013-07-23,0,53,1,5,2,1,10,2,2,0,3,8,0,0,0,0,0,0,0,65,1,72,4397,0,60-69,0,-1.5372059703837992,-1.449680102037518
1016,1959,PhD,Single,34554.0,0,1,2014-03-30,43,41,1,6,2,0,5,2,2,0,3,6,0,0,0,0,0,0,0,66,1,55,4147,0,60-69,1,-1.4700109732865199,0.09952506784138945
4518,1979,Graduation,Together,85693.0,0,1,2013-04-20,59,386,172,183,185,132,111,2,9,5,11,5,0,0,0,0,0,0,0,46,1,1169,4491,0,40-49,4,2.4409369385514545,-0.35317397115653043
9370,1945,PhD,Married,65846.0,0,0,2013-05-17,68,562,81,276,80,40,81,1,6,3,6,4,0,0,0,0,0,0,0,80,0,1120,4464,0,70+,5,1.4702616231967323,0.7674693366644874
8908,1959,Graduation,Married,87195.0,0,0,2014-05-08,35,217,76,690,50,26,38,1,3,11,5,1,0,0,0,0,0,1,0,66,0,1097,4108,1,60-69,5,1.590521220603356,0.36497012619905916
8373,1979,Basic,Together,24594.0,1,0,2013-12-10,94,1,3,6,10,0,9,1,1,0,3,5,0,0,0,0,0,0,0,46,1,29,4257,0,40-49,3,-1.8890591670290144,1.6996259919819914
7533,1964,Graduation,Married,49096.0,1,1,2013-09-24,15,144,1,32,2,1,7,4,4,1,4,7,0,0,0,0,0,0,0,61,2,187,4334,0,60-69,0,-0.8960080269243396,-1.147607956050101
2683,1969,Graduation,Married,52413.0,0,2,2013-02-02,56,295,106,271,75,98,65,4,6,4,12,6,0,0,0,0,0,0,0,56,2,910,4568,0,50-59,4,1.3112633007102736,-0.23423152046414356
3629,1978,Graduation,Single,38557.0,1,0,2012-12-19,17,76,3,31,4,4,27,2,3,1,3,7,0,0,0,0,0,0,0,47,1,145,4613,0,40-49,0,-1.5786569739539156,-1.106098557687404
10991,1960,Master,Married,89058.0,0,0,2012-12-07,18,454,194,106,31,22,43,1,5,4,4,2,0,0,0,0,0,0,0,65,0,850,4625,0,60-69,5,1.3665935727411396,-0.47052662334811174
5077,1979,Graduation,Together,77298.0,0,1,2013-11-02,46,425,115,292,23,35,79,1,6,6,11,3,0,0,0,0,0,0,0,46,1,969,4295,0,40-49,2,2.020368153630621,-0.20712219343658334
7431,1991,PhD,Single,68126.0,0,0,2012-11-10,40,1332,17,311,23,51,86,1,7,4,5,9,0,0,0,1,0,1,0,34,0,1820,4652,1,30-39,4,0.7520803727474581,-1.2235702811801252
3267,1963,Master,Together,57288.0,0,1,2014-06-25,27,527,0,21,0,0,60,3,8,1,8,6,0,0,0,1,0,0,0,62,1,608,4060,1,60-69,4,0.8964934355377662,-1.1774757079822924
999,1991,Graduation,Single,86037.0,0,0,2013-01-02,95,490,44,125,29,20,22,1,6,7,11,3,0,0,0,1,1,1,0,34,0,730,4599,1,30-39,2,1.8496329406388818,1.2295051185590067
9215,1980,PhD,Married,43974.0,1,0,2012-12-12,19,378,0,101,0,0,72,5,6,4,6,7,0,0,0,0,0,0,0,45,1,551,4620,0,40-49,0,-0.3226775221625908,-1.4643776237997161
2286,1962,Graduation,Single,50785.0,1,1,2013-09-10,27,64,1,21,0,1,27,2,2,1,3,6,0,0,0,0,0,0,0,63,2,114,4348,0,60-69,1,-1.1556805773208982,-0.39022083198603635
1592,1970,Graduation,Married,90765.0,0,0,2014-01-24,25,547,99,812,151,82,33,0,4,6,5,1,1,0,0,0,1,0,0,55,0,1724,4212,1,50-59,2,2.1821692109193975,-0.17099446211140137
367,1978,2n Cycle,Married,36550.0,1,0,2013-02-19,74,47,90,94,123,103,120,5,9,1,5,9,0,0,0,0,0,0,0,47,1,577,4551,0,40-49,4,-0.4568217070693018,-0.2937976669200353
5234,1967,2n Cycle,Together,30753.0,1,1,2013-07-11,85,12,5,25,0,9,30,2,1,1,3,5,0,0,0,0,0,0,0,58,2,81,4409,0,50-59,3,-1.585194184836984,1.5450762538222411
9862,1969,Graduation,Together,21918.0,1,0,2013-11-14,37,1,6,7,11,5,3,2,2,0,3,6,0,0,0,0,0,0,0,56,1,33,4283,0,50-59,0,-1.849962617832628,-0.20860446067809404
9805,1953,Master,Together,56129.0,0,1,2013-06-20,65,320,48,133,39,72,48,4,6,2,10,4,0,0,0,0,0,0,0,72,1,660,4430,0,70+,5,1.3842795666502887,0.4956628658669371
6205,1967,Master,Single,32557.0,1,0,2014-02-24,13,34,3,29,0,4,10,3,2,1,3,5,0,0,0,0,0,1,0,58,1,80,4181,1,50-59,0,-1.4381525853140757,-0.7947532227668429
8442,1985,Master,Married,19510.0,2,0,2013-09-04,63,9,0,7,3,4,7,2,1,0,3,7,0,0,0,0,0,0,0,40,2,30,4354,0,30-39,3,-2.372969032906463,0.43465659084382746
7386,1976,Graduation,Divorced,30992.0,1,0,2013-04-22,83,17,0,14,7,3,2,1,1,0,3,7,0,0,0,0,0,0,0,49,1,43,4489,0,40-49,3,-2.0308635094990244,1.1656545545636714
7215,1983,Graduation,Single,101970.0,0,0,2013-03-12,69,722,27,102,44,72,168,0,6,8,13,2,1,0,0,1,1,1,0,42,0,1135,4530,1,40-49,2,3.0271474401314697,0.5887244770344635
1491,1965,2n Cycle,Together,71488.0,0,0,2013-02-18,87,162,33,124,40,28,172,2,3,4,7,1,0,0,0,0,0,0,0,60,0,559,4552,0,50-59,5,1.0733248733498493,1.8567936032681258
11071,1984,Graduation,Single,79607.0,0,0,2013-04-21,37,450,133,951,173,0,216,1,3,6,6,1,0,0,0,0,0,1,0,41,0,1923,4490,1,40-49,2,1.985221158743623,0.1226162820376144
3381,1953,Master,Married,54348.0,1,1,2014-06-08,51,70,0,16,0,0,4,2,2,0,4,6,0,0,0,0,0,0,0,72,2,90,4077,0,70+,1,-0.8469473360089967,0.4238125734908954
11051,1956,PhD,Together,77376.0,1,1,2014-05-10,72,492,19,110,16,12,12,4,6,3,10,4,0,0,0,0,0,0,0,69,2,661,4106,0,60-69,5,1.7501096101771207,0.7333041123622495
8026,1952,Graduation,Married,62998.0,0,1,2013-09-30,10,120,58,73,65,89,58,5,5,4,5,5,0,0,0,0,0,0,0,73,1,463,4328,0,70+,1,0.3297308412068475,-1.0665583896510777
433,1958,Master,Alone,61331.0,1,1,2013-03-10,42,534,5,47,0,5,41,5,11,1,6,8,0,0,0,0,0,0,0,67,2,632,4532,0,60-69,4,0.856805648747364,-1.1698298778819352
9597,1969,Graduation,Married,73448.0,0,0,2014-02-10,10,236,106,189,23,41,130,1,7,2,9,4,0,0,0,0,0,0,0,56,0,725,4195,0,50-59,4,1.5422358902707693,-1.409039375793793
5290,1964,PhD,Married,41551.0,1,1,2013-08-14,51,220,0,33,3,0,23,5,5,1,5,8,0,0,0,0,0,0,0,61,2,279,4375,0,60-69,1,-0.8263067803794818,-0.3012634780532074
1685,1967,PhD,Together,62981.0,0,0,2013-03-17,21,796,14,590,38,44,0,1,4,5,13,3,0,0,0,1,0,0,0,58,0,1482,4525,1,50-59,5,2.3494252151066295,-0.7514608343131504
5342,1976,Basic,Divorced,9548.0,1,0,2012-08-08,31,0,1,3,10,6,9,2,1,0,3,8,0,0,0,0,0,0,0,49,1,29,4746,0,40-49,0,-2.6136246033676365,-0.6143605675898869
9579,1959,PhD,Married,33762.0,2,1,2013-07-07,61,53,1,34,2,0,16,3,2,2,2,8,0,0,0,0,0,0,0,66,3,106,4413,0,60-69,1,-1.890720805248992,0.44422952886750655
7660,1973,PhD,Alone,35860.0,1,1,2014-05-19,37,15,0,8,4,2,20,2,1,1,2,5,0,0,1,0,0,1,0,52,2,49,4097,1,50-59,0,-1.7476614489902775,0.035916244655473245
1461,1965,PhD,Divorced,36921.0,1,1,2013-07-28,74,17,1,12,3,1,4,2,2,0,3,7,0,0,0,0,0,0,0,60,2,38,4392,0,50-59,3,-1.6588109005045983,0.8941213951862346
821,1992,Master,Single,92859.0,0,0,2012-10-19,46,962,61,921,52,61,20,1,5,4,12,2,0,0,0,0,0,0,0,33,0,2077,4674,0,30-39,2,3.255439582201289,-0.12940047517258774
11084,1976,Master,Together,65104.0,0,1,2013-11-14,4,738,0,232,13,20,50,2,3,5,7,7,0,0,0,0,0,1,0,49,1,1053,4283,1,40-49,0,0.2904683707259912,-1.5586529323941762
8690,1962,Graduation,Married,86111.0,0,0,2013-04-19,73,399,28,756,36,40,126,1,5,7,10,2,0,0,0,0,0,0,0,63,0,1385,4492,0,60-69,5,2.6268161544522175,1.0470060392546319
2937,1974,PhD,Single,68352.0,0,1,2013-08-28,47,614,16,132,43,33,33,3,8,5,9,6,0,0,0,0,0,0,0,51,1,871,4361,0,50-59,4,1.3431199581925746,-0.6678849262575984
9701,1988,Graduation,Together,41883.0,1,0,2013-03-19,13,32,34,41,73,16,116,3,4,2,3,7,0,0,0,0,0,0,0,37,1,312,4523,0,30-39,0,-1.365631262251399,-1.4312133439807375
9949,1976,Graduation,Married,59809.0,0,2,2012-10-18,36,598,16,141,32,41,49,3,3,3,6,8,0,0,0,0,0,0,0,49,2,877,4675,0,40-49,0,-0.24881333451891627,-0.6644770949500254
10837,1975,Graduation,Married,23957.0,1,0,2012-10-28,47,2,1,18,20,11,16,1,2,0,3,6,0,0,0,0,0,1,0,50,1,68,4665,1,40-49,0,-1.8527207573592523,0.04899207082419327
3120,1981,Graduation,Together,38547.0,1,0,2013-08-28,49,6,1,10,0,1,4,1,1,0,2,8,0,0,0,0,0,0,1,44,1,22,4361,0,40-49,3,-2.2759936663054963,-0.01173419094743445
5885,1973,2n Cycle,Married,35688.0,2,1,2012-08-22,94,73,3,90,12,1,32,7,4,1,4,8,0,0,0,0,0,0,0,52,3,211,4732,0,50-59,3,-1.3711271718896711,1.071386095909828
4050,1966,Master,Married,49605.0,0,0,2014-06-21,65,42,16,29,12,20,8,1,2,1,4,3,0,0,0,0,0,0,0,59,0,127,4064,0,50-59,1,-0.5984318819160451,1.0765488691730165
3830,1953,Master,Married,59354.0,0,2,2014-04-24,59,295,21,78,39,13,13,1,4,4,7,3,0,0,0,0,0,0,0,72,2,459,4122,0,70+,5,0.7249176622564004,0.7320819175206805
7987,1969,Graduation,Married,65747.0,0,1,2014-03-07,96,346,17,48,23,13,13,4,8,1,6,6,0,0,0,1,0,0,0,56,1,460,4170,1,50-59,4,0.5841342380977438,0.9811026323128833
7798,1972,2n Cycle,Together,46344.0,0,1,2012-12-14,28,233,20,57,8,20,91,4,7,1,5,7,0,0,0,0,0,0,0,53,1,429,4618,0,50-59,4,-0.2939197230845068,-1.1851089214714994
92,1988,Graduation,Alone,34176.0,1,0,2014-05-12,12,5,7,24,19,14,20,4,3,0,4,6,0,0,0,0,0,0,0,37,1,89,4104,0,30-39,0,-1.532041833624477,-1.270087431896427
7055,1952,PhD,Together,61010.0,0,1,2012-10-09,57,888,0,57,0,0,76,2,8,5,11,5,0,0,0,0,0,0,0,73,1,1021,4684,0,70+,4,2.0480438201438025,-0.10430352335529432
10240,1949,Graduation,Together,69372.0,0,0,2013-02-19,10,997,26,269,34,13,42,1,10,4,6,4,0,0,0,1,1,1,0,76,0,1381,4551,1,70+,4,2.2237507352703534,-1.5074637210882158
3025,1958,Graduation,Single,49967.0,0,1,2013-07-08,4,212,6,69,4,12,3,3,6,1,5,7,0,0,0,0,0,0,0,67,1,306,4412,0,60-69,4,-0.2975938389843979,-1.6772679268586184
9283,1978,Graduation,Single,60199.0,1,2,2013-09-12,49,8,1,7,2,0,0,1,0,0,3,4,0,0,0,0,0,0,0,47,3,18,4346,0,40-49,0,-1.206871229171694,0.6202817976634367
9970,1977,Graduation,Together,55375.0,0,1,2013-10-17,3,42,11,57,10,28,14,1,1,1,6,2,0,0,0,0,0,0,0,48,1,162,4311,0,40-49,0,-0.2982199936771891,-0.7613685313317075
2730,1955,Graduation,Single,80317.0,0,0,2013-08-20,64,536,11,387,149,91,57,1,3,4,10,1,0,0,0,0,0,0,0,70,0,1231,4369,0,60-69,5,2.359378852614003,1.1608009606973255
2795,1958,Master,Single,30523.0,2,1,2013-07-01,0,5,0,3,0,0,5,1,1,0,2,7,0,0,0,0,0,0,0,67,3,13,4419,0,60-69,0,-2.0127304926474583,-1.2176669697794238
9260,1945,PhD,Married,70356.0,0,0,2012-11-05,20,1349,16,249,43,16,33,2,10,6,9,6,0,0,0,0,0,0,0,80,0,1706,4657,0,70+,4,2.6973023919663373,-1.4761705005677597
8182,1984,Graduation,Married,23228.0,1,0,2014-01-05,91,53,3,49,7,4,5,4,3,0,4,8,0,0,0,0,0,0,0,41,1,121,4231,0,40-49,3,-1.949296095794255,0.9587722284495256
10095,1975,PhD,Divorced,74165.0,0,0,2013-05-01,9,1001,12,240,16,12,12,1,5,4,10,2,0,0,0,0,0,0,0,50,0,1293,4480,0,40-49,2,2.149035578920644,-1.0856548840383857
8475,1973,PhD,Married,157243.0,0,1,2014-03-01,98,20,2,1582,1,2,1,15,0,22,0,0,0,0,0,0,0,0,0,52,1,1608,4176,0,50-59,2,2.211558490434966,2.8977605892844616
4370,1966,Graduation,Together,43482.0,2,1,2013-11-13,83,18,1,32,6,3,28,3,2,0,4,6,0,0,0,0,0,0,0,59,3,88,4284,0,50-59,3,-1.203415669646463,1.2704606225183026
10573,1953,Graduation,Divorced,62551.0,0,0,2013-11-18,27,125,16,98,134,21,27,1,6,7,4,3,0,0,1,0,0,0,0,72,0,421,4279,1,70+,1,0.5728884170688024,-0.39775678270663667
3712,1959,Graduation,Divorced,52332.0,0,0,2013-08-28,63,212,5,33,7,0,2,1,3,2,6,4,0,0,0,1,0,0,0,66,0,259,4361,1,60-69,1,-0.08044236066864659,0.8067579582366168
6637,1988,Graduation,Single,66951.0,0,0,2013-11-02,46,277,162,305,173,76,124,1,3,4,7,1,0,0,0,0,0,0,0,37,0,1117,4295,0,30-39,2,1.166880196625885,0.33891135004031997
3152,1957,Graduation,Together,26091.0,1,1,2014-02-25,84,15,10,19,8,17,20,3,2,1,3,5,0,0,0,0,0,0,0,68,2,89,4180,0,60-69,1,-1.4115746594100018,1.4878590822894733
5610,1965,Graduation,Together,33456.0,1,1,2014-04-21,58,7,3,10,8,1,7,2,1,0,3,7,0,0,0,0,0,0,0,60,2,36,4125,0,50-59,3,-1.8626573117597824,0.4986574745577115
6460,1982,Graduation,Married,28718.0,1,0,2013-07-13,78,12,4,6,11,8,16,2,2,0,3,8,0,0,0,0,0,0,0,43,1,57,4407,0,40-49,3,-2.157493271568267,0.7220784914030638
1349,1970,Graduation,Married,50447.0,2,0,2014-04-21,4,85,7,24,2,3,27,1,3,1,3,6,0,0,0,0,0,0,0,55,2,148,4125,0,50-59,0,-1.1042783851401496,-1.2901616406247287
1880,1959,PhD,Together,53537.0,1,1,2014-01-30,17,81,0,6,0,0,6,2,2,1,3,5,0,0,0,0,0,0,0,66,2,93,4206,0,60-69,1,-0.9337284308921973,-0.5480972025271719
641,1967,Graduation,Single,52074.0,0,1,2014-04-04,77,59,0,12,0,0,48,1,2,2,2,4,0,0,1,0,0,0,0,58,1,119,4142,1,50-59,1,-1.0132103076185834,1.3768072863409897
8717,1975,PhD,Married,80427.0,0,1,2012-09-12,56,1149,71,449,69,71,26,1,11,8,8,5,0,0,0,0,0,0,0,50,1,1835,4711,0,40-49,4,2.779603966001496,-0.5887957491949116
10314,1948,PhD,Married,83837.0,0,0,2012-12-16,79,847,66,119,86,89,111,1,9,10,5,4,1,0,0,1,0,1,0,77,0,1318,4616,1,70+,5,2.1945133945598085,0.812284295839171
10854,1970,PhD,Married,38853.0,1,1,2014-05-23,90,29,0,14,0,0,2,2,2,0,3,7,0,0,0,0,0,0,0,55,2,45,4093,0,50-59,3,-1.6734105367716916,1.3480580439416123
10492,1959,Graduation,Together,38285.0,2,1,2014-06-24,96,2,0,5,2,0,1,1,0,0,3,2,0,0,0,0,0,0,0,66,3,10,4061,0,60-69,1,-1.0739639083677135,2.4424045578634273
6935,1951,2n Cycle,Married,78497.0,0,0,2013-12-01,44,207,26,447,75,0,223,1,5,7,12,2,1,0,0,0,0,0,0,74,0,978,4266,1,70+,5,2.558678907973563,0.1979285843249958
7698,1976,PhD,Married,51650.0,0,1,2014-05-11,81,152,3,22,2,5,7,1,4,1,4,5,0,0,0,0,0,0,0,49,1,191,4105,0,40-49,3,-0.6660708732314712,1.0290391452681982
3559,1988,2n Cycle,Married,16248.0,1,0,2014-05-10,77,12,11,10,3,12,9,3,2,1,3,6,0,0,0,0,0,0,0,37,1,57,4106,0,30-39,3,-2.157898443764208,0.8410768985673086
10562,1946,Master,Married,66835.0,0,0,2013-09-28,21,620,26,195,34,17,141,1,6,4,13,2,0,0,0,0,0,0,0,79,0,1033,4330,0,70+,5,2.7191938778254503,-0.6309915486927337
10796,1984,Master,Married,30477.0,1,0,2014-01-22,16,47,1,6,0,0,12,1,1,1,3,6,0,0,0,0,0,0,0,41,1,66,4214,0,40-49,0,-1.9824862000369878,-0.8736854596083411
2563,1961,Basic,Married,28249.0,0,0,2014-06-15,80,1,9,7,2,14,10,1,2,0,3,6,0,0,0,0,0,0,0,64,0,43,4070,0,60-69,1,-1.6134969716756749,1.2152963287557759
3518,1983,Graduation,Married,25271.0,1,0,2012-12-05,45,10,1,18,10,4,7,1,1,1,2,9,0,0,0,0,0,0,0,42,1,50,4627,0,40-49,0,-2.681516619349471,-0.3033274972218213
5823,1970,PhD,Single,32303.0,0,1,2014-03-08,63,35,0,2,0,0,2,2,1,0,4,5,0,0,0,0,0,0,0,55,1,39,4169,0,50-59,3,-1.4880406538584363,0.8147094481930228
3934,1966,Graduation,Married,61286.0,0,1,2013-08-02,34,356,0,107,19,9,117,2,7,1,8,5,0,0,0,0,0,0,0,59,1,608,4387,0,50-59,4,0.9580173425475326,-0.7527638061904696
6982,1976,Graduation,Married,74068.0,0,0,2013-03-19,14,783,30,537,140,76,15,1,4,10,9,2,0,0,0,0,0,0,0,49,0,1581,4523,0,40-49,2,2.1005582986875257,-0.816583012643611
6431,1964,PhD,Married,45759.0,1,1,2013-02-23,13,42,1,18,3,0,4,2,2,0,3,7,0,0,0,0,0,0,0,61,2,68,4547,0,60-69,0,-1.470976090145866,-0.9708434176334424
9733,1978,Basic,Together,24882.0,1,0,2012-09-09,52,1,4,10,29,0,36,1,1,1,2,6,0,0,1,0,0,0,0,47,1,80,4714,1,40-49,3,-2.139069204670826,0.3111117233789362
5602,1989,PhD,Together,66973.0,0,0,2013-05-17,98,466,22,432,147,113,102,1,8,7,12,3,0,0,0,0,0,0,0,36,0,1282,4464,0,30-39,2,2.3928318232794092,1.0365221228798955
7829,1900,2n Cycle,Divorced,36640.0,1,0,2013-09-26,99,15,6,8,7,4,25,1,2,1,2,5,0,0,0,0,0,0,1,125,1,65,4332,0,,1,-0.6793270437029402,2.5372526120221424
1324,1988,Graduation,Married,38872.0,1,0,2013-05-30,93,23,3,21,3,19,22,2,3,0,3,8,0,0,0,0,0,0,0,37,1,91,4451,0,30-39,3,-1.874318585651052,1.0444110341603021
326,1973,Graduation,Married,51148.0,1,1,2013-02-18,38,235,6,45,8,9,12,4,5,1,6,6,0,0,0,0,0,0,0,52,2,315,4552,0,50-59,0,-0.27513976335229895,-0.5580426351288116
7224,1977,Graduation,Married,31353.0,1,1,2013-12-29,24,10,0,10,3,1,7,2,1,1,2,8,0,0,0,0,0,0,0,48,2,31,4238,0,40-49,0,-2.361476124788084,-0.7669836087966043
6999,1980,Master,Married,69661.0,0,0,2014-05-13,80,656,16,106,32,16,8,1,7,3,12,3,0,0,0,0,0,0,0,45,0,834,4103,0,40-49,2,2.0381002311073293,0.6927341801511896
9938,1954,Graduation,Married,80067.0,0,0,2013-09-19,82,519,17,813,27,173,51,1,4,6,6,2,0,0,0,0,1,0,0,71,0,1600,4339,1,70+,5,2.0784842895200004,1.5865057932312305
6422,1954,Graduation,Married,86718.0,0,0,2013-01-17,20,344,189,482,50,33,172,1,5,6,5,2,0,0,0,0,0,0,0,71,0,1270,4584,0,70+,5,1.896197857392745,-0.3962436599563071
3182,1973,PhD,Single,46854.0,1,1,2014-03-31,81,96,1,79,7,1,79,6,5,1,3,8,0,0,1,0,0,1,0,52,2,263,4146,1,50-59,3,-1.1335910180339563,0.606847086973197
7300,1952,Graduation,Divorced,69142.0,0,1,2014-06-29,50,448,4,34,6,4,39,3,8,1,7,5,0,0,0,1,0,0,0,73,1,535,4056,1,70+,4,1.2063869059900978,-0.18909239960883026
10424,1968,Graduation,Single,75922.0,0,0,2013-12-09,60,265,138,553,224,23,92,1,4,4,9,1,0,0,0,0,0,0,0,57,0,1295,4258,0,50-59,2,2.157892142164366,0.8177656499059353
8727,1978,Graduation,Divorced,63693.0,0,1,2013-10-14,63,587,43,337,42,87,54,3,11,6,9,6,0,0,0,0,0,0,0,47,1,1150,4314,0,40-49,4,1.8443592149487096,-0.556062652084152
2798,1977,PhD,Together,102160.0,0,0,2012-11-02,54,763,29,138,76,176,58,0,7,9,10,4,1,0,0,1,1,1,0,48,0,1240,4660,1,40-49,2,2.5762776009433055,-0.09467418178786191
1030,1965,PhD,Single,40637.0,1,1,2013-07-17,72,22,0,13,0,0,3,2,1,0,3,7,0,0,0,0,0,0,0,60,2,38,4403,0,50-59,3,-1.7221923086368092,0.949561805991636
624,1984,Master,Single,18890.0,0,0,2012-11-10,5,6,4,1,7,2,15,1,0,1,2,6,0,0,1,0,0,1,0,41,0,35,4652,1,40-49,0,-2.5080719704307537,-1.1071857289650862
5176,1988,Graduation,Together,29604.0,1,0,2013-12-08,88,7,6,13,7,6,14,1,1,0,3,9,0,0,1,0,0,0,0,37,1,53,4259,1,30-39,3,-2.5014712453800634,0.9700225099476065
5552,1963,Master,Divorced,48721.0,1,1,2013-05-13,50,81,18,113,47,13,21,6,4,2,5,6,0,0,0,0,0,0,0,62,2,293,4468,0,60-69,1,-0.49268984345901723,0.036790321391603306
868,1966,Graduation,Married,44794.0,0,1,2014-06-08,99,54,0,7,0,0,4,1,2,0,3,6,0,0,0,0,0,0,0,59,1,65,4077,0,50-59,3,-1.3397106604847004,1.7952138636103412
380,1954,Graduation,Divorced,64497.0,0,1,2012-09-10,17,1170,48,320,42,32,192,5,11,4,9,8,0,0,1,0,0,1,0,71,1,1804,4713,1,70+,4,2.3840669068377456,-2.0142617415429522
2677,1956,Graduation,Together,46097.0,0,1,2013-03-31,11,72,24,68,65,4,8,5,3,1,6,4,0,0,0,0,0,0,0,69,1,241,4511,0,60-69,1,-0.18991473724922087,-0.7928584777048895
6521,1954,Graduation,Together,77972.0,0,0,2014-03-18,18,613,22,319,33,102,12,1,4,6,9,1,0,0,0,0,0,0,0,71,0,1101,4159,0,70+,5,2.1928318249480445,-0.34332239340234516
6927,1968,PhD,Married,44377.0,1,1,2012-10-05,70,224,0,30,0,0,10,8,5,1,5,8,0,0,0,0,0,0,0,57,2,264,4688,0,50-59,3,-0.8296397929593647,0.2579706434911668
2877,1974,Master,Together,46014.0,1,1,2013-01-21,21,410,0,59,19,9,44,10,7,1,8,7,0,0,0,0,0,0,0,51,2,541,4580,0,50-59,4,0.20537747320795566,-1.4986862999862924
0,1985,Graduation,Married,70951.0,0,0,2013-05-04,66,239,10,554,254,87,54,1,3,4,9,1,0,0,0,0,0,0,0,40,0,1198,4477,0,30-39,2,1.6438408903098338,0.9455949990343094
1584,1977,Graduation,Married,41443.0,1,0,2014-04-01,79,171,7,171,25,19,89,6,8,1,5,8,0,0,0,0,0,0,0,48,1,482,4145,0,40-49,4,-0.4102405634326032,0.1116483164467509
7264,1978,2n Cycle,Single,52195.0,2,1,2014-05-12,2,12,0,4,0,0,1,1,1,0,2,8,0,0,0,0,0,0,0,47,3,17,4104,0,40-49,0,-1.999083763217173,-1.4111837644528835
6274,1948,Master,Married,83790.0,0,0,2013-11-15,81,1076,16,417,42,48,16,1,8,10,6,3,0,0,0,1,1,0,0,77,0,1615,4282,1,70+,5,2.6114091627751908,1.0661847424977084
1377,1954,Master,Widow,44551.0,0,1,2013-08-31,24,182,4,33,0,0,66,2,4,1,5,7,0,0,0,0,0,0,0,71,1,285,4358,0,70+,1,-0.6286960700968236,-0.8125134031408398
454,1980,Graduation,Together,69508.0,1,0,2012-11-14,48,824,32,162,42,32,43,2,11,4,11,6,0,0,0,0,0,0,0,45,1,1135,4648,0,40-49,4,2.2043407421276657,-1.0752635689479966
1755,1988,2n Cycle,Together,45204.0,1,0,2014-04-11,93,30,11,25,29,1,18,1,1,1,4,3,0,0,0,0,0,0,0,37,1,114,4135,0,30-39,3,-1.0862243385829913,1.8388080465974184
2075,1969,Graduation,Married,72460.0,0,0,2013-11-14,56,377,10,540,80,30,10,1,3,5,7,1,0,0,0,0,0,0,0,56,0,1047,4283,0,50-59,2,1.446086823697894,0.8424877854833983
4785,1970,PhD,Together,77622.0,0,2,2014-04-14,3,520,7,154,19,0,14,2,6,3,11,3,0,0,0,0,0,0,0,55,2,714,4132,0,50-59,2,1.9101042382606181,-1.4479904693935093
9076,1980,PhD,Married,30732.0,1,0,2013-01-05,44,155,1,25,0,1,3,4,4,1,4,8,0,0,0,0,0,0,0,45,1,185,4596,0,40-49,0,-1.58483362790212,-0.5567340270035702
7079,1962,Graduation,Divorced,63887.0,0,1,2012-09-08,38,897,23,207,15,11,92,5,9,6,12,6,0,0,0,0,0,0,0,63,1,1245,4715,0,60-69,4,2.2886601534993063,-1.0397195870126588
4653,1978,Graduation,Together,42011.0,1,0,2013-03-26,46,131,0,16,2,1,39,4,3,1,4,8,0,0,0,0,0,0,0,47,1,189,4516,0,40-49,0,-1.4770768366784215,-0.3412387369830169
7375,1976,Graduation,Together,51369.0,0,1,2012-10-25,84,297,7,79,0,11,182,2,8,2,4,8,0,0,0,0,0,0,0,49,1,576,4668,0,40-49,4,-0.2764880193655132,0.31998723448777056
709,1952,Graduation,Divorced,51537.0,0,1,2012-12-09,27,787,20,204,0,0,92,3,2,2,11,8,0,0,0,0,0,0,0,73,1,1103,4623,0,70+,5,0.6728140508097953,-0.7579445073794613
460,1972,PhD,Married,79930.0,0,0,2012-08-08,72,792,86,740,67,51,17,1,3,5,8,2,0,0,0,0,0,0,0,53,0,1753,4746,0,50-59,2,2.1413140493483214,1.162138461496299
3726,1986,PhD,Together,34320.0,1,0,2014-02-16,66,4,1,9,3,0,0,1,1,0,2,8,0,0,0,0,0,0,0,39,1,17,4189,0,30-39,3,-2.4163348870072134,0.45958940003576454
6798,1966,Graduation,Single,37070.0,1,1,2013-03-20,30,231,7,137,4,15,39,9,5,1,8,7,0,0,0,0,0,1,0,59,2,433,4522,1,50-59,4,-0.21949984644594558,-0.9429417883237108
5341,1962,2n Cycle,Divorced,81975.0,0,1,2013-01-05,2,983,76,184,180,138,27,1,6,3,4,7,0,0,0,0,1,0,0,63,1,1588,4596,1,60-69,4,1.1903368433311838,-1.723437950664651
1606,1971,Graduation,Together,38590.0,1,0,2013-05-15,65,3,1,8,4,3,3,1,1,0,2,8,0,0,0,0,0,0,0,54,1,22,4466,0,50-59,3,-2.1489204446940504,0.5788001068810912
9617,1951,Graduation,Single,15033.0,0,0,2014-04-16,37,0,4,5,6,0,4,1,1,0,3,3,0,0,0,0,0,0,0,74,0,19,4130,0,70+,1,-1.4427446379481323,0.40617361139832237
3233,1965,PhD,Married,62745.0,0,1,2013-03-23,89,562,21,464,28,10,32,3,7,8,11,5,0,0,0,0,0,0,0,60,1,1117,4519,0,50-59,4,1.8785157479130956,0.8767955924730065
89,1975,2n Cycle,Married,22212.0,1,0,2013-12-09,49,5,9,20,6,8,21,2,2,0,4,6,0,0,0,0,0,0,0,50,1,69,4258,0,40-49,0,-1.738411212452131,0.08274178524144721
2936,1982,Master,Together,23661.0,1,0,2013-12-04,46,18,0,4,0,0,1,1,1,0,3,7,0,0,0,0,0,0,0,43,1,23,4263,0,40-49,0,-2.268590206023426,-0.05518503016749493
9449,1958,PhD,Single,79761.0,0,1,2013-10-04,32,415,5,124,15,35,11,1,5,2,11,3,0,0,0,0,0,0,0,67,1,605,4324,0,60-69,5,1.8797606031175051,-0.317605168823934
7297,1973,Graduation,Single,7500.0,1,0,2013-12-26,54,5,3,10,12,7,20,4,3,1,3,7,0,0,0,0,0,0,0,52,1,57,4241,0,50-59,3,-2.1664894233665155,0.02139920878042041
11004,1893,2n Cycle,Single,60182.0,0,1,2014-05-17,23,8,0,5,7,0,2,1,1,0,2,4,0,0,0,0,0,0,0,132,1,22,4099,0,,1,-0.1859552922695345,0.5254566381248609
313,1968,Graduation,Widow,73455.0,0,0,2013-10-28,98,901,61,757,186,163,20,1,6,5,10,3,0,0,0,1,0,0,0,57,0,2088,4300,1,50-59,2,2.8935595586815688,1.4873075565681368
9940,1958,Graduation,Together,64961.0,0,1,2012-12-23,97,382,114,276,75,124,38,2,6,4,4,3,0,0,0,0,0,0,0,67,1,1009,4609,0,60-69,5,1.0712295682084265,1.713547461271264
10735,1971,Graduation,Single,22804.0,1,0,2013-07-31,75,14,1,7,2,1,1,1,2,0,2,9,0,0,0,0,0,0,0,54,1,26,4389,0,50-59,3,-2.4610485590548987,0.6265916100289733
9529,1990,Graduation,Married,73687.0,0,0,2013-11-28,8,559,153,503,218,13,181,1,3,9,9,2,1,0,0,0,0,1,0,35,0,1627,4269,1,30-39,2,1.8269134892759467,-1.0275347168678601
6439,1958,Graduation,Married,61074.0,0,1,2012-08-17,37,789,0,133,0,28,152,7,11,5,8,7,0,0,0,0,0,0,0,67,1,1102,4737,0,60-69,4,1.6923230193621241,-1.2729800010513315
7411,1964,PhD,Married,31686.0,1,1,2014-06-05,31,11,0,5,0,0,1,2,1,0,3,6,0,0,0,0,0,0,0,61,2,17,4080,0,60-69,0,-1.7529672355088979,-0.2160669597921936
2176,1972,Graduation,Married,80134.0,1,0,2013-05-20,40,1218,16,272,104,0,80,2,5,3,6,6,1,0,0,1,1,1,0,53,1,1690,4461,1,50-59,2,1.4421968020816438,-0.46756358574685847
9265,1953,Graduation,Married,75027.0,0,1,2013-01-09,74,925,64,179,133,12,77,2,9,4,6,5,0,0,0,0,0,0,0,72,1,1390,4592,0,70+,4,2.0190082251588133,0.4458926736438483
8867,1988,PhD,Married,67546.0,0,0,2012-08-31,90,864,134,768,150,38,172,1,4,10,5,3,0,0,0,0,0,0,0,37,0,2126,4723,0,30-39,2,1.5737247620475077,1.3762543913394862
8932,1969,Master,Together,65176.0,0,1,2012-10-29,57,960,28,183,220,70,70,4,9,6,6,6,0,0,0,0,0,0,0,56,1,1531,4664,0,50-59,4,1.5988848544610865,-0.3765815877265602
10236,1975,Master,Single,31160.0,1,0,2013-09-16,59,16,3,25,6,1,13,2,2,0,3,8,0,0,0,0,0,0,0,50,1,64,4342,0,40-49,3,-2.0251597096068314,0.20328406342233765
6340,1985,Graduation,Single,29938.0,1,0,2013-10-27,52,3,3,7,0,2,11,2,1,0,3,6,0,0,0,0,0,0,0,40,1,26,4301,0,30-39,3,-2.0291398998086345,0.23455189755660202
10089,1974,Graduation,Divorced,102692.0,0,0,2013-04-05,5,168,148,444,32,172,148,1,6,9,13,2,1,1,0,1,1,1,0,51,0,1112,4506,1,50-59,2,3.1144686908196277,-1.3110549272911225
2227,1958,2n Cycle,Together,26490.0,0,0,2012-09-22,92,45,47,52,21,20,25,2,3,1,5,6,0,0,0,0,0,0,0,67,0,210,4701,0,60-69,1,-1.041708355448423,1.448513606767343
10992,1967,Graduation,Together,75702.0,1,1,2012-08-29,77,650,28,353,45,42,30,5,4,6,11,8,0,0,0,0,0,0,0,58,2,1148,4725,0,50-59,4,1.2609544318495725,0.4890028020259173
5304,1974,PhD,Single,30899.0,1,0,2012-10-13,35,24,0,8,0,0,1,2,1,0,3,6,0,0,0,0,0,0,0,51,1,33,4680,0,50-59,0,-1.8753179964803746,-0.18803050481286473
309,1961,PhD,Together,63342.0,0,1,2012-10-16,48,918,21,118,13,10,21,3,8,3,5,6,0,0,0,1,0,0,0,64,1,1101,4677,1,60-69,4,1.0186133488661213,-0.437011275798991
3406,1964,Graduation,Single,45989.0,0,1,2012-10-22,97,138,33,87,28,24,12,4,3,2,7,3,0,0,0,0,0,0,0,61,1,322,4671,0,60-69,1,0.10082294506754819,1.891692543842755
2661,1964,Graduation,Single,18701.0,1,1,2013-06-04,95,12,4,2,10,6,10,4,2,0,4,5,0,0,0,0,0,0,0,61,2,44,4446,0,60-69,3,-1.5253612970237964,1.7240170270000936
3153,1957,PhD,Single,40737.0,2,1,2013-12-08,24,11,0,4,0,0,2,1,1,0,2,8,0,0,0,0,0,0,0,68,3,17,4259,0,60-69,1,-1.9525551891935877,-0.5575103382233493
10264,1979,Graduation,Divorced,15287.0,1,0,2012-10-10,60,1,2,8,4,3,13,2,1,1,2,7,0,0,1,0,0,1,0,46,1,31,4683,1,40-49,3,-2.5248997818058574,0.4124363757746841
1184,1968,PhD,Divorced,69674.0,0,2,2013-05-22,46,554,41,215,11,0,24,3,10,2,10,5,0,0,0,0,0,0,0,57,2,845,4459,0,50-59,4,1.9842603463906843,-0.7637370386791819
4200,1970,Master,Married,44159.0,1,0,2014-06-17,85,167,2,62,24,13,7,4,4,1,6,5,0,0,0,0,0,0,0,55,1,275,4068,0,50-59,3,-0.3703557034471749,1.1408562731118048
9396,1978,PhD,Married,37717.0,1,0,2012-11-23,31,9,0,6,4,1,5,1,1,0,2,9,0,0,0,0,0,0,0,47,1,25,4639,0,40-49,0,-2.411035430742024,-0.6617286098821119
2387,1952,Master,Together,43776.0,1,1,2013-02-03,9,177,2,71,3,2,20,6,5,2,4,8,0,0,0,0,0,1,0,73,2,275,4567,1,70+,1,-0.7980848904454646,-1.4629145631855698
6690,1966,Master,Married,38179.0,1,1,2013-03-14,30,38,4,22,4,2,20,4,3,1,3,7,0,0,0,0,0,0,0,59,2,90,4528,0,50-59,0,-1.4822428580565552,-0.5890052232083645
1225,1963,Graduation,Married,80124.0,0,0,2014-06-26,47,483,84,398,205,84,241,1,3,7,8,1,0,0,1,0,0,0,0,62,0,1495,4059,1,60-69,5,2.184652204261329,0.5972064873901904
9703,1970,PhD,Married,38097.0,1,1,2012-10-15,70,77,2,35,0,1,69,4,3,2,2,7,0,0,1,0,0,1,0,55,2,184,4678,1,50-59,3,-1.5886811401099512,0.636020229963862
291,1970,Graduation,Married,72940.0,0,0,2013-06-19,13,182,74,298,162,149,116,1,3,3,6,1,0,0,0,0,0,0,0,55,0,981,4431,0,50-59,2,1.2302419800448108,-0.4739774177603093
4557,1970,Graduation,Together,22070.0,1,0,2013-10-04,11,10,7,19,8,2,21,2,2,2,2,6,0,0,0,0,0,0,0,55,1,67,4324,0,50-59,0,-1.9832252395699488,-1.0015538567329467
2379,1953,Graduation,Single,69267.0,0,0,2012-09-22,31,778,44,499,95,73,146,2,3,4,5,7,0,0,0,0,0,1,0,72,0,1635,4701,1,70+,5,0.8557509627275774,-0.46668774058525275
5726,1983,Master,Single,31788.0,1,0,2014-03-20,15,16,7,23,0,8,6,3,3,0,4,5,0,0,0,0,0,0,1,42,1,60,4157,0,40-49,0,-1.3857306427193576,-1.0171394265100726
3066,1975,PhD,Together,61905.0,0,1,2014-02-04,2,167,0,43,6,2,13,2,4,2,4,5,0,0,0,0,0,0,0,50,1,231,4201,0,40-49,0,-0.4478526295033156,-1.3917696556930221
6336,1960,Graduation,Married,29315.0,1,1,2014-04-06,55,13,2,14,8,7,4,4,2,0,4,6,0,0,0,0,0,0,0,65,2,48,4140,0,60-69,1,-1.4377799186196776,0.42660111220178226
10967,1963,Graduation,Divorced,33378.0,1,1,2013-02-06,38,33,6,40,3,7,10,3,2,0,4,7,0,0,0,0,0,0,0,62,2,99,4564,0,60-69,1,-1.5132743268145354,-0.23909343291233404
2304,1963,PhD,Together,66313.0,0,1,2013-09-16,86,625,7,99,10,22,7,2,6,3,12,4,0,0,0,0,0,0,0,62,1,770,4342,0,60-69,5,1.8436058626683867,1.0245999491363258
3445,1956,Graduation,Single,60714.0,0,0,2013-01-17,56,216,162,224,101,92,162,2,7,4,10,5,0,0,0,0,0,1,0,69,0,957,4584,1,60-69,4,1.6608709951829723,-0.037988440073974145
7828,1981,Master,Together,77882.0,0,0,2014-04-30,29,68,129,396,188,22,15,1,3,3,5,1,0,0,0,0,0,0,0,44,0,818,4116,0,40-49,2,0.9099335153875903,-0.03928959153315986
3762,1986,PhD,Single,69867.0,0,0,2013-04-02,30,196,0,512,33,130,54,1,3,5,8,1,1,0,0,0,0,1,0,39,0,925,4509,1,30-39,2,1.2258855466158693,-0.1500529415622794
4391,1968,Master,Divorced,63841.0,0,1,2013-04-21,64,635,15,100,20,7,131,1,9,3,9,6,0,0,0,0,0,0,0,57,1,908,4490,0,50-59,4,1.4999073626575623,-0.20452770903617357
4669,1981,Basic,Married,24480.0,1,0,2013-02-11,46,4,19,9,28,25,17,3,3,0,4,7,0,0,0,0,0,0,0,44,1,102,4559,0,40-49,0,-1.7630382244676732,-0.289031427221498
10144,1976,Graduation,Together,51369.0,0,1,2012-10-25,84,297,7,79,0,11,182,2,8,2,4,8,0,0,0,0,0,0,0,49,1,576,4668,0,40-49,4,-0.2764880193655132,0.31998723448777056
8652,1946,Graduation,Together,37760.0,0,0,2012-08-31,20,84,5,38,150,12,28,2,4,1,6,7,0,0,0,0,0,0,0,79,0,317,4723,0,70+,1,-0.4871032153227166,-0.9025721006039715
1672,1974,PhD,Together,65640.0,0,1,2014-03-01,74,204,7,149,20,15,66,1,5,1,8,2,0,0,0,0,0,0,0,51,1,461,4176,0,50-59,2,1.024862484111072,0.9990878964009641
8962,1975,Master,Married,44319.0,1,1,2014-04-17,18,26,0,8,0,0,3,2,2,0,3,5,0,0,0,0,0,0,0,50,2,37,4129,0,40-49,0,-1.3494474164114028,-0.6862362176704234
9974,1974,Graduation,Married,30631.0,1,0,2013-07-12,75,15,6,20,4,5,20,1,3,1,2,7,0,0,0,0,0,0,0,51,1,70,4408,0,50-59,3,-1.8727921470478783,0.7405734259789487
10983,1952,Graduation,Together,75278.0,0,0,2013-01-29,17,304,98,230,150,74,74,1,6,3,13,3,0,0,0,0,0,0,0,73,0,930,4572,0,70+,5,2.563058601336774,-0.9060012552931208
8148,1956,Master,Together,50898.0,1,1,2013-01-08,88,285,28,242,55,114,135,13,6,2,12,5,0,0,0,0,0,0,0,69,2,859,4593,0,60-69,5,1.5607028655703392,0.9966772229446896
10102,1966,Graduation,Widow,79946.0,0,0,2014-05-12,19,395,183,565,166,141,28,1,5,11,5,3,0,0,0,0,0,0,0,59,0,1478,4104,0,50-59,5,1.643510709305614,-0.6798175716026028
4697,1949,Master,Divorced,35416.0,0,0,2013-06-13,62,248,3,81,4,3,51,3,7,1,5,8,0,0,0,0,0,0,0,76,0,390,4437,0,70+,1,-0.3966112744473939,-0.05503271345604787
9262,1984,2n Cycle,Together,32414.0,0,0,2013-07-04,11,20,6,5,0,9,12,1,1,0,3,7,0,0,1,0,0,0,0,41,0,52,4416,1,40-49,0,-2.1130191346247833,-1.1413794341905625
7254,1969,Graduation,Together,38361.0,1,0,2013-12-27,74,39,0,56,20,8,14,3,3,1,3,7,0,0,0,0,0,0,0,56,1,137,4240,0,50-59,3,-1.4643066115178225,0.7474649761049565
4543,1980,Graduation,Married,82497.0,0,0,2012-10-31,32,777,129,573,216,21,203,1,2,7,9,4,0,0,0,0,1,0,0,45,0,1919,4662,1,40-49,2,1.9266980410299421,-0.3044207739039986
4927,1971,Graduation,Together,16626.0,2,0,2014-01-15,76,8,3,22,21,1,13,3,3,0,3,9,0,0,0,0,0,0,0,54,2,68,4221,0,50-59,3,-2.263067824841016,0.5087338505818456
10451,1965,Graduation,Together,29672.0,1,1,2013-03-12,6,9,1,3,0,4,8,1,0,0,3,6,0,0,0,0,0,0,0,60,2,25,4530,0,50-59,0,-1.9356437144500542,-0.8973068334469954
2926,1952,Master,Together,55951.0,0,1,2012-08-23,62,1241,0,80,0,13,40,3,3,6,11,8,0,1,0,1,0,0,0,73,1,1374,4731,1,70+,5,1.126271259158493,0.2202348398466505
2874,1988,2n Cycle,Divorced,35388.0,1,0,2013-03-07,20,6,4,7,4,3,8,1,1,0,3,7,0,0,0,0,0,0,0,37,1,32,4535,0,30-39,0,-2.1203989269909496,-0.8920451879548337
9738,1986,Master,Together,42386.0,1,0,2013-01-13,43,65,4,16,0,4,11,1,3,0,3,8,0,0,0,0,0,0,0,39,1,100,4588,0,30-39,0,-1.7892777117702614,-0.48116355389141363
7119,1982,Graduation,Single,68627.0,0,0,2013-01-12,45,395,15,263,60,54,38,1,2,3,6,1,0,0,0,0,0,0,0,43,0,825,4589,0,40-49,2,0.7466720670256979,0.5113340525921684
3924,1965,PhD,Divorced,57912.0,0,1,2014-03-17,34,801,0,80,0,0,35,5,8,3,12,5,0,0,0,1,0,0,0,60,1,916,4160,1,50-59,4,1.8822887796961103,-0.9679456175597699
5827,1958,Graduation,Divorced,35246.0,1,1,2014-04-16,53,36,0,12,2,2,10,4,3,1,3,5,0,0,0,0,0,0,0,67,2,62,4130,0,60-69,1,-1.149619194155007,0.42901026172301215
5596,1956,2n Cycle,Together,58821.0,0,1,2013-10-12,44,513,14,154,19,0,28,1,9,2,9,6,0,0,0,0,0,0,0,69,1,728,4316,0,60-69,4,1.3949622872362655,-0.718097819983807
10812,1978,PhD,Married,46377.0,1,0,2014-03-01,89,37,0,46,4,3,0,1,2,1,3,4,0,0,0,0,0,0,0,47,1,90,4176,0,40-49,3,-1.1302224770795972,1.6098112101055426
1717,1988,Graduation,Single,39747.0,1,0,2014-04-13,43,80,15,93,20,13,52,3,5,1,4,8,0,0,0,0,0,0,0,37,1,273,4133,0,30-39,0,-1.3061663199087843,-0.7542668086914627
9491,1984,Graduation,Together,23976.0,1,0,2013-12-27,68,14,1,21,2,3,25,3,3,1,3,7,0,0,0,0,0,0,0,41,1,66,4240,0,40-49,3,-1.9795162464778486,0.3901318934847694
9274,1961,Master,Married,80950.0,0,0,2013-03-28,44,525,147,112,219,147,63,1,6,7,9,2,1,0,0,0,0,0,0,64,0,1213,4514,1,60-69,5,2.3763227805795766,0.0655887036751943
6609,1966,Graduation,Widow,27038.0,0,0,2012-09-18,64,1,26,25,17,23,15,1,3,0,3,9,0,0,0,0,0,1,0,59,0,107,4705,1,50-59,3,-1.976378710755306,0.20557350113496065
6963,1947,Graduation,Single,77457.0,0,0,2014-03-05,85,675,11,400,15,45,11,1,2,5,10,1,0,0,0,0,1,0,0,78,0,1157,4172,1,70+,5,2.2135580195484574,1.9927288465196975
4440,1964,Master,Married,64100.0,0,1,2013-09-10,93,509,0,27,0,0,10,1,8,3,6,7,0,0,0,1,0,0,0,61,1,546,4348,1,60-69,4,0.5320341131425568,0.8107648675282544
1379,1992,Master,Together,42670.0,0,0,2013-04-27,12,154,2,46,20,4,15,1,4,2,4,4,0,0,0,0,0,0,0,33,0,241,4484,0,30-39,0,-0.852392356253433,-1.167666082414874
10032,1976,Graduation,Divorced,12571.0,1,0,2014-01-18,86,3,5,14,2,12,17,4,3,1,3,6,0,0,0,0,0,0,0,49,1,53,4218,0,40-49,3,-1.948830267810282,1.1156866101736838
2826,1967,Graduation,Married,22574.0,2,1,2013-10-28,28,25,0,8,2,0,2,2,2,0,3,7,0,0,0,0,0,0,0,58,3,37,4300,0,50-59,0,-1.9660542928252631,-0.5852491221253903
6320,1976,Master,Single,70893.0,0,0,2013-02-06,42,768,44,561,77,44,14,1,6,6,10,3,0,0,0,0,0,0,0,49,0,1508,4564,0,40-49,2,2.2440639125149144,-0.3119604180090808
3050,1966,Graduation,Married,54198.0,1,1,2013-12-17,13,185,0,28,3,2,17,6,3,1,6,4,0,0,0,0,0,0,0,59,2,235,4250,0,50-59,0,-0.16410136809789042,-0.8058509095678003
231,1956,Master,Together,28839.0,1,1,2014-03-11,86,24,0,7,0,0,1,2,2,0,3,5,0,0,0,0,0,0,0,69,2,32,4166,0,60-69,1,-1.3951923693556603,1.5675506233089995
2392,1972,Graduation,Married,40321.0,1,1,2013-07-29,59,44,4,21,6,0,27,2,3,0,3,7,0,0,0,0,0,0,0,53,2,102,4391,0,50-59,3,-1.4974826218856891,0.2593936190069728
9478,1985,Graduation,Single,66503.0,1,0,2012-08-14,30,91,64,128,65,3,50,2,4,3,6,3,0,0,0,0,0,0,0,40,1,401,4740,0,30-39,2,0.2665200423277373,-0.42557523398330027
113,1951,Graduation,Married,30833.0,1,1,2013-07-16,33,11,0,7,3,1,6,2,1,0,3,5,0,0,0,0,0,0,0,74,2,28,4404,0,70+,1,-1.4466503518478984,0.0829980352286394
1802,1971,Graduation,Married,64795.0,0,1,2013-01-17,23,412,5,119,38,29,77,3,3,3,12,2,0,0,0,0,0,0,0,54,1,680,4584,0,50-59,2,1.534426556181124,-0.4444890096786173
520,1974,Graduation,Married,34421.0,1,0,2013-07-01,81,3,3,7,6,2,9,1,1,0,2,7,0,0,0,0,0,0,0,51,1,30,4419,0,50-59,3,-2.099188370328121,1.154918647755545
8275,1965,PhD,Divorced,47025.0,1,1,2014-02-09,6,16,0,3,0,0,1,1,1,0,2,7,0,0,0,0,0,0,0,60,2,20,4196,0,50-59,0,-1.7802159071191628,-1.0596214259672774
9750,1961,PhD,Divorced,64325.0,0,1,2013-02-07,41,731,60,353,78,12,73,5,10,3,5,7,0,0,0,0,0,0,0,64,1,1307,4563,0,60-69,4,1.320635959075981,-0.9945859957095943
2607,1953,Graduation,Single,40464.0,0,1,2013-01-11,78,424,17,118,7,23,41,6,8,2,8,8,0,0,0,0,0,0,0,72,1,630,4590,0,70+,4,0.42616852057755,0.22542983353879387
7214,1957,Graduation,Married,62187.0,0,0,2013-07-05,49,792,0,275,45,45,126,1,4,8,5,3,0,0,0,0,0,0,0,68,0,1283,4415,0,60-69,5,1.129905249620793,0.41098270474814563
5835,1976,PhD,Divorced,14849.0,1,0,2013-07-02,39,21,2,28,3,2,9,3,2,0,4,8,0,0,0,0,0,0,0,49,1,65,4418,0,40-49,0,-2.2028844412170727,-0.488510462281783
3896,1984,Graduation,Married,27255.0,1,0,2013-11-07,3,22,1,11,0,1,2,1,1,0,3,7,0,0,0,0,0,0,0,41,1,37,4290,0,40-49,0,-2.2248286997574778,-1.4009742752406058
10350,1950,PhD,Married,54432.0,2,1,2013-05-09,37,33,0,5,0,0,0,1,1,0,3,4,0,0,0,0,0,0,0,75,3,38,4472,0,70+,1,-0.827063437379688,0.38748476083814193
7786,1986,PhD,Single,29999.0,1,0,2013-02-13,22,68,7,59,10,5,11,4,3,1,4,8,0,0,0,0,0,0,0,39,1,160,4557,0,30-39,0,-1.831482389816843,-1.187683786590091
2861,1983,Graduation,Single,24072.0,1,0,2013-04-16,79,9,1,6,3,0,4,1,1,0,2,8,0,0,0,0,0,0,0,42,1,23,4495,0,40-49,3,-2.5640762037235065,0.8676460193330389
663,1989,PhD,Single,33996.0,0,0,2013-09-11,46,40,2,15,8,0,6,1,1,1,3,4,0,0,0,0,0,0,0,36,0,71,4347,0,30-39,0,-1.6575123292992169,0.25330392239017663
10675,1956,PhD,Married,66334.0,0,1,2013-04-03,82,909,11,218,0,0,23,2,9,3,5,5,0,0,0,0,0,1,0,69,1,1161,4508,1,60-69,4,1.4820739373912164,0.67840311639336
2521,1971,Master,Married,35178.0,1,0,2013-01-10,10,23,1,13,2,2,18,1,1,1,2,7,0,0,1,0,0,1,0,54,1,59,4591,1,50-59,0,-2.0424475872430126,-1.020120227270112
9592,1983,Graduation,Together,22010.0,1,0,2013-06-30,51,11,2,9,3,0,8,2,2,0,3,8,0,0,0,0,0,0,0,42,1,33,4420,0,40-49,3,-2.323214668594621,-0.13990112476316333
10151,1960,Graduation,Divorced,62204.0,0,2,2012-09-12,38,317,46,247,151,46,139,1,4,5,12,3,0,0,0,0,0,0,0,65,2,946,4711,0,60-69,5,1.8270493248256197,-0.11718894929676861
7381,1968,Graduation,Divorced,75693.0,0,0,2012-12-06,10,797,153,293,72,97,30,1,11,4,6,4,1,0,0,1,1,1,0,57,0,1442,4626,1,50-59,4,2.294941197430978,-1.7823407329853516
4099,1972,Graduation,Married,30675.0,1,0,2012-11-12,14,10,2,16,11,2,21,1,1,0,3,8,0,0,0,0,0,0,0,53,1,62,4650,0,50-59,0,-2.1438985918719085,-1.0574272699358886
9560,1965,Graduation,Together,83003.0,0,0,2013-03-03,18,856,61,570,40,25,122,1,7,6,8,3,0,0,0,0,1,1,0,60,0,1674,4539,1,50-59,5,2.5811027196530723,-0.9922336420215608
1150,1899,PhD,Together,83532.0,0,0,2013-09-26,36,755,144,562,104,64,224,1,4,6,4,1,0,0,0,0,1,0,0,126,0,1853,4332,1,,5,2.87868602807638,0.8396690516646839
10172,1988,Graduation,Single,68655.0,0,0,2012-08-10,95,456,19,832,75,118,38,1,4,5,11,3,0,0,0,0,0,0,0,37,0,1538,4744,0,30-39,2,1.9748395775114387,1.408290869439702
11191,1986,Graduation,Divorced,41411.0,0,0,2013-12-07,11,37,32,38,11,3,18,1,2,1,4,6,0,0,0,0,0,0,0,39,0,139,4260,0,30-39,0,-1.462380083849351,-1.1585288647260281
9707,1969,PhD,Married,55212.0,0,1,2012-11-23,65,1103,0,45,0,0,34,3,4,2,11,8,0,1,0,1,0,0,0,56,1,1182,4639,1,50-59,4,0.8765279207298349,0.04979424871238516
6245,1950,PhD,Together,59292.0,0,1,2013-06-13,71,378,14,68,19,14,14,2,3,5,8,3,0,0,0,0,0,0,0,75,1,507,4437,0,70+,5,0.8169801459764497,1.2156421176269183
8234,1973,Basic,Together,27190.0,1,0,2013-08-15,13,1,6,7,0,1,3,1,1,0,2,8,0,0,1,0,0,1,0,52,1,18,4374,1,50-59,0,-2.404812612183478,-1.0799828645630096
1411,1952,Graduation,Divorced,82623.0,0,0,2013-11-10,58,204,34,204,172,153,173,1,2,9,4,1,0,0,0,0,0,0,0,73,0,940,4287,0,70+,5,1.1850521860149457,1.2728525184711188
8553,1965,Graduation,Married,44300.0,1,1,2013-06-23,65,30,0,9,0,0,3,2,1,0,3,6,0,0,0,0,0,0,0,60,2,42,4427,0,50-59,1,-1.4978610169958317,0.8578966899034453
1826,1970,Graduation,Divorced,84835.0,0,0,2014-06-16,0,189,104,379,111,189,218,1,4,4,6,1,0,0,0,0,0,1,0,55,0,1190,4069,1,50-59,2,1.759632460646978,-0.9665511433044464
8842,1971,Graduation,Widow,30372.0,1,1,2012-12-25,33,15,0,12,7,3,7,3,2,0,3,7,0,0,0,0,0,0,0,54,2,44,4607,0,50-59,0,-1.8609505042922954,-0.4499881523653943
11030,1976,Master,Married,33181.0,1,0,2014-01-03,90,9,0,3,0,0,4,1,1,0,2,6,0,0,1,0,0,0,0,49,1,16,4233,1,40-49,3,-2.002515742477585,1.5305727024401041
2579,1957,Graduation,Married,71113.0,0,1,2013-12-17,95,495,33,255,11,33,8,4,6,7,9,4,0,0,0,0,0,0,0,68,1,835,4250,0,60-69,5,1.626991847728949,1.4419069350512126
175,1986,Graduation,Married,71952.0,1,0,2013-01-10,93,656,80,455,52,107,93,2,8,4,8,4,0,0,1,0,1,0,0,39,1,1443,4591,1,30-39,2,1.9205887489474553,0.8951558957009351
9185,1966,PhD,Single,69759.0,0,0,2013-10-28,38,452,20,514,13,30,0,3,4,6,5,3,0,0,0,0,0,1,0,59,0,1029,4300,1,50-59,5,0.9454923111914287,0.01113724753125272
11056,1974,Graduation,Married,72099.0,0,0,2012-10-27,18,546,91,410,119,0,22,1,3,4,10,1,0,0,0,0,0,0,0,51,0,1188,4666,0,50-59,2,1.924515846751289,-0.462558960020394
9365,1976,PhD,Single,60000.0,0,1,2012-12-22,57,1048,0,217,0,0,12,5,11,3,5,6,0,0,0,0,0,0,0,49,1,1277,4610,0,40-49,4,1.321680179370421,-0.6390929025989591
6201,1978,Graduation,Single,38643.0,1,1,2013-11-29,45,22,2,14,0,1,10,2,2,0,3,7,0,0,0,0,0,0,1,47,2,49,4268,0,40-49,0,-1.7834250938591056,-0.1244260370111299
2061,1955,Graduation,Married,50737.0,0,1,2013-05-11,61,78,0,11,0,0,10,1,2,0,4,6,0,0,0,1,0,0,0,70,1,99,4470,1,60-69,1,-0.9291030321281273,0.7069103064600406
6184,1969,PhD,Married,68462.0,0,0,2012-12-12,6,561,64,785,84,128,48,1,3,3,8,1,0,0,0,0,0,0,0,56,0,1670,4620,0,50-59,2,2.0287850328786723,-0.7643786163793126
6142,1943,Master,Married,65073.0,0,0,2013-08-20,65,629,17,177,69,0,8,1,5,3,5,2,0,0,0,0,0,0,1,82,0,900,4369,0,70+,5,1.3230558849411354,1.0670209356737919
4107,1948,PhD,Together,46681.0,0,2,2013-10-08,52,269,15,69,15,19,38,2,4,6,4,5,0,0,0,0,0,0,0,77,2,425,4320,0,70+,1,-0.22805788847969605,0.3720616750999936
7274,1957,Graduation,Married,78618.0,0,0,2012-09-28,87,736,163,818,212,163,61,1,4,7,10,2,0,0,0,1,0,0,0,68,0,2153,4695,1,60-69,5,3.06522561701364,1.5940420459698172
9336,1969,PhD,Widow,62187.0,0,1,2014-03-22,38,512,0,83,0,0,41,3,6,2,10,4,0,0,0,0,0,0,0,56,1,636,4155,0,50-59,4,1.2756432283392374,-0.4778336540669277
2958,1978,Graduation,Married,28442.0,2,0,2014-02-24,53,19,3,10,11,8,6,3,2,1,4,4,0,0,0,0,0,0,0,47,2,57,4181,0,40-49,0,-1.3591462840113755,0.4281974441846838
933,1978,PhD,Married,37717.0,1,0,2012-11-23,31,9,0,6,4,1,5,1,1,0,2,9,0,0,0,0,0,0,0,47,1,25,4639,0,40-49,0,-2.411035430742024,-0.6617286098821119
5837,1967,Graduation,Married,51479.0,1,1,2012-12-28,67,247,8,160,6,8,65,7,6,3,6,7,0,0,0,0,0,0,0,58,2,494,4604,0,50-59,4,-0.05826011813215955,0.16659839957730288
10704,1969,Graduation,Single,54803.0,0,1,2012-08-21,65,404,0,92,28,27,142,2,6,2,9,4,0,0,0,0,0,0,0,56,1,693,4733,0,50-59,4,1.0460489503386798,0.3657653791956069
5125,1960,Graduation,Married,79530.0,0,0,2013-05-17,64,333,0,815,129,42,29,1,4,10,11,2,0,0,0,0,0,0,0,65,0,1348,4464,0,60-69,5,2.5068563328976583,0.8573569146487472
4432,1976,Graduation,Divorced,31615.0,1,0,2013-03-16,82,2,3,20,6,11,9,2,2,0,3,7,0,0,0,0,0,0,0,49,1,51,4526,0,40-49,3,-1.8798807468186247,1.0267261001635501
5955,1962,Graduation,Together,72025.0,0,0,2012-11-17,27,833,33,549,151,133,233,1,4,3,8,3,0,0,0,0,0,0,0,63,0,1932,4645,0,60-69,5,2.2326982193944658,-0.3915470167870728
2928,1975,PhD,Single,52614.0,0,1,2012-12-01,63,789,0,142,12,9,38,2,2,4,8,8,0,0,0,0,0,0,0,50,1,990,4631,0,40-49,3,-0.11087936082610148,0.2231079910397955
5680,1984,2n Cycle,Married,35684.0,1,0,2014-04-22,66,10,4,7,0,6,3,1,1,0,3,6,0,0,0,0,0,0,0,41,1,30,4124,0,40-49,3,-1.901781609507175,0.691488496918159
10313,1975,Graduation,Married,48178.0,1,1,2012-10-28,69,159,4,45,6,2,38,6,5,1,4,8,0,0,0,0,0,0,0,50,2,254,4665,0,40-49,3,-0.9980447661245901,0.19461940170577496
2557,1970,Master,Single,29548.0,1,0,2013-08-29,52,7,1,6,3,1,11,1,1,1,2,4,0,0,1,0,0,0,0,55,1,29,4360,1,50-59,1,-1.688872055847036,0.6333290491748691
1245,1966,Graduation,Single,63810.0,0,1,2012-11-11,45,977,12,253,16,12,101,4,4,3,12,8,0,0,0,1,0,0,0,59,1,1371,4651,1,50-59,4,1.3748127617745993,-0.5540520096073384
1519,1972,PhD,Single,38578.0,1,1,2013-06-22,2,38,4,22,3,3,3,3,3,0,3,8,0,0,0,0,0,1,0,53,2,73,4428,1,50-59,0,-1.7235078652590203,-1.6303189959375424
10703,1975,Master,Single,46098.0,1,1,2012-08-18,86,57,0,27,0,0,36,4,3,2,2,8,0,0,0,0,0,0,0,50,2,120,4736,0,40-49,3,-1.7028133270996015,0.9888599111981679
1726,1970,Graduation,Single,22585.0,0,0,2013-03-18,23,3,9,15,13,2,39,1,1,1,2,9,0,0,1,0,0,1,0,55,0,81,4524,1,50-59,0,-2.5529748621442967,-0.8715107979505217
4459,1989,Graduation,Single,30279.0,1,0,2012-12-30,13,10,4,14,4,4,1,1,1,0,3,8,0,0,0,0,0,0,0,36,1,37,4602,0,30-39,0,-2.3802207962796804,-1.2479425100682136
1729,1961,PhD,Together,66426.0,0,1,2013-10-02,14,1043,24,97,32,24,157,2,3,5,10,6,0,0,0,0,0,0,0,64,1,1377,4326,0,60-69,5,1.3654271698326972,-1.0712145320407638
1517,1969,Graduation,Single,30822.0,1,0,2013-06-14,92,3,9,13,2,12,12,1,1,0,3,7,0,0,0,0,0,0,0,56,1,51,4436,0,50-59,3,-1.939508358624841,1.5100070140694137
2098,1969,PhD,Married,33581.0,2,0,2013-01-08,38,11,0,5,0,0,1,1,1,0,2,8,0,0,0,0,0,0,0,56,2,17,4593,0,50-59,0,-2.230032160342825,-0.2518170004776458
9543,1985,Graduation,Married,19986.0,1,0,2013-11-14,74,3,6,5,0,2,6,1,0,0,3,7,0,0,0,0,0,0,0,40,1,22,4283,0,30-39,3,-2.5006570376327972,0.8865043390066895
6878,1954,Graduation,Widow,27421.0,0,0,2012-12-12,14,43,12,96,78,40,55,3,4,1,6,7,0,0,0,0,0,0,0,71,0,324,4620,0,70+,1,-0.7749705318893201,-1.1876946414399276
3310,1973,2n Cycle,Married,35688.0,2,1,2012-08-22,94,73,3,90,12,1,32,7,4,1,4,8,0,0,0,0,0,0,0,52,3,211,4732,0,50-59,3,-1.3711271718896711,1.071386095909828
2724,1981,Master,Single,36143.0,1,0,2014-03-30,33,12,0,1,0,0,6,1,0,1,2,3,0,0,0,0,0,0,0,44,1,19,4147,0,40-49,0,-1.6913788695485754,0.18222569110610412
948,1971,Graduation,Single,10245.0,1,0,2013-05-15,32,4,7,7,6,4,13,3,1,2,2,5,0,0,0,0,0,0,0,54,1,41,4466,0,50-59,0,-2.2132648844665384,-0.15875654278789417
6720,1968,Master,Together,43795.0,0,1,2013-10-16,11,314,11,53,4,3,107,3,7,3,4,7,0,0,0,1,0,1,0,57,1,492,4312,1,50-59,4,-0.39016128978018416,-1.6589628220717711
6202,1960,Graduation,Together,63381.0,0,1,2012-10-05,78,571,50,142,33,50,159,4,4,5,13,2,0,0,0,0,0,0,0,65,1,1005,4688,0,60-69,5,2.2090459562200895,1.218192993423835
2066,1949,Graduation,Together,38823.0,0,1,2012-08-30,56,70,0,11,2,8,23,1,2,1,3,6,0,0,0,0,0,0,0,76,1,114,4724,0,70+,1,-1.2144663917739293,0.6045633703779215
9799,1968,PhD,Divorced,83664.0,1,1,2013-05-08,57,866,21,151,28,21,86,3,2,2,12,5,0,0,0,0,0,0,0,57,2,1173,4473,0,50-59,2,1.7562280262272272,0.42207020983532495
8318,1979,Graduation,Together,90300.0,0,0,2014-01-03,7,594,134,786,33,134,57,0,5,6,8,1,0,0,0,0,1,0,0,46,0,1738,4233,1,40-49,2,2.6407512157194675,-0.9976505105761838
5642,1979,Master,Together,62499.0,1,0,2013-12-09,0,140,4,61,0,13,4,2,3,1,6,4,0,0,0,0,0,0,0,46,1,222,4258,0,40-49,0,-0.18097404957365143,-1.3118948550678624
2669,1993,Graduation,Single,74293.0,0,0,2014-05-04,66,375,152,335,93,91,81,1,5,4,6,2,0,0,0,0,0,0,0,32,0,1127,4112,0,30-39,2,1.2235600076865256,0.6181118149795206
455,1946,PhD,Married,51012.0,0,0,2013-04-18,86,102,9,63,2,9,24,1,4,1,4,6,0,0,0,0,0,0,0,79,0,209,4493,0,70+,1,-0.4492256149090198,1.346118946382031
7683,1968,Master,Married,70777.0,0,1,2014-02-25,80,554,35,113,0,7,78,3,5,3,12,3,0,0,0,0,0,0,0,57,1,787,4180,0,50-59,5,1.900413282807513,1.027504331252374
3428,1991,PhD,Together,68682.0,0,0,2013-10-06,56,919,0,505,99,30,45,1,4,9,10,2,0,0,0,0,0,0,0,34,0,1598,4322,0,30-39,2,1.987196042888411,0.30926872462704785
7414,1971,Graduation,Married,43824.0,1,1,2012-09-15,18,96,1,42,12,3,32,4,3,1,4,8,0,0,0,0,0,0,0,54,2,186,4708,0,50-59,0,-1.367363616108952,-1.1404950289752849
6354,1984,Graduation,Together,15345.0,1,0,2012-08-31,51,5,2,16,3,2,19,2,1,1,2,8,0,0,0,0,0,1,0,41,1,47,4723,1,40-49,3,-2.7275813003242013,-0.031632422523668116
798,1987,Graduation,Single,23442.0,1,0,2012-12-24,71,2,0,6,8,6,5,1,1,0,3,7,0,0,0,0,0,0,0,38,1,27,4608,0,30-39,3,-2.3238372118348947,0.6733106516473042
8213,1980,2n Cycle,Together,14515.0,1,0,2012-11-09,71,6,4,9,6,36,35,4,2,2,3,7,0,0,0,0,0,1,0,45,1,96,4653,1,40-49,3,-2.215402062628964,0.607166842131025
2488,1956,2n Cycle,Divorced,31395.0,1,1,2013-03-23,80,23,1,25,0,8,7,4,2,1,3,6,0,0,0,0,0,0,0,69,2,64,4519,0,60-69,1,-1.4755590729916135,1.268651030931532
9999,1965,Graduation,Together,75276.0,0,0,2012-09-27,2,610,105,125,137,42,21,1,9,4,9,5,0,0,0,0,0,0,0,60,0,1040,4696,0,50-59,4,2.0006213267500836,-1.9619528023621748
7617,1974,Graduation,Single,42373.0,1,1,2013-08-15,83,67,5,61,3,8,19,5,2,1,5,5,0,0,0,0,0,0,0,51,2,163,4374,0,50-59,3,-0.9590703240763748,1.2834103555522776
615,1960,Graduation,Together,30507.0,0,0,2013-03-11,29,65,36,74,38,20,110,1,5,1,4,7,0,0,0,0,0,0,0,65,0,343,4531,0,60-69,1,-0.9289853844046259,-0.8323637482774817
2552,1955,PhD,Single,55521.0,1,2,2013-10-22,11,416,0,26,0,0,4,9,6,3,6,7,0,0,0,1,0,1,0,70,3,446,4306,1,60-69,4,0.10916942187611965,-1.44827925512722
194,1965,Graduation,Married,48006.0,1,1,2014-06-09,55,23,0,11,3,2,2,1,1,0,3,6,0,0,0,0,0,0,0,60,2,41,4076,0,50-59,1,-1.4315889636429027,0.5559852218676763
3645,1972,PhD,Single,27213.0,1,0,2012-08-30,19,19,3,26,10,9,3,3,2,0,4,8,0,0,0,0,0,1,0,53,1,70,4724,1,50-59,0,-1.9224318152072957,-1.0437519476699622
8890,1971,PhD,Divorced,65808.0,1,1,2014-05-30,1,155,7,80,13,7,10,3,5,1,5,6,0,0,0,0,0,0,0,54,2,272,4086,0,50-59,0,-0.16659307048482538,-1.628533185307063
5049,1974,PhD,Together,30351.0,1,0,2013-06-06,19,14,0,24,3,3,2,1,3,0,2,9,0,0,0,0,0,0,0,51,1,46,4444,0,50-59,0,-2.2206810989902928,-1.232321930267418
9973,1963,Graduation,Married,50437.0,0,2,2012-10-17,28,370,9,92,6,9,4,3,7,1,8,7,0,0,0,0,0,0,0,62,2,490,4676,0,60-69,4,0.3817209059076203,-1.166389591349423
7301,1982,2n Cycle,Single,23616.0,1,0,2012-11-17,76,4,22,11,3,7,32,2,3,0,3,8,0,0,0,0,0,1,0,43,1,79,4645,1,40-49,3,-2.102689654899658,0.5385541506286216
10882,1976,Graduation,Married,53858.0,0,1,2012-11-09,50,407,53,221,58,150,26,4,4,3,6,4,0,0,0,0,0,0,0,49,1,915,4653,0,40-49,2,0.423163176523755,0.11573887806746135
7030,1955,PhD,Married,66465.0,0,1,2013-03-30,1,1200,0,204,38,29,14,3,11,9,12,6,1,0,0,0,0,0,0,70,1,1485,4512,1,60-69,4,2.8808323585455144,-2.343006589530677
7422,1987,Graduation,Single,46923.0,1,0,2012-08-22,90,85,44,54,102,78,6,3,5,1,7,7,0,0,0,0,0,0,0,38,1,369,4732,0,30-39,3,-0.47450768982658864,0.7715852831085775
3523,1962,Graduation,Together,75072.0,0,1,2013-01-23,83,583,34,309,0,22,125,2,5,4,8,3,0,0,0,0,0,0,0,63,1,1073,4578,0,60-69,5,1.7132675970086675,1.2741421987413277
7106,1943,PhD,Married,75865.0,0,0,2014-03-31,73,483,0,591,156,0,12,1,3,5,10,1,0,0,0,0,0,0,0,82,0,1242,4146,0,70+,5,2.4337330837958824,1.5421618864759519
6504,1975,2n Cycle,Together,19789.0,1,0,2013-11-20,24,2,5,9,28,6,28,3,2,1,3,5,0,0,1,0,0,0,0,50,1,78,4277,1,40-49,0,-1.7748634732059891,-0.5574182051248449
5067,1994,Graduation,Together,80134.0,0,0,2014-02-14,11,966,26,282,52,26,26,1,2,7,11,5,1,1,0,1,1,0,0,31,0,1378,4191,1,30-39,2,1.387421409957364,-1.2404266686835594
4216,1981,Graduation,Single,91065.0,0,0,2013-02-22,33,822,114,108,179,137,114,1,7,9,9,3,1,0,0,0,1,1,0,44,0,1474,4548,1,40-49,2,2.518559071440323,-0.6757077388664928
8581,1971,Master,Married,49505.0,1,1,2013-03-05,4,604,0,100,19,0,28,9,10,2,8,8,0,0,0,0,0,0,0,54,2,751,4537,0,50-59,4,0.7247472423671749,-2.441981507757613
5929,1973,PhD,Married,37401.0,1,0,2014-05-06,14,19,3,19,3,1,3,2,2,0,3,7,0,0,0,0,0,0,0,52,1,48,4110,0,50-59,0,-1.7547084929389738,-1.0426068994672804
3129,1983,Graduation,Married,30096.0,1,0,2014-05-22,30,5,3,11,12,5,9,1,2,0,3,6,0,0,0,0,0,0,0,42,1,45,4094,0,40-49,0,-1.858711177138679,-0.5389195392431502
6528,1982,Master,Together,18492.0,1,0,2014-06-05,75,2,2,2,2,1,1,1,1,0,2,8,0,0,0,0,0,0,0,43,1,10,4080,0,40-49,3,-2.668866788373421,0.7405629611311175
1361,1974,Master,Married,82584.0,0,0,2013-06-04,26,1076,68,103,29,91,68,1,3,4,8,1,0,0,0,1,1,1,0,51,0,1435,4446,1,50-59,2,2.040575230303671,-0.15013566138482973
6932,1941,PhD,Married,93027.0,0,0,2013-04-13,77,1285,42,716,55,0,21,0,7,10,5,2,0,0,0,0,1,0,0,84,0,2119,4498,1,70+,5,3.169836113856827,1.2622116412615847
7284,1953,Graduation,Married,48686.0,1,2,2013-12-04,8,10,0,7,2,0,1,1,1,0,2,8,0,0,0,0,0,0,0,72,3,20,4263,0,70+,1,-1.7558139221520057,-0.9986022723661014
1340,1986,Graduation,Married,92910.0,0,0,2014-04-24,42,551,137,792,179,103,33,1,6,7,13,1,1,0,0,1,1,0,0,39,0,1795,4122,1,30-39,2,3.523278583120569,-0.20345854022342752
8746,1989,Graduation,Married,75433.0,1,0,2014-04-05,28,800,0,297,0,34,57,2,2,5,10,6,1,0,0,1,0,0,0,36,1,1188,4141,1,30-39,2,0.904628210651397,-0.763137553836508
5987,1989,2n Cycle,Together,10404.0,1,0,2014-05-04,52,2,2,11,10,6,12,2,1,0,4,5,0,0,0,0,0,0,0,36,1,43,4112,0,30-39,3,-2.1315418371659822,0.2449256394212663
3767,1968,Graduation,Married,61314.0,0,1,2013-04-25,1,378,0,189,97,172,172,2,5,5,12,3,0,0,0,0,0,0,0,57,1,1008,4486,0,50-59,5,1.888008266083106,-1.4539243234076473
3725,1961,PhD,Single,84865.0,0,0,2013-05-09,1,1248,16,349,43,16,16,1,2,4,9,4,1,1,0,1,1,1,0,64,0,1688,4472,1,60-69,5,2.0003447636678637,-1.0751721764082598
4324,1989,Graduation,Married,42387.0,1,0,2012-10-29,42,235,0,235,19,4,191,5,8,1,7,8,0,0,0,0,0,0,0,36,1,684,4664,0,30-39,4,-0.086800045524254,-1.2028041897010384
238,1967,2n Cycle,Together,67309.0,1,1,2013-01-23,76,515,47,181,149,95,95,15,9,6,9,7,0,0,0,0,0,0,0,58,2,1082,4578,0,50-59,4,1.5733325301069305,0.06189834180811022
6694,1964,Graduation,Married,75236.0,0,1,2013-11-25,27,438,66,400,12,38,114,1,8,3,13,4,0,0,0,0,0,0,0,61,1,1068,4272,0,60-69,4,2.646420460890331,-1.0484248342260984
498,1970,Graduation,Single,30015.0,1,0,2014-02-02,28,25,0,22,2,3,5,2,1,0,4,5,0,0,0,0,0,0,0,55,1,57,4203,0,50-59,0,-1.525072771268716,-0.2775664313467665
9347,1956,Master,Together,50943.0,0,1,2013-06-21,49,31,0,7,2,0,6,1,1,0,3,5,0,0,0,0,0,0,0,69,1,46,4429,0,60-69,1,-1.109942858551433,0.5780716264184527
9699,1966,Graduation,Divorced,67272.0,0,1,2013-12-21,12,357,35,271,28,28,14,3,6,2,12,5,0,0,0,0,0,0,0,59,1,733,4246,0,50-59,4,1.6206053733988732,-1.414497761871592
10664,1949,Master,Widow,51529.0,0,1,2013-09-07,14,400,4,35,6,0,22,2,9,1,5,8,0,0,0,0,0,0,0,76,1,467,4351,0,70+,4,0.2244808861652509,-1.7289131971801739
5455,1971,PhD,Married,32011.0,1,0,2013-08-22,89,99,0,15,2,1,5,3,2,1,4,7,0,0,0,0,0,0,0,54,1,122,4367,0,50-59,3,-1.6039250061383683,1.2650587806365572
456,1986,2n Cycle,Married,7500.0,1,0,2013-02-07,96,1,11,5,4,6,9,2,2,0,3,8,0,0,0,0,0,0,0,39,1,36,4563,0,30-39,3,-2.6185531490852707,1.1955665759456031
5012,1989,Graduation,Married,28691.0,1,0,2013-07-04,56,5,4,13,8,0,4,1,1,0,3,8,0,0,0,0,0,0,0,36,1,34,4416,0,30-39,3,-2.401379781839594,0.08329434971368213
7495,1948,PhD,Married,56223.0,0,1,2013-12-20,72,77,28,31,16,0,4,2,2,1,5,4,0,0,0,0,0,0,0,77,1,156,4247,0,70+,1,-0.23597938133794877,1.335054274513727
5029,1946,Graduation,Married,18100.0,0,0,2013-08-06,14,3,1,2,4,3,1,1,0,0,3,5,0,0,0,0,0,0,0,79,0,14,4383,0,70+,1,-1.774744014113277,-0.3794524526530814
10642,1989,Graduation,Single,30279.0,1,0,2012-12-30,13,10,4,14,4,4,1,1,1,0,3,8,0,0,0,0,0,0,0,36,1,37,4602,0,30-39,0,-2.3802207962796804,-1.2479425100682136
2106,1974,2n Cycle,Married,20130.0,0,0,2014-03-17,99,0,6,3,7,6,12,1,1,0,3,8,0,0,0,0,0,0,0,51,0,34,4160,0,50-59,3,-2.3680947635196734,1.5391750576879226
10364,1959,Graduation,Divorced,23295.0,0,0,2013-07-13,72,0,0,1,2,12,5,1,1,0,2,8,0,0,0,0,0,0,0,66,0,20,4407,0,60-69,3,-2.290068884900926,0.873762279082463
5954,1972,Master,Divorced,42618.0,1,0,2013-10-09,92,76,14,74,13,5,10,2,5,0,4,8,0,0,0,0,0,0,0,53,1,192,4319,0,50-59,3,-1.1122897053322904,0.9261249457775341
1137,1964,Graduation,Single,81246.0,0,0,2013-12-29,87,398,190,537,61,156,37,1,4,5,7,1,1,0,1,0,0,0,0,61,0,1379,4238,1,60-69,5,2.093226110096818,1.7512855051078606
2541,1976,Graduation,Married,24027.0,1,0,2013-06-09,7,14,7,11,11,0,5,2,2,0,3,8,0,0,0,0,0,0,0,49,1,48,4441,0,40-49,0,-2.1986738274979416,-1.4359642234940686
1142,1953,PhD,Married,55707.0,0,1,2013-12-22,91,208,7,82,30,66,35,2,3,2,9,3,0,0,0,0,0,0,0,72,1,428,4245,0,70+,5,0.7973093352555163,1.7785372874384908
2276,1955,Graduation,Single,57959.0,0,1,2013-05-02,71,430,16,322,43,24,33,5,4,7,11,3,0,0,0,0,0,0,0,70,1,868,4479,0,60-69,5,1.605313200721014,0.9713470497131064
2807,1969,Graduation,Married,56796.0,0,1,2013-02-16,24,656,38,161,62,47,37,3,8,9,7,7,0,0,0,0,0,0,0,56,1,1001,4554,0,50-59,4,0.8448829155735322,-1.4345557697675337
6471,1971,Master,Single,36230.0,1,0,2013-10-17,17,14,2,30,8,2,3,1,2,0,4,5,0,0,0,0,0,0,0,54,1,59,4311,0,50-59,0,-1.2887545084805734,-0.7233057070442648
6131,1980,2n Cycle,Married,70829.0,1,1,2013-12-01,87,141,70,106,72,19,23,2,4,2,8,3,0,0,0,0,0,0,0,45,2,431,4266,0,40-49,2,0.740714092373439,1.3508739045060374
6233,1976,Graduation,Married,65991.0,0,1,2012-09-07,21,507,19,364,25,47,9,3,9,5,10,7,0,0,0,0,0,0,0,49,1,971,4716,0,40-49,4,1.4764706550517146,-1.7532705486048847
4148,1972,Graduation,Married,38988.0,1,2,2012-08-20,90,164,24,103,12,3,42,7,5,1,6,8,0,0,0,0,0,0,0,53,3,348,4734,0,50-59,3,-0.7580429170345852,0.801775019837728
4947,1966,2n Cycle,Single,89572.0,0,0,2012-09-15,44,606,24,974,197,194,64,1,7,7,9,4,1,0,0,1,0,1,0,59,0,2059,4708,1,50-59,2,3.0157856889763646,-0.33446102418874324
3225,1984,Master,Married,42207.0,1,0,2013-04-01,71,116,11,72,3,17,46,4,4,1,5,6,0,0,1,0,0,1,0,41,1,265,4510,1,40-49,3,-0.8897318798648367,0.4777942564435794
7540,1952,Graduation,Married,50300.0,0,1,2014-05-25,52,143,15,60,24,23,5,2,2,1,8,2,0,0,0,0,0,0,0,73,1,270,4091,0,70+,1,0.43968680136252164,0.82113325146894
10648,1982,2n Cycle,Together,66664.0,0,0,2012-09-25,78,398,96,447,220,96,32,1,5,7,6,3,0,0,0,0,0,0,0,43,0,1289,4698,0,40-49,2,1.2001478123791978,0.9533876159979509
1992,1964,Graduation,Married,60597.0,0,1,2014-01-01,2,522,0,257,32,16,66,4,2,2,8,7,1,0,0,0,0,1,0,61,1,893,4235,1,60-69,0,0.2297453650413874,-1.4282775975884119
7851,1949,Graduation,Widow,70165.0,0,0,2013-09-22,60,161,0,253,199,191,122,1,3,7,11,1,0,0,0,0,0,0,0,76,0,926,4336,0,70+,5,2.1292041149735916,1.0558732815831924
8594,1958,PhD,Widow,50520.0,0,1,2014-01-28,25,112,0,6,2,1,14,2,3,1,3,6,0,0,0,0,0,0,0,67,1,135,4208,0,60-69,1,-0.9618767576114878,-0.5251518637378293
7059,1963,Graduation,Married,80124.0,0,0,2014-06-26,47,483,84,398,205,84,241,1,3,7,8,1,0,0,1,0,0,0,0,62,0,1495,4059,1,60-69,5,2.184652204261329,0.5972064873901904
2815,1975,Graduation,Married,33183.0,1,0,2014-02-24,46,7,5,39,17,15,37,2,4,0,3,7,0,0,0,0,0,0,0,50,1,120,4181,0,40-49,0,-1.5238614943724573,-0.29822790702634994
2416,1969,PhD,Single,66582.0,0,0,2014-03-03,83,789,25,420,16,38,0,1,2,8,9,1,0,0,0,0,0,0,0,56,0,1288,4174,0,50-59,2,1.7045053775063028,1.719310625735749
7999,1955,PhD,Together,75261.0,0,0,2013-04-23,17,1239,17,413,23,34,17,1,5,6,5,2,0,0,0,1,1,1,0,70,0,1743,4488,1,60-69,5,2.066401244437139,-0.5411390733593545
9213,1970,Graduation,Widow,31880.0,1,0,2012-10-31,13,4,1,5,2,0,3,1,1,0,2,8,0,0,0,0,0,0,0,55,1,15,4662,0,50-59,0,-2.282472277055946,-1.0410347474080213
9697,1951,Graduation,Married,53790.0,0,2,2014-03-06,86,335,42,127,28,5,5,3,7,2,8,6,0,0,0,0,0,0,0,74,2,542,4171,0,70+,4,0.8041854903523625,0.8697888799979976
3916,1971,PhD,Together,49269.0,1,0,2012-08-15,92,639,8,166,11,8,58,3,7,3,12,7,0,0,0,0,0,0,0,54,1,890,4739,0,50-59,4,1.1991573975209098,0.6315631954664488
2021,1975,Graduation,Married,61456.0,0,1,2013-03-27,47,563,76,384,84,192,89,4,6,10,13,4,0,0,0,0,0,0,0,50,1,1388,4515,0,40-49,2,2.2623099601912977,-0.3551434878664259
1581,1980,Graduation,Married,37406.0,1,0,2013-10-10,18,2,0,8,2,2,3,1,1,0,2,8,0,0,0,0,0,1,0,45,1,17,4318,1,40-49,0,-2.297580207140757,-0.9670595493686973
564,1981,PhD,Together,56937.0,1,0,2012-08-04,81,746,8,125,11,8,8,7,8,6,9,6,0,0,0,1,0,1,0,44,1,906,4750,1,40-49,4,1.0812852400713306,0.29459029831238287
6619,1978,Graduation,Married,38415.0,1,1,2013-01-02,91,22,1,13,4,0,4,2,1,0,3,7,0,0,0,0,0,0,0,47,2,44,4599,0,40-49,3,-1.9126735132586796,1.4121440100584939
9081,1988,Graduation,Single,20518.0,1,0,2014-05-18,58,4,1,6,4,1,9,1,1,1,2,5,0,0,0,0,0,0,0,37,1,25,4098,0,30-39,3,-2.2341901050204576,0.5128904173155538
178,1956,Graduation,Married,62503.0,0,1,2013-02-18,40,478,0,193,110,75,117,4,8,3,11,5,0,0,0,0,0,0,0,69,1,973,4552,0,60-69,4,1.9823899600807766,-0.6644553384870343
916,1972,PhD,Single,41644.0,1,1,2014-05-09,67,20,3,4,2,0,2,2,1,0,3,3,0,0,0,0,0,0,0,53,2,31,4107,0,50-59,1,-1.180436525220781,1.2008234517438783
5512,1977,Master,Married,55842.0,0,1,2014-05-23,19,451,0,39,0,4,24,1,7,1,8,5,0,0,0,0,0,0,0,48,1,518,4093,0,40-49,4,0.6414982058191357,-1.3308818691130668
8970,1972,PhD,Married,62010.0,0,1,2012-10-23,93,371,22,39,6,0,92,4,6,2,7,5,0,0,0,0,0,0,0,53,1,530,4670,0,50-59,4,0.5695153296682818,1.1600614658428292
10581,1977,Graduation,Married,41124.0,1,0,2012-10-31,41,281,7,84,15,0,119,7,7,3,4,8,0,0,0,0,0,0,0,48,1,506,4662,0,40-49,4,-0.6845053164609141,-0.9361110284267309
5300,1973,Master,Married,38961.0,1,0,2013-12-30,60,19,7,19,0,1,24,1,2,1,2,7,0,0,0,0,0,0,0,52,1,70,4237,0,50-59,3,-1.840550741031804,0.4123969917728948
5154,1972,Master,Divorced,37760.0,1,0,2013-08-11,54,26,3,13,2,10,0,1,2,0,3,6,0,0,0,0,0,0,0,53,1,54,4378,0,50-59,3,-1.566354467577809,0.32641621063520726
8346,1974,Graduation,Single,32233.0,1,0,2012-08-19,26,138,15,35,25,11,72,2,6,2,2,9,0,0,1,0,0,1,0,51,1,296,4735,1,50-59,0,-1.5743398668806374,-1.346422569249569
1676,1975,Graduation,Married,43057.0,0,1,2013-10-30,30,213,2,44,0,2,5,4,4,2,5,5,0,0,0,0,0,0,0,50,1,266,4298,0,40-49,0,-0.6198832942175416,-0.5911813281452669
9286,1960,Master,Together,83151.0,0,0,2012-10-10,93,407,28,100,120,74,18,1,5,9,4,3,0,0,0,0,0,0,0,65,0,747,4683,0,60-69,5,1.0343666429817726,1.7301946786610916
2426,1964,PhD,Divorced,78825.0,0,0,2012-09-14,35,483,74,114,169,37,18,1,5,10,13,3,0,0,0,0,0,1,0,61,0,895,4709,1,60-69,5,2.3257286844469234,-0.3414642462801587
5172,1976,Master,Together,65104.0,0,1,2013-11-14,4,738,0,232,13,20,50,2,3,5,7,7,0,0,0,0,0,0,0,49,1,1053,4283,0,40-49,0,0.2904683707259912,-1.5586529323941762
5562,1974,Graduation,Married,60093.0,0,1,2013-06-26,92,502,12,109,16,6,90,2,7,2,10,6,0,0,0,0,0,0,0,51,1,735,4424,0,50-59,4,1.0978359070708752,0.7994853445358009
3436,1969,Graduation,Married,14045.0,1,0,2014-01-26,24,11,0,5,2,1,1,1,1,0,3,7,0,0,0,0,0,0,0,56,1,20,4210,0,50-59,0,-2.2991060041614806,-0.6380282656525088
3921,1952,2n Cycle,Widow,28457.0,0,0,2012-10-28,96,24,1,108,29,29,14,1,4,1,4,8,0,0,0,0,0,0,0,73,0,205,4665,0,70+,1,-1.2553550344043236,1.3141000249577992
3403,1958,PhD,Together,78952.0,0,1,2012-09-24,11,1170,19,594,99,76,134,2,2,5,12,6,0,0,0,0,0,0,0,67,1,2092,4699,0,60-69,5,2.3985180318568244,-1.0717188246341203
22,1976,Graduation,Divorced,46310.0,1,0,2012-12-03,99,185,2,88,15,5,14,2,6,1,5,8,0,0,0,0,0,0,0,49,1,309,4629,0,40-49,3,-0.7126289911253085,0.9769678894002493
10965,1955,Graduation,Together,76005.0,0,0,2013-02-22,72,983,20,389,240,50,40,1,3,5,13,6,1,0,0,0,0,0,0,70,0,1722,4548,1,60-69,5,2.362271507120205,0.7225294939549184
9426,1964,Master,Single,58308.0,0,1,2013-01-12,77,691,0,69,10,0,130,4,2,6,3,8,0,0,0,0,0,0,0,61,1,900,4589,0,60-69,3,-0.6705531353441836,0.8984955295621376
6605,1944,PhD,Divorced,55614.0,0,0,2013-11-27,85,504,13,131,8,0,26,1,9,4,6,7,0,0,0,1,0,0,0,81,0,682,4270,1,70+,4,0.8618609340306967,0.6169170951819375
3136,1962,Master,Divorced,59432.0,0,1,2013-04-13,88,317,25,265,25,19,12,3,5,3,11,5,0,0,0,0,0,0,0,63,1,663,4498,0,60-69,5,1.2042351931582802,1.099971851880606
8737,1978,Graduation,Divorced,55563.0,0,1,2014-04-05,22,29,1,9,2,0,2,1,2,0,3,3,0,0,0,0,0,0,0,47,1,43,4141,0,40-49,0,-0.8606649881112022,-0.32994734329917486
11088,1971,PhD,Together,78642.0,0,1,2013-04-21,83,1396,0,322,46,35,17,1,4,9,4,6,0,0,0,0,0,0,0,54,1,1816,4490,0,50-59,2,1.1194757845695396,1.0265056068234937
716,1949,PhD,Together,67911.0,0,1,2014-05-22,63,529,0,356,63,28,0,3,6,7,11,3,0,0,0,0,0,0,0,76,1,976,4094,0,70+,5,2.2203279602320807,0.5802389304593045
466,1944,Graduation,Married,65275.0,0,0,2013-04-03,9,388,14,218,91,14,21,1,4,3,13,2,0,0,0,0,0,0,0,81,0,746,4508,0,70+,5,2.203603202576092,-0.7603703329859671
9135,1950,Graduation,Together,27203.0,1,1,2012-08-06,92,13,2,21,4,0,24,2,1,1,2,8,0,0,0,0,0,0,0,75,2,64,4748,0,70+,1,-2.0643392206927405,1.586399313765021
10623,1961,Master,Together,48330.0,0,1,2013-11-15,2,28,0,4,0,0,0,1,1,0,3,5,0,0,0,0,0,0,0,64,1,32,4282,0,60-69,0,-1.2442466622227637,-0.9332303309618829
8151,1990,Basic,Married,24279.0,0,0,2012-12-29,6,16,36,21,20,62,108,1,4,1,3,8,0,0,0,0,0,0,0,35,0,263,4603,0,30-39,0,-1.9182896340598998,-1.8231716511750364
5140,1985,PhD,Married,64355.0,1,0,2012-08-24,66,1047,0,140,67,38,153,2,4,3,12,8,0,0,0,0,0,0,0,40,1,1445,4730,0,30-39,2,1.220999413838651,-0.0816705130909032
10160,1956,Master,Together,50943.0,0,1,2013-06-21,49,31,0,7,2,0,6,1,1,0,3,5,0,0,0,0,0,0,0,69,1,46,4429,0,60-69,1,-1.109942858551433,0.5780716264184527
4945,1953,Graduation,Widow,53653.0,0,0,2012-11-07,29,815,10,239,28,10,108,2,10,4,12,6,0,0,0,0,0,0,0,72,0,1210,4655,0,70+,4,2.306885619462726,-1.3658921756565565
10584,1976,Graduation,Married,65665.0,0,1,2013-12-02,77,225,162,387,106,36,29,1,5,10,8,3,0,0,0,0,0,0,0,49,1,945,4265,0,40-49,2,1.255876224332696,0.9395115778244534
6071,1989,Graduation,Single,81217.0,0,0,2013-07-19,77,493,70,324,146,40,84,1,3,7,11,1,0,0,0,0,0,0,0,36,0,1157,4401,0,30-39,2,2.0480383627408383,1.225759558887241
3386,1992,Graduation,Married,34935.0,0,0,2013-06-21,71,34,4,66,3,10,20,1,2,1,4,7,0,0,0,0,0,0,0,33,0,137,4429,0,30-39,3,-1.7973351173957008,0.515544762309257
8939,1959,Graduation,Divorced,61250.0,0,1,2012-12-16,49,382,138,65,60,26,59,6,5,2,12,5,0,0,0,0,0,0,0,66,1,730,4616,0,60-69,5,1.4671245559160344,-0.10495028336824852
9925,1981,PhD,Together,39665.0,1,0,2013-05-25,97,127,1,56,0,1,31,3,4,2,3,7,0,0,1,0,0,0,0,44,1,216,4456,1,40-49,3,-1.380867824395582,1.2401010792331244
4320,1979,Graduation,Single,60152.0,0,1,2013-03-28,6,325,83,300,86,58,91,1,6,4,12,3,0,0,0,0,0,0,0,46,1,943,4514,0,40-49,2,1.8111449616534596,-1.5113380175862485
5389,1964,Graduation,Married,48920.0,0,2,2013-10-20,93,238,17,68,8,10,6,3,6,2,5,7,0,0,0,1,0,0,0,61,2,347,4308,1,60-69,3,-0.3326911208175165,1.0253095242137913
6036,1959,Master,Together,89120.0,0,0,2014-03-17,78,1168,92,408,72,129,55,1,5,6,7,1,0,0,0,0,1,0,0,66,0,1924,4160,1,60-69,5,2.892312900793471,1.4090543577556416
182,1946,PhD,Together,44124.0,0,1,2013-05-11,62,284,0,55,0,6,52,4,6,2,5,8,0,0,0,0,0,0,0,79,1,397,4470,0,70+,1,-0.3230161124440118,0.10178428429705716
203,1975,Master,Single,81169.0,0,0,2013-04-14,47,1288,20,613,80,61,27,1,5,7,9,2,0,0,0,0,0,0,0,50,0,2089,4497,0,40-49,2,2.816063939862799,0.10689721697386223
11025,1961,Graduation,Married,36443.0,1,1,2013-02-03,9,65,0,46,4,3,20,4,3,1,3,8,0,0,0,0,0,0,0,64,2,138,4567,0,60-69,0,-1.5727631323534976,-1.3169793823156475
10203,1990,Graduation,Single,26095.0,1,0,2013-06-30,77,11,7,9,3,1,11,1,1,0,3,7,0,0,0,0,0,0,0,35,1,42,4420,0,30-39,3,-2.2963267235966724,0.836966177264993
4607,1959,Graduation,Together,71367.0,0,0,2013-08-23,24,227,23,389,42,21,75,1,4,5,7,2,0,0,0,0,0,0,0,66,0,777,4366,0,60-69,5,1.2905101428495456,-0.2767025360773118
3711,1944,Master,Married,80184.0,0,0,2014-03-01,19,1035,134,670,25,38,0,1,6,3,10,3,1,0,0,0,1,0,0,81,0,1902,4176,1,70+,5,3.1356810870301968,-0.718103106212174
3696,1965,Graduation,Divorced,30630.0,1,1,2014-01-27,67,27,1,12,2,0,10,2,2,0,3,7,0,0,0,0,0,0,0,60,2,52,4209,0,50-59,3,-1.7672095064464586,0.6619872366604633
2532,1987,Master,Single,73454.0,0,0,2014-03-01,95,982,73,351,56,14,175,1,2,4,6,5,0,0,1,0,0,0,0,38,0,1651,4176,1,30-39,2,0.8704348877380905,1.529600044647833
9214,1991,Graduation,Married,42691.0,0,0,2013-08-16,48,179,2,64,38,17,58,1,5,1,6,5,0,0,0,0,0,0,0,34,0,358,4373,0,30-39,0,-0.46126965666839426,-0.31983496980134035
4943,1953,Graduation,Married,70503.0,0,0,2012-09-30,73,1379,33,216,0,33,66,1,2,4,9,6,0,0,0,1,1,0,0,72,0,1727,4693,1,70+,5,1.5717547737563273,0.9658763143883888
35,1987,Graduation,Married,25545.0,1,0,2012-09-08,35,32,1,64,16,12,85,3,2,2,3,6,0,0,0,0,0,1,0,38,1,210,4715,1,30-39,0,-1.8527597049804105,-0.43728205817858
2258,1986,Graduation,Married,32880.0,1,0,2012-12-04,76,8,4,15,7,6,2,1,1,0,3,8,0,0,0,0,0,0,0,39,1,42,4628,0,30-39,3,-2.273960061670255,0.7415397331775301
4322,1958,PhD,Together,77863.0,0,0,2013-11-27,20,881,38,319,16,25,12,1,4,5,10,2,0,0,0,0,0,0,0,67,0,1291,4270,0,60-69,5,2.294563394123264,-0.46722698694504256
713,1977,Master,Married,50353.0,0,0,2014-06-08,72,141,15,153,67,31,35,1,4,4,6,3,0,0,0,0,0,0,0,48,0,442,4077,0,40-49,2,0.10586121835054702,0.9148795258404273
4702,1964,Graduation,Single,61839.0,0,0,2012-08-12,20,1000,155,379,224,17,120,1,4,8,4,8,0,0,0,0,0,0,0,61,0,1895,4742,0,60-69,4,0.6311523748140975,-1.1392984587473995
3281,1960,PhD,Married,49154.0,1,1,2013-11-03,69,206,10,67,30,27,71,6,4,1,8,6,0,0,0,0,0,0,0,65,2,411,4294,0,60-69,1,0.09386341497488397,0.5787046134552645
702,1975,2n Cycle,Widow,47682.0,0,1,2013-02-15,80,162,61,83,97,57,61,4,4,3,8,5,0,0,0,0,0,0,0,50,1,521,4555,0,40-49,3,0.13253209463696672,0.8897407869606943
2004,1969,Graduation,Single,72679.0,0,1,2013-09-18,65,619,54,260,127,54,54,1,4,7,5,1,0,0,0,0,0,0,0,56,1,1168,4340,0,50-59,2,1.395796686107849,1.05779428460172
4769,1977,Master,Together,57954.0,1,1,2014-06-18,52,456,4,24,0,0,9,7,8,2,6,7,0,0,0,1,0,0,0,48,2,493,4067,1,40-49,4,0.2022818316728517,-0.5960466478425189
4437,1962,Graduation,Married,65316.0,1,1,2013-04-24,65,112,6,92,3,9,38,2,3,2,5,4,0,0,0,0,0,0,0,63,2,260,4487,0,60-69,1,-0.01717209309032967,0.8946363807338876
8724,1982,Graduation,Single,28567.0,1,0,2013-06-17,57,11,3,22,2,2,6,2,2,0,3,6,0,0,0,0,0,0,0,43,1,46,4433,0,40-49,3,-1.8673658858017643,0.3050378286141871
10741,1951,Master,Together,47352.0,0,1,2013-04-11,70,172,12,112,8,0,15,4,6,1,5,7,0,0,0,0,0,0,0,74,1,319,4500,0,70+,1,-0.23311562016054102,0.4306629127129162
1991,1967,Graduation,Together,44931.0,0,1,2014-01-18,0,78,0,11,0,0,7,1,2,1,3,5,0,0,0,0,0,0,0,58,1,96,4218,0,50-59,0,-1.195238057003605,-1.1705750979736345
6931,1967,Graduation,Divorced,76982.0,0,0,2014-02-15,19,464,151,292,65,60,30,1,8,3,4,4,0,0,0,0,1,1,0,58,0,1062,4190,1,50-59,4,1.3235068625753812,-1.1018792134230724
11096,1952,2n Cycle,Together,57247.0,0,1,2013-08-08,50,99,4,32,37,54,6,2,2,1,7,2,0,0,0,0,0,0,0,73,1,232,4381,0,70+,1,0.39206368508529854,0.8005332328548682
304,1981,Master,Single,22944.0,1,0,2013-12-23,67,19,3,19,4,5,26,3,3,0,3,7,0,0,0,0,0,0,0,44,1,76,4244,0,40-49,3,-1.9541416725332608,0.3845252870594022
3665,1977,2n Cycle,Together,25315.0,1,0,2013-11-07,46,1,9,8,11,3,22,3,3,0,3,8,0,0,0,0,0,0,0,48,1,54,4290,0,40-49,0,-2.0386076944375997,-0.3410457259378559
10591,1969,Graduation,Widow,43638.0,0,1,2012-08-06,37,63,10,83,7,19,19,2,4,1,4,7,0,0,0,0,0,0,0,56,1,201,4748,0,50-59,0,-1.042185195502296,-0.5245428886480098
5036,1984,PhD,Single,42710.0,1,0,2012-11-28,38,252,3,42,4,3,102,2,4,5,3,6,0,0,0,0,0,0,0,41,1,406,4634,0,40-49,0,-1.0615827844022756,-0.501620684212398
5547,1982,PhD,Married,84169.0,0,0,2013-08-07,9,1478,19,403,0,19,0,1,7,6,6,3,0,0,0,1,1,1,0,43,0,1919,4382,1,40-49,2,2.308151111201299,-1.3881479153149876
7822,1976,Graduation,Together,54058.0,0,1,2013-06-04,56,198,18,252,32,108,54,2,4,6,8,3,0,0,0,0,0,0,0,49,1,662,4446,0,40-49,2,0.6606229693703474,0.3798900146500212
8541,1990,2n Cycle,Married,24683.0,1,0,2014-03-08,98,8,4,10,6,7,6,2,2,0,4,5,0,0,0,0,0,0,0,35,1,41,4169,0,30-39,3,-1.731952925862351,1.5870736847502758
10955,1964,Graduation,Widow,85620.0,0,0,2014-01-07,68,416,46,925,60,107,46,1,3,6,4,1,0,0,0,0,0,1,0,61,0,1600,4229,1,60-69,5,1.786764378785921,1.3458878117181143
4368,1980,Graduation,Married,47850.0,1,0,2013-12-03,72,42,7,43,20,12,10,1,3,0,4,6,0,0,0,0,0,0,0,45,1,134,4264,0,40-49,3,-1.1234571011247365,0.6970782099090269
9671,1968,Graduation,Married,19514.0,1,1,2014-01-26,47,14,3,21,2,1,28,4,3,1,2,8,0,0,1,0,0,1,0,57,2,69,4210,1,50-59,0,-2.170756938849684,-0.2150520163848973
2256,1973,Master,Married,27159.0,1,1,2014-03-29,33,17,0,3,0,0,1,2,1,0,3,6,0,0,0,0,0,0,0,52,2,21,4148,0,50-59,0,-1.9441212230606741,-0.2488638517973826
4279,1963,2n Cycle,Single,39548.0,1,1,2014-03-31,87,15,4,10,3,4,18,2,1,1,3,3,0,0,0,0,0,0,0,62,2,54,4146,0,60-69,1,-1.0853811811984255,1.9004692732765975
5371,1989,Graduation,Single,21474.0,1,0,2014-04-08,0,6,16,24,11,0,34,2,3,1,2,7,0,0,1,0,0,1,0,36,1,91,4138,1,30-39,0,-2.2301228829374087,-1.7498018359361975
9240,1971,PhD,Single,60504.0,0,1,2014-02-07,73,458,0,24,6,4,34,2,6,2,8,6,0,0,0,0,0,0,0,54,1,526,4198,0,50-59,4,0.5366905651007755,0.40361262959650873
9460,1963,Graduation,Married,22419.0,0,0,2013-04-18,74,30,3,47,19,21,42,1,3,2,2,8,0,0,0,0,0,0,0,62,0,162,4493,0,60-69,3,-1.9695893915895542,0.6733873331920144
9504,1949,Master,Married,81698.0,0,0,2013-11-06,4,179,28,520,111,123,47,1,3,8,13,1,0,0,0,0,0,1,0,76,0,1008,4291,1,70+,5,2.6922406059770423,-0.7075197175487652
8692,1952,Graduation,Together,43462.0,1,1,2012-09-12,50,90,17,97,15,6,15,6,4,1,5,8,0,0,0,0,0,0,0,73,2,240,4711,0,70+,1,-0.8097746500150915,-0.10502897293388616
448,1978,PhD,Single,54880.0,1,0,2013-03-01,57,308,85,137,102,45,118,2,6,2,11,5,0,0,0,0,0,0,0,47,1,795,4541,0,40-49,4,1.1592122368125932,-0.13630763832792814
8314,1982,Graduation,Married,79908.0,0,0,2013-04-05,30,557,129,761,29,185,111,1,5,6,7,2,0,0,0,0,1,0,0,43,0,1772,4506,1,40-49,2,2.1436305112921956,-0.42982324948932893
8420,1970,2n Cycle,Married,15315.0,0,0,2013-08-03,27,7,4,13,15,8,17,2,2,0,4,5,0,0,0,0,0,0,0,55,0,64,4386,0,50-59,0,-1.6632474305491602,-0.45145478003565037
3174,1959,Graduation,Together,87771.0,0,1,2013-05-22,61,1492,38,287,50,57,33,1,5,10,4,6,1,1,0,1,1,1,0,66,1,1957,4459,1,60-69,5,1.683632811071579,0.36311687511907553
7685,1978,Graduation,Married,33039.0,1,0,2013-09-09,4,30,8,12,8,8,12,1,2,0,4,5,0,0,0,0,0,0,0,47,1,78,4349,0,40-49,0,-1.42163332454551,-1.2004240994411206
3179,1980,Graduation,Single,81741.0,0,0,2013-06-16,75,249,153,940,58,134,38,0,6,6,7,2,0,0,0,0,0,0,0,45,0,1572,4434,0,40-49,2,2.1784735536552557,0.8877880288206976
9780,1971,Master,Together,71499.0,0,1,2013-06-25,12,465,25,132,136,0,37,2,8,3,13,4,0,0,0,0,0,0,0,54,1,795,4425,0,50-59,4,2.2565707197942726,-1.5788530976797464
10681,1970,2n Cycle,Married,62466.0,0,1,2014-01-15,13,129,129,259,168,121,83,5,6,3,12,4,0,0,0,0,0,0,0,55,1,889,4221,0,50-59,4,1.7669929177791974,-1.3199043287619874
10232,1963,PhD,Divorced,48799.0,0,1,2013-11-05,9,174,18,81,28,6,24,3,3,2,7,3,0,0,0,0,0,0,0,62,1,331,4292,0,60-69,1,0.15046810524784135,-0.8244237554172062
4184,1950,PhD,Together,52157.0,0,1,2014-06-07,48,189,2,29,3,2,40,2,3,2,5,4,0,0,0,0,0,0,0,75,1,265,4078,0,70+,1,-0.11850745656120827,0.4492538713828688
9120,1962,Graduation,Single,66565.0,0,1,2012-12-05,80,747,10,161,65,40,42,4,4,2,9,8,0,0,0,0,0,0,0,63,1,1065,4627,0,60-69,4,0.789330739004163,0.6596225460242161
891,1951,Master,Together,29298.0,1,1,2013-09-07,60,6,0,2,2,0,1,1,1,0,2,5,0,0,0,0,0,0,0,74,2,11,4351,0,70+,1,-1.6285776987877358,0.9424938883233103
10381,1979,Graduation,Single,47691.0,0,1,2013-07-05,43,14,0,3,0,0,4,1,1,0,2,6,0,0,0,0,0,0,0,46,1,21,4415,0,40-49,0,-1.7742029321111228,0.07648001973266769
3525,1970,Graduation,Together,38200.0,1,1,2012-12-07,19,12,0,4,0,0,1,1,1,0,2,7,0,0,0,0,0,0,0,55,2,17,4625,0,50-59,0,-2.006432489562296,-0.7230310041002231
6818,1974,Graduation,Married,44989.0,0,1,2012-09-12,26,98,0,106,49,10,106,5,5,1,5,6,0,0,0,0,0,0,0,51,1,369,4711,0,50-59,0,-0.506624903016116,-0.9315179296024895
3526,1968,PhD,Married,38443.0,1,1,2014-01-27,58,32,0,5,0,0,1,2,1,0,3,7,0,0,0,0,0,0,0,57,2,38,4209,0,50-59,3,-1.8037603037599246,0.4818437099538526
8181,1978,2n Cycle,Single,38593.0,1,0,2013-09-13,42,51,12,49,17,24,24,3,4,1,3,8,0,0,0,0,0,0,0,47,1,177,4345,0,40-49,0,-1.5655515920615553,-0.5575198231536419
1029,1970,PhD,Together,64413.0,0,1,2013-08-01,27,200,5,44,0,10,20,1,5,1,5,5,0,0,0,0,0,0,0,55,1,279,4388,0,50-59,0,-0.014061565012388474,-0.6981233219875288
7369,1981,Master,Married,36959.0,1,0,2013-10-02,56,25,6,25,6,0,0,2,2,0,3,8,0,0,0,0,0,0,0,44,1,62,4326,0,40-49,3,-1.9917648558588692,0.06720483469692587
2574,1977,PhD,Married,61996.0,0,1,2013-01-31,27,1050,12,144,0,0,24,3,6,4,8,5,1,1,0,1,0,1,0,48,1,1230,4570,1,40-49,2,1.2268664298493597,-0.9838939735372916
8159,1968,Graduation,Married,51287.0,1,1,2014-04-01,10,117,0,22,13,0,30,3,4,1,3,7,0,0,0,0,0,0,0,57,2,182,4145,0,50-59,0,-1.054914127052872,-1.3108370950275745
1160,1970,Graduation,Married,13260.0,1,1,2013-08-23,48,9,4,17,10,2,7,4,3,0,3,8,0,0,0,0,0,0,0,55,2,49,4366,0,50-59,3,-2.183669370801443,-0.2406764235534841
10242,1966,PhD,Together,47472.0,1,1,2013-09-16,39,56,0,11,0,0,8,2,2,0,4,5,0,0,0,0,0,0,0,59,2,75,4342,0,50-59,1,-0.996943632807427,0.03161070092749242
5253,1956,Master,Together,54603.0,1,1,2013-07-09,85,145,13,46,17,2,4,6,4,2,4,7,0,0,0,0,0,0,0,69,2,227,4411,0,60-69,1,-0.6426909649176559,1.1114871252910772
5966,1974,PhD,Married,45207.0,1,1,2012-11-10,64,203,0,10,0,0,2,5,3,1,6,6,0,0,0,1,0,0,0,51,2,215,4652,1,50-59,3,-0.7421916110203652,0.44757867174686755
5314,1951,Graduation,Together,40689.0,0,1,2013-03-18,69,270,3,27,39,6,99,7,7,1,5,8,0,0,0,0,0,0,0,74,1,444,4524,0,70+,1,-0.27445453363563355,0.153687185073132
5081,1967,2n Cycle,Together,47821.0,1,1,2013-10-20,54,9,0,16,6,6,10,1,1,0,3,8,0,0,0,0,0,0,0,58,2,47,4308,0,50-59,3,-1.7624250599619875,0.2707731465932354
5123,1951,Master,Married,27450.0,0,0,2013-04-15,57,37,12,23,8,11,52,1,2,1,3,7,0,0,0,0,0,0,0,74,0,143,4496,0,70+,1,-1.582031730716031,0.4724864820244724
5756,1983,Graduation,Together,39453.0,1,0,2014-04-03,64,46,0,7,0,0,2,2,2,0,3,6,0,0,0,0,0,0,0,42,1,55,4143,0,40-49,3,-1.6653261051571422,0.5374986449042819
8036,1971,2n Cycle,Together,26850.0,1,1,2014-04-18,10,31,1,13,7,2,9,4,2,1,4,4,0,0,0,0,0,0,0,54,2,63,4128,0,50-59,0,-1.309837573681429,-0.8447580335937641
9058,1955,Graduation,Widow,79800.0,0,0,2012-09-23,65,1060,21,530,32,0,224,1,5,11,5,3,1,0,1,0,1,1,0,70,0,1867,4700,1,60-69,5,2.115035509556904,0.8375443189898041
5057,1961,Master,Married,61794.0,0,1,2013-09-14,74,264,47,188,54,47,11,2,4,4,10,2,0,0,0,0,0,0,0,64,1,611,4344,0,60-69,5,1.3964339629101266,1.1674835479424088
254,1955,Graduation,Together,53863.0,0,1,2014-05-17,4,399,4,30,6,4,30,3,7,1,7,7,0,0,0,1,0,0,0,70,1,473,4099,1,60-69,4,0.37745862820886833,-1.8036272470178583
4179,1959,Graduation,Together,24221.0,0,0,2013-08-20,94,8,9,9,2,5,22,1,1,1,3,4,0,0,0,0,0,0,0,66,0,55,4369,0,60-69,1,-1.476133255289656,2.0028373427971697
3710,1984,PhD,Single,39684.0,1,0,2012-10-12,41,19,0,35,6,4,17,2,2,1,2,7,0,0,0,0,0,1,1,41,1,81,4681,1,40-49,0,-1.9569300619012036,-0.27926629452667157
7627,1975,Master,Married,92163.0,0,0,2012-12-12,25,817,183,797,106,163,20,0,5,11,5,2,1,0,0,0,1,1,0,50,0,2086,4620,1,40-49,2,2.431532720546743,-0.45354210284720725
4501,1965,Master,Single,69882.0,0,0,2013-11-10,94,292,127,635,132,127,165,1,3,7,9,1,0,0,0,0,0,0,0,60,0,1478,4287,0,50-59,5,2.1112661257832053,1.9902548526023016
6424,1977,Graduation,Together,33178.0,1,0,2014-01-30,9,12,6,2,11,2,16,1,1,0,3,4,0,0,0,0,0,0,0,48,1,49,4206,0,40-49,0,-1.5546371177535365,-0.7837870342168203
3075,1972,PhD,Married,59973.0,0,0,2013-09-11,47,130,30,168,20,34,0,1,3,4,7,1,0,0,0,0,0,0,0,53,0,382,4347,0,50-59,2,0.6115194068621004,0.5292846985614551
4992,1975,Master,Together,17459.0,1,0,2013-09-19,12,6,4,16,3,10,30,3,3,1,2,7,0,0,0,0,0,1,0,50,1,69,4339,1,40-49,0,-2.15016671073811,-1.2544315932080905
5252,1969,Graduation,Divorced,23910.0,1,0,2012-10-26,80,16,12,18,7,1,13,1,2,0,3,7,0,0,0,0,0,0,0,56,1,67,4667,0,50-59,3,-1.9264359022871897,1.0121454880581702
7444,1969,Master,Married,42169.0,1,1,2013-10-19,20,19,0,9,0,0,2,2,1,0,3,8,0,0,0,0,0,0,0,56,2,30,4309,0,50-59,0,-1.9164147087754422,-0.8156996911119764
6919,1978,2n Cycle,Married,26224.0,1,0,2013-06-04,39,4,7,15,13,9,15,3,2,1,3,6,0,0,0,0,0,0,0,47,1,63,4446,0,40-49,0,-1.8529971008663704,-0.2221209119827631
3537,1981,Graduation,Together,31089.0,1,0,2012-08-17,57,31,3,31,2,8,4,3,3,0,4,8,0,0,0,0,0,0,0,44,1,79,4737,0,40-49,3,-1.8090654217131952,-0.049091736520528007
10277,1961,Graduation,Single,30081.0,0,1,2013-02-21,27,36,0,2,0,0,4,1,1,0,3,7,0,0,0,0,0,0,0,64,1,42,4549,0,60-69,0,-1.8803811760048554,-0.434012950094159
2453,1960,Graduation,Together,62807.0,0,1,2012-08-31,83,526,28,135,10,21,99,3,5,3,12,5,0,0,0,0,0,0,0,65,1,819,4723,0,60-69,5,1.568140580475561,0.9415657878370104
7972,1955,Graduation,Single,72906.0,0,0,2013-09-17,79,400,32,519,71,75,54,1,3,4,9,1,0,0,0,0,0,0,0,70,0,1151,4341,0,60-69,5,2.0106375349841623,1.6365476887224457
895,1948,PhD,Married,61467.0,0,2,2012-12-09,69,410,16,114,0,5,49,3,5,2,10,5,0,0,0,0,0,0,0,77,2,594,4623,0,70+,5,1.2045159301880344,0.6728149888293139
1177,1966,Master,Together,49618.0,1,1,2013-01-26,77,80,3,26,4,2,14,4,3,1,3,7,0,0,0,0,0,0,0,59,2,129,4575,0,50-59,3,-1.2218334309874965,0.8947049966430669
7141,1986,Master,Single,21888.0,1,0,2012-12-29,15,88,10,46,2,3,64,4,5,1,2,10,0,0,0,0,0,1,0,39,1,213,4603,1,30-39,0,-2.2749808840762076,-1.8295453712922507
7232,1973,Graduation,Widow,42429.0,0,1,2014-02-11,99,55,0,6,2,0,4,2,1,1,3,5,0,0,0,0,0,0,0,52,1,67,4194,0,50-59,3,-1.4468881332903085,1.9505265105979022
8477,1956,Graduation,Divorced,26150.0,2,1,2013-03-11,61,5,1,13,3,5,1,1,1,0,3,7,0,0,0,0,0,0,0,69,3,28,4531,0,60-69,1,-1.8962147225510309,0.6597724789218493
2457,1975,Basic,Married,30801.0,0,1,2012-10-26,23,8,4,5,15,2,11,2,1,0,3,7,0,0,0,0,0,0,0,50,1,45,4667,0,40-49,0,-2.036260603294467,-0.6879287518158959
988,1965,Graduation,Married,81168.0,0,0,2014-05-07,84,410,0,592,147,22,22,1,6,4,7,3,1,0,0,0,0,0,0,60,0,1193,4109,1,50-59,5,1.8797751663132596,1.2021301965556874
7930,1969,Master,Single,26877.0,0,0,2013-08-19,74,101,13,76,20,18,40,2,3,1,6,6,0,0,0,0,0,0,0,56,0,268,4370,0,50-59,3,-0.9787474258820713,0.7611985952899253
4587,1944,Master,Widow,45006.0,0,0,2013-07-18,90,162,25,53,16,0,10,1,3,1,7,3,0,0,0,0,0,0,0,81,0,266,4402,0,70+,1,0.27744060981422447,1.8616444530087413
6682,1973,Basic,Married,18978.0,1,0,2012-12-11,41,2,8,1,4,7,15,1,1,0,3,8,0,0,0,0,0,0,0,52,1,37,4621,0,50-59,0,-2.3902075287259867,-0.25455537689018287
6222,1967,Graduation,Married,22574.0,2,1,2013-10-28,28,25,0,8,2,0,2,2,2,0,3,7,0,0,0,0,0,0,0,58,3,37,4300,0,50-59,0,-1.9660542928252631,-0.5852491221253903
10299,1969,PhD,Single,48240.0,0,0,2012-11-09,73,389,91,248,64,49,41,3,6,3,13,5,0,0,0,0,0,1,0,56,0,882,4653,1,50-59,4,1.5132317417521994,0.37797566202585825
3083,1974,Graduation,Married,45837.0,1,1,2013-07-26,88,215,13,87,17,17,24,5,6,2,5,7,0,0,0,0,0,0,0,51,2,373,4394,0,50-59,3,-0.4921668952577665,0.7683908411154091
8953,1965,Master,Single,35791.0,2,1,2013-05-06,94,27,0,5,0,0,3,2,1,0,3,8,0,0,0,0,0,0,0,60,3,35,4475,0,50-59,3,-1.964015311897618,1.504105056842507
1503,1976,PhD,Together,162397.0,1,1,2013-06-03,31,85,1,16,2,1,2,0,0,0,1,1,0,0,0,0,0,0,0,49,2,107,4447,0,40-49,2,0.9808548188559268,0.7114492256431223
8650,1978,Graduation,Widow,54162.0,1,1,2013-03-18,31,5,6,10,6,5,10,1,1,0,3,4,0,0,0,0,0,0,0,47,2,42,4524,0,40-49,0,-1.172160178160716,-0.06210157998616006
10862,1960,Master,Married,30522.0,0,1,2012-08-17,6,179,8,83,19,11,26,5,1,2,9,2,0,0,0,0,0,0,0,65,1,326,4737,0,60-69,1,0.01806163652367547,-0.6441416523372472
2782,1961,PhD,Married,54456.0,0,1,2013-07-11,23,352,0,27,10,0,15,3,6,1,7,6,0,0,0,0,0,0,0,64,1,404,4409,0,60-69,4,0.2832594328201866,-1.0399670744146767
6941,1971,Graduation,Single,31632.0,0,0,2013-07-14,92,17,8,12,11,15,32,1,2,1,2,7,0,0,0,0,0,0,0,54,0,95,4406,0,50-59,3,-1.9245876105152107,1.406867834739875
10972,1949,Graduation,Widow,72298.0,0,0,2014-03-10,52,625,35,169,58,17,35,1,4,3,6,1,0,0,0,1,1,0,0,76,0,939,4167,1,70+,5,1.5820987105677948,0.824498569816863
10708,1978,2n Cycle,Single,36975.0,1,0,2013-12-28,50,10,6,11,0,4,2,1,1,0,3,7,0,0,0,0,0,0,0,47,1,33,4239,0,40-49,3,-1.9597683764315892,0.13655414201450164
6583,1955,2n Cycle,Married,72635.0,0,0,2013-06-03,54,390,22,323,104,35,107,1,6,8,6,3,1,0,0,0,0,0,0,70,0,981,4447,1,60-69,5,1.5089435736777295,0.3767822193429175
3641,1976,Graduation,Married,13624.0,1,0,2013-01-20,93,10,2,15,2,1,6,2,2,0,3,6,0,0,0,0,0,0,0,49,1,36,4581,0,40-49,3,-2.074295605877369,1.4449971246440452
10156,1975,Graduation,Single,84196.0,0,1,2013-06-03,56,215,63,507,231,31,190,1,8,4,7,3,0,0,0,0,0,0,0,50,1,1237,4447,0,40-49,2,2.109995835036255,0.026536717712933176
4299,1960,Graduation,Together,70971.0,0,1,2012-09-21,28,1001,17,572,93,125,17,7,11,11,5,7,0,0,0,0,0,1,0,65,1,1825,4702,1,60-69,4,2.0239765021846683,-1.5003713773176799
3469,1977,PhD,Divorced,34487.0,1,1,2012-09-06,94,19,18,33,24,1,8,3,3,0,3,9,0,0,0,0,0,0,0,48,2,103,4717,0,40-49,3,-1.9660295621739698,1.0507917335614907
5063,1977,Graduation,Single,28769.0,1,0,2012-12-18,76,41,5,129,10,3,3,3,4,1,4,9,0,0,0,0,0,0,0,48,1,191,4614,0,40-49,3,-1.7255834750596224,0.34262826170022953
10727,1970,PhD,Married,69084.0,1,0,2013-11-19,43,1181,107,199,39,30,30,2,7,3,13,8,0,0,0,0,0,0,0,55,1,1586,4278,0,50-59,4,2.15006089265165,-1.0003987712937286
9624,1958,PhD,Together,65488.0,0,0,2014-06-13,46,603,45,207,36,18,54,1,3,4,6,1,0,0,0,0,0,0,0,67,0,963,4072,0,60-69,5,1.2299789154640395,0.6465098650554946
5156,1970,2n Cycle,Married,62466.0,0,1,2014-01-15,13,129,129,259,168,121,83,5,6,3,12,4,0,0,0,0,0,0,0,55,1,889,4221,0,50-59,4,1.7669929177791974,-1.3199043287619874
4376,1960,2n Cycle,Single,32218.0,0,0,2014-02-15,27,10,24,15,13,1,30,1,2,1,3,7,0,0,1,0,0,1,0,65,0,93,4190,1,60-69,1,-1.6521901749865657,-0.530540127000363
8923,1973,Graduation,Single,83917.0,0,0,2013-04-18,12,514,22,732,42,198,79,1,6,7,7,3,0,0,0,0,0,1,0,52,0,1587,4493,1,50-59,2,2.147167174359457,-1.1150831510488242
8461,1962,Graduation,Divorced,46102.0,2,1,2014-03-10,3,14,0,1,0,0,1,1,1,0,2,7,0,0,0,0,0,0,0,63,3,16,4167,0,60-69,0,-1.7651165284164412,-1.1265806268299345
6945,1952,Graduation,Single,84574.0,0,0,2013-06-04,72,387,20,713,38,54,163,1,9,11,11,5,0,0,0,0,0,0,0,73,0,1375,4446,0,70+,5,2.926565201454511,0.29394330240628386
944,1962,Graduation,Married,56181.0,0,1,2013-01-08,6,121,103,69,8,44,48,1,4,2,7,4,0,0,0,0,0,0,0,63,1,393,4593,0,60-69,1,0.33196861138506384,-1.1198660971380519
1907,1950,Master,Divorced,63120.0,0,1,2012-09-28,53,965,69,279,54,41,69,5,8,4,9,7,0,0,0,0,0,1,0,75,1,1477,4695,1,70+,4,1.8962609405014792,-0.4066995776599057
701,1971,Graduation,Married,73691.0,0,1,2013-11-06,58,707,21,250,85,43,73,2,6,2,8,2,0,0,1,0,0,0,0,54,1,1179,4291,1,50-59,2,1.9468825036034945,0.41528228672479256
3856,1960,Graduation,Together,63381.0,0,1,2012-10-05,78,571,50,142,33,50,159,4,4,5,13,2,0,0,0,0,0,0,0,65,1,1005,4688,0,60-69,5,2.2090459562200895,1.218192993423835
4149,1948,PhD,Together,76140.0,0,0,2014-05-13,57,586,66,653,17,0,26,1,5,9,6,2,0,0,0,0,0,0,0,77,0,1348,4103,0,70+,5,1.9916269836416,0.7573931422133585
2131,1959,PhD,Divorced,62859.0,0,1,2012-12-30,37,1063,89,102,16,12,25,4,9,4,6,6,0,0,0,0,0,0,0,66,1,1307,4602,0,60-69,4,1.4832884659334742,-0.9012251647245786
2942,1964,Graduation,Single,45906.0,0,1,2013-05-07,20,305,3,27,4,3,144,2,5,4,4,5,0,0,1,0,0,0,0,61,1,486,4474,1,60-69,1,-0.2621326646743627,-0.8841968439746934
1173,1947,Master,Together,77632.0,0,0,2013-03-10,73,1200,105,758,0,42,147,1,4,2,6,2,0,0,0,1,1,1,0,78,0,2252,4532,1,70+,5,2.665444785000477,1.3448519428465913
4381,1971,PhD,Married,46463.0,1,1,2013-08-18,56,163,2,40,8,11,11,7,3,1,6,6,0,0,0,0,0,0,0,54,2,235,4371,0,50-59,1,-0.6671672256018146,0.2295676144786836
4611,1970,Graduation,Together,105471.0,0,0,2013-01-21,36,1009,181,104,202,21,207,0,9,8,13,3,1,0,0,0,1,1,0,55,0,1724,4580,1,50-59,2,3.984118360536991,-0.7704260280299421
3376,1970,Master,Divorced,55282.0,1,0,2013-12-13,9,125,6,73,8,4,19,1,3,1,6,4,0,0,0,0,0,0,0,55,1,235,4254,0,50-59,0,-0.19358281915047337,-0.9650514779532089
4679,1977,Master,Married,78710.0,0,1,2014-05-23,42,721,0,152,119,50,50,3,7,6,12,4,0,0,0,0,0,0,0,48,1,1092,4093,0,40-49,2,2.29868820233727,-0.5642671660533392
10928,1958,Graduation,Together,66886.0,0,1,2013-09-16,28,315,4,62,41,31,146,2,7,1,7,5,0,0,0,0,0,0,0,67,1,599,4342,0,60-69,4,1.0061142613099798,-0.8265740628194763
4248,1960,Master,Single,98777.0,0,0,2014-02-17,23,1000,19,711,125,115,38,0,4,6,9,1,0,0,0,1,0,0,0,65,0,2008,4188,1,60-69,5,3.2770132473113143,-0.227992966136183
6728,1985,Graduation,Together,29103.0,1,0,2012-08-27,38,16,0,17,6,3,6,2,1,0,3,9,0,0,0,0,0,0,0,40,1,48,4727,0,30-39,0,-2.4915708247653128,-0.5548629527008456
6661,1974,Graduation,Married,67445.0,0,1,2012-08-12,63,757,80,217,29,80,11,5,9,6,12,6,0,0,0,0,0,0,0,51,1,1174,4742,0,50-59,4,2.155795946814716,-0.3656714497139843
4725,1950,PhD,Together,50616.0,0,1,2014-04-13,71,30,2,25,0,1,9,1,1,1,4,2,0,0,0,0,0,0,0,75,1,67,4133,0,70+,1,-0.4120075038610821,1.6436408089795813
3277,1955,Graduation,Divorced,49431.0,0,1,2012-08-03,9,219,3,100,26,0,17,2,7,1,5,8,0,0,0,0,0,0,0,70,1,365,4751,0,60-69,4,-0.241097343992936,-1.7236064781183738
5555,1975,Graduation,Divorced,153924.0,0,0,2014-02-07,81,1,1,1,1,1,1,0,0,0,0,0,0,0,0,0,0,0,0,50,0,6,4198,0,40-49,2,0.769659497439219,2.3986955215218164
2564,1953,Graduation,Together,61278.0,0,1,2014-01-04,87,111,3,28,2,6,15,2,3,1,4,6,0,0,0,0,0,0,0,72,1,165,4232,0,70+,1,-0.5111282365146507,1.4455038797176143
946,1958,2n Cycle,Together,26490.0,0,0,2012-09-22,92,45,47,52,21,20,25,2,3,1,5,6,0,0,0,0,0,0,0,67,0,210,4701,0,60-69,1,-1.041708355448423,1.448513606767343
3867,1947,PhD,Together,73059.0,0,1,2013-08-31,36,410,112,420,0,82,71,1,9,3,13,4,0,0,0,0,0,0,0,78,1,1095,4358,0,70+,5,2.970886369624547,-0.7245626204993483
6940,1966,PhD,Single,46734.0,1,2,2013-10-21,86,100,1,39,6,1,76,4,3,2,3,6,0,0,1,0,0,0,0,59,3,223,4307,1,50-59,3,-1.040627565031823,1.281655094676116
55,1963,Graduation,Together,56253.0,0,1,2012-12-07,83,509,0,65,7,11,5,4,7,2,9,6,0,0,0,0,0,0,0,62,1,597,4625,0,60-69,4,0.8953952980953063,0.6435539545737547
7093,1985,Graduation,Married,19986.0,1,0,2013-11-14,74,3,6,5,0,2,6,1,0,0,3,7,0,0,0,0,0,0,0,40,1,22,4283,0,30-39,3,-2.5006570376327972,0.8865043390066895
5084,1975,Graduation,Widow,58330.0,0,1,2013-12-25,87,445,53,213,104,98,151,1,6,4,13,4,0,0,0,0,0,0,0,50,1,1064,4242,0,40-49,2,1.940804351167532,0.8904720911228886
1777,1980,Basic,Married,25965.0,0,0,2012-09-07,29,2,2,11,41,7,11,1,2,0,3,8,0,0,0,0,0,0,0,45,0,74,4716,0,40-49,0,-2.183364836648005,-0.7870420312540641
8162,1956,Master,Together,14661.0,0,0,2013-01-01,88,4,1,11,6,2,2,1,1,0,3,6,0,0,0,0,0,0,0,69,0,26,4600,0,60-69,1,-1.9531435715178387,1.5891016148986423
10826,1959,Graduation,Married,18690.0,0,0,2012-12-28,77,6,1,7,23,4,19,1,1,1,2,8,0,0,0,0,0,0,0,66,0,60,4604,0,60-69,3,-2.3416849968712325,1.017077774776614
8754,1974,PhD,Together,45068.0,0,1,2013-05-16,25,14,0,3,0,0,3,1,1,0,2,7,0,0,0,0,0,0,0,51,1,20,4465,0,50-59,0,-1.9219380160543869,-0.5587157513181283
1987,1987,Basic,Single,21063.0,1,0,2013-09-25,34,1,10,11,19,3,15,2,2,0,3,6,0,0,0,0,0,0,0,38,1,59,4333,0,30-39,0,-2.064656142861046,-0.4733778236832189
11007,1968,PhD,Married,29187.0,1,0,2013-05-09,43,26,0,6,0,0,2,1,1,0,3,8,0,0,0,0,0,0,0,57,1,34,4472,0,50-59,0,-2.139083961224172,-0.12216504633862657
7426,1971,2n Cycle,Married,54690.0,1,1,2013-11-07,76,111,16,37,7,9,18,3,3,1,5,3,0,0,0,0,0,0,0,54,2,198,4290,0,50-59,1,-0.22250298835099144,1.2469371041132187
9153,1964,PhD,Married,59304.0,0,1,2013-07-29,81,418,61,428,80,51,10,3,7,8,10,5,0,0,0,0,0,0,0,61,1,1048,4391,0,60-69,4,1.6199373591746824,0.6566678706886301
10379,1962,Master,Single,59247.0,0,2,2013-11-08,87,327,9,122,19,14,83,5,5,2,9,6,0,0,0,0,0,0,0,63,2,574,4289,0,60-69,4,0.6800383495175057,1.0027942148277156
9204,1970,Graduation,Widow,66731.0,0,1,2012-09-12,33,371,159,194,58,106,141,4,4,3,6,3,0,0,0,0,0,0,0,55,1,1029,4711,0,50-59,2,0.9841555049202132,-0.2128078074448562
3197,1980,Graduation,Married,77353.0,0,1,2013-12-16,38,275,59,107,69,101,59,2,6,4,8,4,0,0,0,0,0,0,0,45,1,670,4251,0,40-49,2,1.163828005095957,-0.4988983343392997
2920,1975,PhD,Single,52614.0,0,1,2012-12-01,63,789,0,142,12,9,38,2,2,4,8,8,0,0,0,0,0,0,0,50,1,990,4631,0,40-49,3,-0.11087936082610148,0.2231079910397955
6961,1974,Graduation,Married,26751.0,2,0,2014-05-22,26,1,1,5,0,3,1,1,1,0,2,8,0,0,0,0,0,0,0,51,2,11,4094,0,50-59,0,-2.4277809383627744,-0.6865910999388827
4673,1963,PhD,Married,81300.0,0,1,2012-10-30,17,1004,12,145,32,12,36,3,10,3,5,5,1,0,0,0,0,1,0,62,1,1241,4663,1,60-69,4,1.861433630414034,-1.482506714535696
9937,1979,Graduation,Single,70337.0,0,0,2014-01-02,75,187,81,149,25,43,91,1,2,2,12,1,0,0,0,0,0,0,0,46,0,576,4234,0,40-49,2,1.488057349734924,1.337269361867651
8779,1985,2n Cycle,Married,36145.0,1,0,2013-06-16,13,56,4,76,17,1,18,4,4,1,3,9,0,0,1,0,0,1,0,40,1,172,4434,1,30-39,0,-1.8627378466134052,-1.6461662702571747
9596,1980,PhD,Single,65295.0,0,0,2013-12-23,19,365,32,117,34,110,6,1,3,3,13,2,0,0,0,0,0,0,0,45,0,664,4244,0,40-49,2,1.5652053708366997,-0.67567750104866
2891,1963,Graduation,Divorced,68118.0,0,1,2013-10-18,51,595,23,123,10,23,154,2,8,9,4,6,0,0,0,0,0,0,0,62,1,928,4310,0,60-69,4,0.793220166711666,-0.32148879441619616
4910,1967,Graduation,Divorced,68743.0,0,0,2012-08-30,81,1132,134,384,175,134,115,1,11,5,13,7,0,0,0,0,0,0,0,58,0,2074,4724,0,50-59,4,3.2866029934950722,-0.12898135271896688
75,1982,2n Cycle,Together,41039.0,0,0,2013-07-25,32,34,11,137,179,61,45,1,8,1,5,8,0,0,0,0,0,0,0,43,0,467,4395,0,40-49,4,-0.5038233482037012,-1.3945744817984675
10120,1955,Graduation,Together,38946.0,0,1,2013-10-24,84,116,6,82,6,6,41,2,3,1,6,5,0,0,0,0,0,0,0,70,1,257,4304,0,60-69,1,-0.43353948711421697,1.3482349624751933
6327,1967,Graduation,Together,65777.0,0,0,2013-12-19,87,565,32,435,28,32,54,1,2,8,6,1,0,0,0,0,0,0,0,58,0,1146,4248,0,50-59,5,1.1577755213656842,1.9382024407728413
10142,1976,PhD,Divorced,66476.0,0,1,2013-03-07,99,372,18,126,47,48,78,2,5,2,11,4,0,0,0,0,0,0,0,49,1,689,4535,0,40-49,2,1.3445297135996814,1.442716874979425
9826,1972,PhD,Single,86857.0,0,0,2012-09-12,96,899,102,838,133,102,40,1,5,6,10,2,0,0,0,0,0,1,0,53,0,2114,4711,1,50-59,2,3.1393843813626536,1.6438573433888792
1501,1982,PhD,Married,160803.0,0,0,2012-08-04,21,55,16,1622,17,3,4,15,0,28,1,0,0,0,0,0,0,0,0,43,0,1717,4750,0,40-49,2,2.3861981524180775,0.40328265428148036
10767,1989,PhD,Together,77845.0,0,0,2014-05-16,40,760,40,480,0,40,26,1,3,5,12,1,1,0,0,0,1,0,0,36,0,1346,4100,1,30-39,2,2.2800271784981483,0.038746241043965166
7279,1969,PhD,Together,69476.0,0,0,2013-09-30,3,260,86,559,63,9,67,1,4,6,4,2,0,0,0,0,0,0,0,56,0,1044,4328,0,50-59,2,0.9151245486802495,-0.9628850768780609
7230,1960,PhD,Divorced,50611.0,0,1,2012-10-04,98,459,0,24,6,0,4,6,4,5,7,6,0,0,0,1,0,1,0,65,1,493,4689,1,60-69,1,0.05221934609038231,1.503718555195984
143,1970,Graduation,Single,61209.0,0,0,2013-08-25,73,466,0,224,119,49,99,1,5,3,4,2,0,0,0,0,0,0,0,55,0,957,4364,0,50-59,2,0.8251112186786712,1.0756722026621033
450,1958,Master,Together,42315.0,0,1,2013-07-12,90,67,15,80,17,11,80,3,1,4,4,3,0,0,0,0,0,0,0,67,1,270,4408,0,60-69,1,-0.6436156138997611,2.015077834621319
9316,1952,Basic,Together,13084.0,0,0,2013-11-02,29,2,0,7,3,7,10,1,1,0,3,6,0,0,0,0,0,0,0,73,0,29,4295,0,70+,1,-1.9468912033128598,-0.20850606294811513
6379,1949,Master,Widow,47570.0,1,1,2013-05-29,3,67,1,20,0,2,31,3,2,2,2,7,0,0,0,0,0,1,0,76,2,121,4452,1,70+,1,-1.3574940546883838,-1.113951257956996
9239,1961,Master,Married,61923.0,0,2,2013-07-26,94,92,4,18,3,3,6,1,2,1,4,3,0,0,0,0,0,0,0,64,2,126,4394,0,60-69,1,-0.29887593592733547,2.051792510232776
8315,1995,Graduation,Single,34824.0,0,0,2014-03-26,65,4,2,11,2,0,4,1,1,0,2,6,0,0,0,0,0,0,0,30,0,23,4151,0,18-29,3,-2.204189081481053,0.579877266639182
2868,1949,PhD,Single,26518.0,1,1,2013-04-08,33,20,1,28,3,3,2,3,2,0,3,8,0,0,0,0,0,1,0,76,2,57,4503,1,70+,1,-1.807802816174995,-0.37031091839859887
10888,1961,Graduation,Single,45938.0,0,0,2013-11-03,46,273,11,178,62,83,29,2,8,4,6,6,0,0,0,0,0,0,0,64,0,636,4294,0,60-69,4,0.44437280205911917,-0.5471977343966113
1277,1960,Graduation,Together,78468.0,0,0,2014-04-09,29,434,22,388,104,22,34,1,10,7,10,4,1,0,0,0,0,0,0,65,0,1004,4137,1,60-69,4,2.5308565225659656,-1.0843870369715263
9977,1973,Graduation,Divorced,78901.0,0,1,2013-09-17,99,321,11,309,33,26,34,3,9,3,5,4,0,0,0,0,0,0,0,52,1,734,4341,0,50-59,4,1.3093269949958986,1.2074158593201998
10196,1978,Graduation,Married,71427.0,2,0,2014-03-12,26,212,123,177,15,64,23,2,8,2,8,4,0,0,0,0,0,0,0,47,2,614,4165,0,40-49,4,1.2919456162913088,-1.0823172431419819
6384,1978,Graduation,Divorced,71022.0,0,1,2014-02-11,30,909,12,278,0,12,242,3,5,2,11,8,0,0,1,0,0,0,0,47,1,1453,4194,1,40-49,4,1.416226055753235,-1.2032694832679942
8029,1988,Master,Single,90247.0,0,0,2014-04-29,27,1184,32,352,21,16,16,1,3,4,7,1,1,0,0,1,1,1,0,37,0,1621,4117,1,30-39,2,2.0251455884259784,-0.21495685337005238
968,1968,Master,Divorced,41335.0,1,0,2013-12-26,24,112,19,21,16,14,5,3,4,1,4,7,0,0,0,0,0,0,0,57,1,187,4241,0,50-59,0,-1.088514080560117,-0.9234762090943068
6988,1986,Graduation,Married,71952.0,1,0,2013-01-10,93,656,80,455,52,107,93,2,8,4,8,4,0,0,1,0,1,0,0,39,1,1443,4591,1,30-39,2,1.9205887489474553,0.8951558957009351
4472,1970,PhD,Divorced,35682.0,1,0,2014-06-27,34,23,0,8,6,2,18,1,1,1,3,2,0,0,0,0,0,0,0,55,1,57,4058,0,50-59,0,-1.1010463295863675,0.29811387955030394
6991,1951,Graduation,Divorced,43185.0,0,1,2013-04-10,88,537,6,42,16,6,30,2,9,3,6,8,0,0,0,0,0,0,0,74,1,637,4501,0,70+,4,0.35152362480498506,0.5001589784931247
3336,1948,PhD,Together,66375.0,0,1,2013-11-21,96,712,0,45,0,0,191,3,2,4,5,7,0,0,1,0,0,0,0,77,1,948,4276,1,70+,1,0.16741851865548465,1.7238671974647004
4301,1971,Master,Married,35178.0,1,0,2013-01-10,10,23,1,13,2,2,18,1,1,1,2,7,0,0,1,0,0,1,0,54,1,59,4591,1,50-59,0,-2.0424475872430126,-1.020120227270112
1940,1986,Graduation,Married,25252.0,1,0,2013-07-12,26,1,3,4,2,2,6,1,1,0,2,8,0,0,0,0,0,0,0,39,1,18,4408,0,30-39,0,-2.5965782299802007,-0.8027918593489806
1272,1965,Master,Single,55250.0,0,1,2012-10-21,49,664,58,83,32,0,66,4,7,5,10,5,0,0,0,0,0,0,0,60,1,903,4672,0,50-59,4,1.4008344006710791,-0.35030364596324837
1388,1975,Graduation,Single,33249.0,1,0,2013-02-20,11,6,10,21,19,14,42,2,2,1,3,6,0,0,0,0,0,0,0,50,1,112,4550,0,40-49,0,-1.6502080138716813,-1.0487707952394747
1044,1953,Graduation,Together,58398.0,0,0,2013-05-14,44,299,5,201,21,21,49,3,5,4,8,4,0,0,0,0,0,0,0,72,0,596,4467,0,70+,5,0.9431913267092734,0.008842041993744415
6969,1982,Graduation,Together,50272.0,1,0,2013-08-07,75,99,13,66,43,8,4,3,4,1,5,7,0,0,0,0,0,0,0,43,1,233,4382,0,40-49,3,-0.8933665485175979,0.5228375192993033
10479,1975,PhD,Married,76618.0,0,0,2012-12-07,64,749,40,294,121,160,147,1,3,2,5,1,0,0,0,0,0,0,0,50,0,1511,4625,0,40-49,2,1.5527963422731548,1.0767474760364348
3619,1960,2n Cycle,Divorced,87305.0,0,0,2012-09-23,19,345,25,501,63,138,80,1,5,3,8,2,0,0,0,0,1,1,0,65,0,1152,4700,1,60-69,5,2.171583184800942,-0.551101924354561
1715,1978,Graduation,Together,25851.0,1,0,2013-02-11,45,9,4,18,7,5,5,2,2,0,3,7,0,0,0,0,0,0,0,47,1,48,4559,0,40-49,0,-2.024959749802417,-0.1536057097498216
10159,1970,Graduation,Divorced,58710.0,0,1,2013-03-31,77,440,81,368,0,122,174,6,11,5,9,6,0,0,0,0,0,0,0,55,1,1185,4511,0,50-59,4,1.8814325779571461,-0.059045571056560525
1463,1958,Graduation,Single,45160.0,1,1,2014-03-29,9,8,2,5,3,0,3,1,1,0,2,7,0,0,0,0,0,0,0,67,2,21,4148,0,60-69,0,-1.7282246815671807,-0.9051454344098652
5114,1965,Master,Married,74806.0,0,1,2012-12-19,1,670,9,249,0,28,9,2,5,4,5,4,0,0,0,0,0,0,0,60,1,965,4613,0,50-59,5,0.9679369719812936,-1.3407065141007022
4990,1954,Graduation,Married,59111.0,0,0,2013-05-02,90,524,0,134,28,28,155,1,11,1,8,7,0,0,0,0,0,0,0,71,0,869,4479,0,70+,4,1.5216512179594879,0.41321391975852656
4329,1984,PhD,Married,18988.0,1,0,2014-05-23,43,6,0,6,2,1,1,2,1,0,3,7,0,0,0,0,0,0,0,41,1,16,4093,0,40-49,0,-2.3876183377559483,-0.17749593692775678
10936,1965,Graduation,Married,72190.0,0,0,2013-02-13,79,597,166,597,172,166,249,1,5,6,4,3,0,0,0,0,0,0,0,60,0,1947,4557,0,50-59,5,1.775100019976859,1.182524789598525
4692,1976,Graduation,Married,7500.0,1,0,2012-08-01,19,7,0,12,13,7,32,5,4,1,2,9,0,0,1,0,0,1,0,49,1,71,4753,1,40-49,0,-2.5212021645159246,-1.4131581521768724
7212,1966,Graduation,Married,44794.0,0,1,2014-06-08,99,54,0,7,0,0,4,1,2,0,3,6,0,0,0,0,0,0,0,59,1,65,4077,0,50-59,3,-1.3397106604847004,1.7952138636103412
6086,1955,Graduation,Married,80395.0,0,0,2013-11-23,62,445,25,706,80,76,48,1,6,5,12,2,1,0,0,0,0,0,0,70,0,1380,4274,1,60-69,5,3.0219579469202107,0.6006587272985006
437,1976,Master,Divorced,75012.0,0,0,2014-01-25,41,294,142,218,164,58,151,1,3,8,11,1,0,0,0,0,0,0,0,49,0,1027,4211,0,40-49,2,1.9709715976819149,0.2204906180124604
11171,1965,Master,Married,56962.0,2,1,2013-10-11,60,292,3,77,10,3,26,7,6,3,5,7,0,0,0,0,0,0,0,60,3,411,4317,0,50-59,4,-0.14825982510946795,0.007750444657810731
11101,1991,Graduation,Together,89891.0,0,0,2013-04-15,17,412,22,132,59,28,183,1,11,6,8,4,0,0,0,0,1,0,0,34,0,836,4496,1,30-39,4,2.0637969295443366,-1.7761580862372828
5329,1949,PhD,Divorced,35946.0,1,1,2013-09-27,24,8,0,3,0,0,0,1,0,0,3,5,0,0,0,0,0,0,0,76,2,11,4331,0,70+,1,-1.4754938633766677,-0.056318232358993414
610,1953,PhD,Together,53593.0,1,1,2012-08-07,60,349,4,78,6,0,43,8,7,2,6,8,0,0,0,0,0,0,0,72,2,480,4747,0,70+,4,0.11770124912021071,-0.14051563265204586
9384,1978,Graduation,Married,66373.0,1,1,2013-06-12,57,328,9,124,12,24,109,7,4,2,10,3,0,0,0,0,0,0,0,47,2,606,4438,0,40-49,2,1.1125274977399864,0.37359546189731685
5956,1948,PhD,Divorced,45072.0,1,2,2013-10-16,74,144,2,99,7,2,30,5,6,1,4,8,0,0,0,0,0,0,0,77,3,284,4312,0,70+,1,-0.5674978047782402,0.48587429314756514
10430,1973,Graduation,Divorced,89694.0,1,1,2013-10-09,22,1126,28,211,37,28,42,3,4,3,4,5,1,0,0,1,1,0,0,52,2,1472,4319,1,50-59,2,1.1509080427750895,-0.7313114640737159
7875,1949,Graduation,Married,72025.0,0,0,2014-04-29,46,967,0,617,43,50,0,1,4,8,13,2,1,0,0,1,1,1,0,76,0,1677,4117,1,70+,5,3.06414186370503,0.3247255118967845
7072,1973,Graduation,Married,67432.0,0,1,2013-03-29,69,432,79,341,177,136,170,2,8,5,4,4,0,0,0,0,0,0,0,52,1,1335,4513,0,50-59,4,1.3138062272929922,0.3627222984268164
6255,1952,Master,Together,70545.0,0,1,2014-06-03,29,138,39,63,55,18,21,1,4,1,7,2,0,0,0,0,0,0,0,73,1,334,4082,0,70+,5,0.9883297097412277,-0.042528387358557296
6516,1989,Basic,Married,17487.0,1,0,2013-03-18,37,0,0,1,7,4,6,1,1,0,2,7,0,0,0,0,0,0,0,36,1,18,4524,0,30-39,0,-2.6225603410086666,-0.38981597840105203
5564,1969,Graduation,Together,62882.0,0,1,2012-08-09,26,509,133,497,78,24,97,2,7,5,6,4,0,0,0,0,0,0,0,56,1,1338,4745,0,50-59,4,1.4270811236664855,-0.8846094936966532
5682,1953,PhD,Single,64108.0,0,1,2013-03-23,8,948,10,86,13,21,21,4,6,9,11,5,0,0,0,0,0,0,0,72,1,1099,4519,0,70+,5,1.881511505782699,-1.4122173948429027
7458,1956,Master,Together,34941.0,1,1,2013-03-06,26,39,2,25,4,3,24,2,3,0,3,8,0,0,0,0,0,0,0,69,2,97,4536,0,60-69,1,-1.5701033591210605,-0.7444162983412003
5237,1950,PhD,Single,48767.0,1,2,2014-01-01,79,28,1,21,3,0,10,3,2,1,3,5,0,0,0,0,0,0,0,75,3,63,4235,0,70+,1,-0.9226807685814582,1.450979935854765
7761,1978,2n Cycle,Together,38702.0,1,0,2013-08-01,71,13,11,24,13,8,40,2,3,0,4,6,0,0,0,0,0,0,0,47,1,109,4388,0,40-49,3,-1.29250649433075,0.6647593284766755
5278,1964,Graduation,Married,82224.0,0,0,2014-01-25,83,307,26,360,138,31,40,1,6,9,5,3,1,0,0,0,0,0,0,61,0,902,4211,1,60-69,5,1.3747060500863406,1.2414890206907663
3560,1952,Graduation,Together,83844.0,0,0,2013-05-12,57,901,31,345,75,31,191,1,4,4,11,1,0,0,0,0,1,0,0,73,0,1574,4469,1,70+,5,3.028259161628491,0.8345861885432876
7235,1975,2n Cycle,Married,17003.0,1,0,2013-12-09,37,2,5,12,4,8,7,3,2,0,4,5,0,0,0,0,0,0,0,50,1,38,4258,0,40-49,0,-1.711828906089793,-0.18318875054906478
10548,1995,Graduation,Single,71163.0,0,0,2014-03-09,30,283,17,372,138,106,44,1,3,8,12,1,0,0,0,0,0,0,0,30,0,960,4168,0,18-29,2,1.7530147903688007,-0.32994771095576075
2281,1970,Graduation,Single,33697.0,1,0,2013-09-15,34,4,3,7,0,3,11,1,1,0,2,7,0,0,1,0,0,0,0,55,1,28,4343,1,50-59,0,-2.077962000556207,-0.26807810016132333
4073,1954,2n Cycle,Married,63564.0,0,0,2014-01-29,0,769,80,252,15,34,65,1,10,10,7,6,0,0,1,0,0,1,0,71,0,1215,4207,1,70+,4,1.748905438650425,-2.131431330457267
6974,1972,PhD,Together,83443.0,0,0,2013-12-31,89,518,42,742,55,56,84,1,6,10,5,2,0,0,0,0,0,0,0,53,0,1497,4236,0,50-59,2,1.9570400048199477,1.4524717383377628
7938,1958,PhD,Together,51518.0,0,1,2013-10-03,92,350,8,66,17,4,4,2,3,2,10,3,0,0,0,0,0,0,0,67,1,449,4325,0,60-69,5,0.821193610335692,1.7280877922059723
7094,1975,Graduation,Widow,58330.0,0,1,2013-12-25,87,445,53,213,104,98,151,1,6,4,13,4,0,0,0,0,0,0,0,50,1,1064,4242,0,40-49,2,1.940804351167532,0.8904720911228886
3667,1969,Graduation,Married,80952.0,0,0,2013-02-28,20,778,178,689,41,27,44,1,8,5,11,8,1,0,0,1,1,1,0,56,0,1757,4542,1,50-59,4,2.3649449955004154,-1.744136288619481
7723,1979,Graduation,Together,75507.0,0,0,2014-05-02,56,709,93,374,104,80,80,1,8,6,6,3,0,0,0,0,0,0,0,46,0,1440,4114,0,40-49,2,1.9230390441181922,-0.013471910897037611
3870,1978,2n Cycle,Together,63855.0,0,0,2013-02-09,28,359,35,314,93,116,89,1,7,3,13,4,0,0,0,0,0,0,0,47,0,1006,4561,0,40-49,2,2.0765825430563867,-1.0635057652805588
4012,1972,PhD,Together,62220.0,0,1,2012-08-11,55,799,12,375,16,12,12,5,7,6,5,6,0,0,0,0,0,1,0,53,1,1226,4743,1,50-59,4,0.8376525096423626,-0.22069929889482215
5909,1964,Graduation,Married,58512.0,0,1,2013-09-19,25,895,10,101,13,0,152,5,3,4,8,8,0,0,0,0,0,0,0,61,1,1171,4339,0,60-69,4,0.40981259981660556,-0.9550652502395652
10470,1979,Master,Married,40662.0,1,0,2013-03-15,0,40,2,23,0,4,23,2,2,1,3,4,0,0,0,0,0,0,0,46,1,92,4527,0,40-49,0,-1.2715606332204643,-1.1753311913334392
6488,1959,PhD,Married,38829.0,0,1,2014-04-06,86,76,0,7,0,0,16,1,3,2,2,5,0,0,0,0,0,0,0,66,1,99,4140,0,60-69,1,-1.2003600466260862,1.4752091866142205
10270,1981,2n Cycle,Married,35523.0,1,0,2013-10-03,8,11,5,22,12,5,11,2,3,0,3,7,0,0,0,0,0,0,0,44,1,66,4325,0,40-49,0,-1.7413240720377445,-1.417819697819982
6887,1967,Graduation,Single,79146.0,1,1,2014-04-24,33,245,16,223,21,43,16,2,8,1,8,6,0,0,0,0,0,0,0,58,2,564,4122,0,50-59,4,1.2234126706732804,-0.9773141050308181
6406,1988,Master,Married,78285.0,0,0,2013-10-28,13,647,107,391,175,67,40,1,6,4,10,3,0,0,0,0,0,0,0,37,0,1427,4300,0,30-39,2,2.16078131953837,-1.3050241177985553
7573,1978,PhD,Single,31626.0,1,0,2013-05-10,12,39,1,9,2,1,34,1,2,1,2,7,0,0,1,0,0,1,0,47,1,86,4471,1,40-49,0,-2.038672452052164,-1.1417592145480533
4508,1952,Graduation,Single,75127.0,0,0,2014-05-22,92,203,35,305,46,17,227,1,2,11,5,1,0,0,0,0,0,0,0,73,0,833,4094,0,70+,5,1.1084732175795935,2.2904840908038118
221,1955,Graduation,Married,48726.0,0,1,2013-04-27,90,138,3,38,4,0,59,3,3,2,4,6,0,0,0,0,0,0,0,70,1,242,4484,0,60-69,1,-0.7060190063549477,1.4885626438413697
5331,1977,Graduation,Married,74985.0,0,0,2012-09-11,8,587,51,898,247,0,86,1,3,6,7,2,0,0,0,0,0,0,0,48,0,1869,4712,0,40-49,2,1.9225056094863615,-0.8623330905325262
1911,1987,Graduation,Together,67430.0,0,0,2012-09-05,6,595,97,291,127,133,121,1,11,5,12,6,0,0,0,0,0,0,0,38,0,1364,4718,0,30-39,4,2.407636839343738,-2.481545567938954
20,1965,2n Cycle,Married,46891.0,0,1,2013-09-01,91,43,12,23,29,15,61,1,2,1,4,4,0,0,0,0,0,0,0,60,1,183,4357,0,50-59,1,-0.7371446263343256,1.7674786127516766
8786,1956,Master,Married,62058.0,0,1,2013-05-26,52,301,7,74,10,0,58,4,6,1,7,6,0,0,0,0,0,0,0,69,1,450,4455,0,60-69,4,0.5337040498419515,-0.07710633184297434
10582,1979,Graduation,Married,72063.0,0,1,2013-07-03,3,180,32,348,76,32,90,2,5,2,12,2,0,0,0,0,0,0,0,46,1,758,4417,0,40-49,2,1.8995989100057298,-1.3444821488578422
1915,1951,PhD,Married,78939.0,0,0,2013-12-12,57,794,115,243,150,0,205,1,8,5,6,3,0,0,0,0,0,0,0,74,0,1507,4255,0,70+,5,2.386180653297618,0.2856948795433024
8897,1965,Graduation,Single,42720.0,1,1,2013-04-24,9,392,5,91,28,26,112,8,7,3,7,8,0,0,0,0,0,1,0,60,2,654,4487,1,50-59,4,0.04575033639940643,-1.8912552469714896
2371,1972,Graduation,Married,33622.0,1,1,2013-04-13,22,39,1,22,3,4,12,3,2,0,4,7,0,0,0,0,0,0,0,53,2,81,4498,0,50-59,0,-1.6379147206874933,-0.8189765814040102
4303,1957,PhD,Together,6835.0,0,1,2012-12-08,76,107,2,12,2,2,12,0,0,0,1,20,0,0,0,0,0,0,0,68,1,137,4624,0,60-69,3,-4.600648517347955,-0.3002939404823119
6825,1953,Graduation,Together,41452.0,1,1,2013-03-06,86,13,0,3,0,0,0,1,1,0,2,7,0,0,0,0,0,0,0,72,2,16,4536,0,70+,1,-1.7210250663747122,1.5236010238169897
1072,1965,PhD,Single,40760.0,0,1,2013-08-30,64,70,0,17,0,0,6,2,2,1,3,6,0,0,0,0,0,0,0,60,1,93,4359,0,50-59,1,-1.3889567012504807,0.7079855076927419
4964,1958,PhD,Together,74250.0,0,0,2014-01-26,90,680,11,392,75,0,0,1,2,11,4,1,0,0,0,0,0,0,0,67,0,1158,4210,0,60-69,5,1.1464201290644844,2.183292183892178
2461,1955,Master,Single,51124.0,1,1,2013-12-18,79,26,1,11,0,1,4,2,1,0,3,3,0,0,0,0,0,0,0,70,2,43,4249,0,60-69,1,-0.7812736675402129,1.7539808804432462
10736,1971,Graduation,Single,72258.0,0,1,2013-09-12,28,522,0,522,227,120,134,2,6,9,5,2,0,0,0,0,0,0,0,54,1,1525,4346,0,50-59,2,1.7664401148382838,-0.4581523756922322
3194,1974,PhD,Single,71466.0,0,0,2014-04-05,86,412,12,546,78,182,0,1,4,4,10,1,0,0,0,0,0,0,0,51,0,1230,4141,0,50-59,2,2.0985819110518538,1.5363026517849894
10839,1976,Graduation,Together,36283.0,1,1,2014-04-14,42,6,5,5,8,0,5,2,1,0,3,4,0,0,0,0,0,0,0,49,2,29,4132,0,40-49,0,-1.4922340437136348,0.25771952280898414
49,1970,Graduation,Single,20587.0,1,0,2014-05-11,39,2,3,6,4,1,9,1,1,1,2,7,0,0,0,0,0,0,0,55,1,25,4105,0,50-59,0,-2.325858100956975,-0.14271067341530053
4290,1972,Graduation,Married,30467.0,1,0,2014-03-19,8,1,3,8,2,5,5,1,1,0,2,7,0,0,0,0,0,0,0,53,1,24,4158,0,50-59,0,-2.173327028204754,-1.1011381519918346
10219,1972,Graduation,Together,31590.0,1,0,2013-06-18,40,6,2,15,6,6,3,1,1,0,3,8,0,0,0,0,0,0,0,53,1,38,4432,0,50-59,0,-2.1401135138907663,-0.24744962513097357
4211,1986,Basic,Married,20425.0,1,0,2012-10-29,5,4,12,5,3,16,17,2,2,0,3,7,0,0,0,0,0,0,0,39,1,57,4664,0,30-39,0,-2.2275940559226273,-1.4829687764491306
1135,1960,Master,Together,17144.0,1,1,2014-02-15,96,18,2,19,0,2,6,5,3,0,4,7,0,0,0,0,0,0,0,65,2,47,4190,0,60-69,3,-1.677994030013148,1.4450892359465766
6299,1968,PhD,Divorced,42564.0,0,1,2013-01-02,28,324,48,186,39,18,198,6,6,8,4,7,0,0,1,0,0,1,0,57,1,813,4599,1,50-59,4,-0.27103054998317233,-1.0360562890294025
10846,1978,Master,Married,43783.0,1,0,2014-05-29,22,327,9,125,25,4,139,6,7,1,8,7,0,0,1,0,0,0,0,47,1,629,4087,1,40-49,4,0.18901928212588293,-1.5132722607891358
347,1976,Graduation,Divorced,40780.0,0,1,2012-09-08,30,229,27,71,13,3,34,4,7,1,5,9,0,0,0,0,0,0,0,49,1,377,4715,0,40-49,4,-0.7984943665448895,-1.406248700932408
6543,1945,Master,Together,62847.0,0,0,2013-01-15,45,521,168,706,80,76,61,1,3,6,4,2,0,0,0,0,0,0,0,80,0,1612,4586,0,70+,5,1.4404523277204058,0.64031672239109
10446,1957,PhD,Married,82017.0,0,0,2012-11-07,58,184,23,446,30,23,23,1,5,4,7,2,1,0,0,1,1,1,0,68,0,729,4655,1,60-69,5,1.6165196930055599,0.7143790218490562
3479,1950,Graduation,Single,16813.0,0,0,2013-07-19,49,4,8,11,12,2,13,1,2,0,3,7,0,0,1,0,0,0,0,75,0,50,4401,1,70+,1,-1.8504652535174142,0.21243554605065465
11075,1978,Graduation,Married,51267.0,1,1,2013-10-29,37,183,2,64,7,2,12,4,3,3,5,4,0,0,0,0,0,0,0,47,2,270,4299,0,40-49,0,-0.4757350270138543,-0.15698743358323627
4442,1961,Graduation,Single,46524.0,0,1,2013-04-05,70,31,19,35,26,14,52,2,1,1,5,3,0,0,0,0,0,0,0,64,1,177,4506,0,60-69,1,-0.5389038445814268,1.3546153449218805
199,1962,Master,Single,45183.0,0,0,2013-01-20,33,219,3,60,12,9,12,1,4,1,7,7,0,0,0,1,0,0,0,63,0,315,4581,1,60-69,1,-0.39526701104044076,-0.6563810864326256
6722,1954,PhD,Married,70421.0,0,1,2014-06-28,98,479,28,136,75,14,35,3,10,3,7,6,0,0,0,0,0,0,0,71,1,767,4057,0,70+,4,1.525872095562741,0.9416124451344622
796,1965,2n Cycle,Divorced,60161.0,0,1,2012-10-23,17,584,44,212,46,8,177,3,11,4,8,8,0,0,0,0,0,0,0,60,1,1071,4670,0,50-59,4,1.4044539609423405,-2.077860275201451
3749,1973,Graduation,Together,73926.0,0,0,2013-03-02,54,627,91,597,159,91,15,1,6,5,12,3,0,0,0,0,0,0,0,52,0,1580,4540,0,50-59,2,2.6931492105339467,0.0444960843389129
8523,1968,Graduation,Married,19329.0,1,0,2013-12-14,39,24,1,16,12,2,5,3,4,0,3,8,0,0,0,0,0,0,0,57,1,60,4253,0,50-59,0,-1.9053639449127133,-0.5968417448825019
310,1970,Master,Married,61872.0,0,1,2013-12-13,81,330,5,159,36,27,16,4,4,4,9,4,0,0,0,0,0,0,0,55,1,573,4254,0,50-59,2,0.804313083482467,1.0913753311419923
8629,1956,Graduation,Widow,46984.0,1,1,2013-03-26,71,19,1,10,2,1,8,1,1,0,3,5,0,0,0,0,0,0,0,69,2,41,4516,0,60-69,1,-1.1828942372878943,1.252102486388258
236,1951,Graduation,Married,34838.0,1,1,2013-01-19,62,28,23,29,29,14,47,3,2,1,4,6,0,0,0,0,0,0,0,74,2,170,4582,0,70+,1,-1.119304939540636,0.7367178795781891
9930,1944,PhD,Single,82716.0,0,0,2013-11-05,8,606,148,228,15,148,22,1,6,8,13,2,0,0,0,0,0,0,0,81,0,1167,4292,0,70+,5,3.151992407069477,-0.9840967967755861
3483,1958,Graduation,Married,48192.0,0,0,2013-04-06,76,1039,43,204,153,58,29,3,2,8,12,8,1,1,0,1,0,1,0,67,0,1526,4505,1,60-69,5,1.05183995340996,0.6603274490139753
4599,1976,Master,Married,49681.0,0,2,2013-11-04,66,411,0,26,0,0,21,6,7,1,7,7,0,0,0,0,0,0,0,49,2,458,4293,0,40-49,4,0.04598126528023422,-0.08506494416333152
7326,1971,Master,Married,56850.0,0,1,2014-03-23,83,34,1,19,2,7,0,1,1,1,3,2,0,0,0,0,0,0,0,54,1,63,4154,0,50-59,1,-0.6970837204458443,1.8578789609547093
7352,1957,Graduation,Married,55267.0,0,1,2013-10-21,28,161,28,136,32,3,45,4,3,4,6,3,0,0,0,0,0,0,0,68,1,405,4307,0,60-69,1,0.2669961883048692,-0.14183217764721953
2350,1972,Graduation,Married,59666.0,1,1,2013-03-22,87,623,53,178,23,17,133,7,3,2,8,8,0,0,0,1,0,0,0,53,2,1027,4520,1,50-59,4,0.22868290841817632,0.9020247387849764
9145,1972,Graduation,Single,72504.0,0,1,2013-04-06,43,604,26,470,123,161,94,2,5,9,6,2,0,0,0,0,0,0,0,53,1,1478,4505,0,50-59,2,1.736160495272399,0.08498124308955249
2964,1981,Graduation,Married,26872.0,0,0,2013-10-16,0,3,10,8,3,16,32,1,1,1,2,6,0,0,0,0,0,0,0,44,0,72,4312,0,40-49,0,-2.1585980077594744,-1.326332424185272
5585,1972,Graduation,Single,21359.0,1,0,2013-04-20,1,12,2,17,6,1,10,2,2,0,3,8,0,0,0,0,0,1,0,53,1,48,4491,1,50-59,0,-2.201612792842136,-1.5907905772600943
9687,1975,Graduation,Single,73170.0,0,0,2014-05-31,1,184,174,256,50,30,32,1,5,4,6,2,0,0,0,0,0,0,0,50,0,726,4085,0,40-49,2,1.0670972575403785,-1.2195494407635104
3732,1955,Master,Married,52750.0,0,1,2013-02-04,72,393,0,239,90,69,69,6,5,7,9,4,0,0,0,0,0,0,0,70,1,860,4566,0,60-69,5,1.188174777083104,0.8129626006282664
6303,1986,PhD,Together,91820.0,0,0,2013-11-23,72,410,73,747,76,161,30,0,5,5,12,1,0,0,0,0,0,0,0,39,0,1497,4274,0,30-39,2,2.9808309044519343,0.8688537548566789
11176,1970,PhD,Together,65968.0,0,1,2014-05-12,12,376,9,83,19,4,4,2,5,4,7,3,0,0,0,0,0,0,0,55,1,495,4104,0,50-59,2,0.7926640715273131,-0.9814362855218204
2986,1976,Graduation,Married,30772.0,1,1,2014-03-12,89,7,2,4,2,1,4,1,1,0,2,6,0,0,0,0,0,0,0,49,2,20,4165,0,40-49,3,-2.0447323522777108,1.4938929118100692
7462,1954,Graduation,Single,22507.0,0,0,2012-11-24,67,68,0,226,51,157,68,3,10,2,4,9,0,0,0,0,0,0,0,71,0,570,4638,0,70+,4,-0.44879606751738726,-0.4025637786624973
3900,1972,Graduation,Married,65685.0,0,1,2014-03-29,54,642,14,49,0,7,57,1,9,2,9,5,0,0,0,0,0,0,0,53,1,769,4148,0,50-59,4,1.5198386398881627,-0.42607569212442653
7034,1978,2n Cycle,Married,25804.0,1,0,2013-09-01,34,8,7,9,13,6,12,2,2,0,3,8,0,0,0,0,0,0,0,47,1,55,4357,0,40-49,0,-2.176688621993846,-0.6127968833354814
9493,1980,PhD,Single,76412.0,0,0,2013-05-05,15,840,53,804,23,71,17,1,5,4,8,3,1,0,0,0,1,1,0,45,0,1808,4476,1,40-49,2,2.1206007487912357,-1.027606431157115
1143,1972,Graduation,Married,22063.0,1,0,2013-08-08,43,7,10,13,3,11,11,2,2,0,3,7,0,0,0,0,0,0,0,53,1,55,4381,0,50-59,0,-2.017608837972255,-0.16831009256615953
1,1961,Graduation,Single,57091.0,0,0,2014-06-15,0,464,5,64,7,0,37,1,7,3,7,5,0,1,0,0,0,1,0,64,0,577,4070,1,60-69,4,0.7593173801511326,-1.745469443951209
3855,1963,Graduation,Married,22419.0,0,0,2013-04-18,74,30,3,47,19,21,42,1,3,2,2,8,0,0,0,0,0,0,0,62,0,162,4493,0,60-69,3,-1.9695893915895542,0.6733873331920144
5536,1959,Graduation,Together,87771.0,0,1,2013-05-22,61,1492,38,287,50,57,33,1,5,10,4,6,1,1,0,1,1,1,0,66,1,1957,4459,1,60-69,5,1.683632811071579,0.36311687511907553
5989,1959,2n Cycle,Divorced,78353.0,0,1,2013-04-16,51,752,122,476,39,153,34,1,10,2,11,8,0,0,0,0,0,0,0,66,1,1576,4495,0,60-69,4,2.559192174579602,-0.9058828023020997
9499,1954,Graduation,Married,93404.0,1,2,2013-05-07,97,1279,15,287,20,0,15,3,3,4,7,5,0,0,0,1,1,0,0,71,3,1616,4474,1,70+,5,1.8982385165254283,1.8145728737623994
6768,1962,Graduation,Divorced,37859.0,1,2,2013-01-12,75,22,1,8,2,1,2,2,1,0,3,8,0,0,0,0,0,0,0,63,3,36,4589,0,60-69,3,-1.8926085173141796,0.947149965175399
2150,1958,PhD,Widow,80995.0,0,1,2013-05-11,83,860,28,409,73,56,56,1,8,9,4,4,0,0,0,0,0,0,0,67,1,1482,4470,0,60-69,5,1.8797149989067974,0.9638979939380714
6646,1984,Graduation,Together,16529.0,1,0,2014-03-01,23,3,0,5,13,0,1,1,1,0,3,6,0,0,0,0,0,0,0,41,1,22,4176,0,40-49,0,-2.280192256408873,-0.6867431750239451
4887,1976,PhD,Divorced,55412.0,1,1,2013-11-22,65,10,5,28,11,1,8,1,2,0,3,5,0,0,0,0,0,0,0,49,2,63,4275,0,40-49,3,-1.1187158875583185,0.7877517664362884
8560,1992,Graduation,Single,48789.0,0,0,2012-09-10,94,351,16,156,7,5,145,1,6,4,7,6,0,0,0,0,0,0,0,33,0,680,4713,0,30-39,3,0.049448188434257426,0.850806669188568
3321,1967,PhD,Together,56575.0,0,2,2013-05-05,42,421,5,90,0,16,10,3,7,3,7,5,0,0,0,0,0,0,0,58,2,542,4476,0,50-59,4,0.6578423706835402,-0.49799596242255256
11003,1980,2n Cycle,Together,25130.0,1,0,2013-10-02,10,2,5,7,0,18,18,2,2,0,3,7,0,0,0,0,0,0,0,45,1,50,4326,0,40-49,0,-2.070412167241634,-1.2605101394780398
10402,1967,Graduation,Married,35441.0,1,1,2013-02-14,94,25,1,9,2,1,1,2,1,0,3,8,0,0,0,0,0,0,0,58,2,39,4556,0,50-59,3,-1.991644231654245,1.48441229011951
9904,1956,Graduation,Married,71391.0,0,1,2013-03-29,50,336,123,274,46,123,141,5,6,5,12,3,0,0,0,0,0,0,0,69,1,1043,4513,0,60-69,5,2.3992130814967108,0.09239593383737196
6141,1972,Master,Single,49494.0,1,0,2013-04-25,46,191,9,97,0,6,82,2,6,1,5,7,0,0,0,0,0,0,0,53,1,385,4486,0,50-59,4,-0.39981321242715057,-0.5086325577600882
5687,1980,Graduation,Divorced,81702.0,0,0,2012-09-23,98,563,50,774,28,31,187,1,7,7,12,3,0,0,0,0,0,0,0,45,0,1633,4700,0,40-49,2,2.942977304937939,1.2515551524170796
10856,1980,2n Cycle,Single,45889.0,0,1,2013-07-02,42,31,0,6,0,1,8,1,1,0,3,6,0,0,0,0,0,0,0,45,1,46,4418,0,40-49,0,-1.6537250690701304,0.00677515377643626
5121,1977,Graduation,Single,56628.0,0,1,2014-03-21,30,479,5,82,7,17,171,2,7,6,5,5,0,0,1,0,0,0,0,48,1,761,4156,1,40-49,4,0.42669905120910834,-0.9230360975393235
4186,1950,Graduation,Together,34026.0,1,1,2013-08-05,11,18,6,15,12,8,17,3,2,1,3,5,0,0,0,0,0,0,0,75,2,76,4384,0,70+,1,-1.2068747125589037,-0.6939152937156641
368,1974,Graduation,Married,40049.0,0,1,2012-11-29,61,91,65,52,10,44,28,3,3,2,6,5,0,0,0,0,0,0,0,51,1,290,4633,0,50-59,3,-0.622930486110374,0.4574960784839106
3312,1988,Graduation,Single,34176.0,1,0,2014-05-12,12,5,7,24,19,14,20,4,3,0,4,6,0,0,0,0,0,0,0,37,1,89,4104,0,30-39,0,-1.532041833624477,-1.270087431896427
11121,1981,Graduation,Married,19419.0,1,0,2012-11-10,76,2,14,28,16,3,7,4,4,0,3,9,0,0,0,0,0,0,0,44,1,70,4652,0,40-49,3,-2.1981297674868974,0.3122269821313513
5332,1960,2n Cycle,Married,82504.0,0,0,2013-07-27,2,362,50,431,134,35,54,1,3,6,7,1,0,0,0,0,0,0,0,65,0,1066,4393,0,60-69,5,1.7468337052774192,-0.727033967751329
5848,1970,Graduation,Together,81205.0,0,0,2014-01-13,43,724,74,929,97,55,130,1,5,6,7,2,0,1,1,0,1,1,0,55,0,2009,4223,1,50-59,2,2.5177353389959056,0.08107644609946027
10343,1991,2n Cycle,Single,61618.0,0,0,2012-09-29,27,605,91,399,0,45,205,2,3,6,8,3,0,0,0,0,0,0,0,34,0,1345,4694,0,30-39,2,1.0552001020149193,-0.5581024797450421
5935,1956,Master,Single,55284.0,0,1,2012-12-24,60,547,7,140,0,7,63,3,7,5,8,5,0,0,0,0,0,0,0,69,1,764,4608,0,60-69,4,1.1054830707437866,0.12902194186612456
2895,1963,Graduation,Single,49980.0,0,1,2013-10-23,79,104,1,54,13,9,14,2,3,1,5,5,0,0,0,0,0,0,0,62,1,195,4305,0,60-69,1,-0.5229434023191716,1.169644552437826
10262,1980,Graduation,Married,15072.0,2,0,2013-05-10,96,8,2,15,0,10,18,4,3,1,3,5,0,0,0,0,0,0,0,45,2,53,4471,0,40-49,3,-1.794118914519618,1.511688628911849
7848,1974,Graduation,Single,49166.0,0,1,2013-06-13,17,224,2,25,7,0,110,2,5,3,3,6,0,0,0,0,0,0,0,51,1,368,4437,0,50-59,0,-0.7227825841831633,-1.1526874353540109
9477,1954,PhD,Married,65324.0,0,1,2014-01-11,0,384,0,102,21,32,5,3,6,2,9,4,0,0,0,0,0,0,0,71,1,544,4225,0,70+,5,1.284505561981042,-1.4820844561888205
4856,1957,2n Cycle,Married,82347.0,0,0,2012-11-06,38,556,54,845,202,133,63,1,7,7,10,3,1,0,1,0,0,0,0,68,0,1853,4656,1,60-69,5,3.1141163295405607,-0.3526552477001168
7186,1966,PhD,Together,30843.0,1,1,2014-05-26,43,24,0,2,0,0,9,2,1,1,2,5,0,0,1,0,0,0,0,59,2,35,4090,1,50-59,1,-1.7668386723408414,0.2768312950379733
5794,1974,PhD,Married,46374.0,0,1,2014-03-17,1,408,0,21,0,0,17,3,7,1,7,8,1,0,0,1,0,1,0,51,1,446,4160,1,50-59,4,-0.172817131414014,-2.2085040136314684
1456,1979,Graduation,Single,60474.0,0,1,2013-04-01,25,265,199,303,234,9,170,7,10,2,12,7,0,0,0,0,0,0,0,46,1,1180,4510,0,40-49,4,1.9376182640790134,-1.83467290864766
4877,1973,Master,Married,38576.0,0,1,2014-03-04,2,34,0,7,0,0,0,1,1,0,3,7,0,0,0,0,0,0,0,52,1,41,4173,0,50-59,0,-1.8744184668762864,-1.3031387981919345
425,1985,Graduation,Married,55357.0,2,0,2013-02-19,66,374,64,116,84,25,64,3,6,2,11,5,0,0,0,0,0,0,0,40,2,727,4551,0,30-39,2,1.0277589484212801,0.08083668378716471
3007,1966,Graduation,Together,37758.0,1,1,2012-10-04,49,27,2,10,0,0,1,2,1,0,3,8,0,0,0,0,0,0,0,59,2,40,4689,0,50-59,3,-1.94677007903782,0.10220513607475311
1031,1989,2n Cycle,Married,85710.0,0,0,2013-05-05,5,600,20,350,29,30,33,1,6,9,10,2,0,0,0,0,1,0,0,36,0,1062,4476,1,30-39,2,2.1323380950594713,-1.4158557976313446
4297,1969,Graduation,Together,23228.0,1,0,2014-01-26,71,13,2,18,6,1,0,2,2,0,3,8,0,0,0,0,0,0,0,56,1,40,4210,0,50-59,3,-2.1182536871564728,0.6147525972048136
807,1969,Master,Together,44602.0,1,1,2014-02-15,35,167,2,89,0,0,34,6,6,1,4,8,0,0,0,0,0,0,0,56,2,292,4190,0,50-59,0,-0.8361641757143502,-0.9230104641507924
9553,1987,Graduation,Married,7500.0,0,0,2013-01-09,94,0,2,3,4,1,5,1,0,0,3,6,0,0,0,0,0,0,0,38,0,15,4592,0,30-39,3,-2.6068075286199406,1.5776853110412061
4271,1989,2n Cycle,Together,38683.0,1,0,2012-10-04,80,46,35,69,84,41,66,6,4,1,6,7,0,0,0,0,0,0,0,36,1,341,4689,0,30-39,3,-0.9587418442506191,0.5579105988030287
4120,1975,2n Cycle,Single,49514.0,1,0,2013-12-17,61,88,39,78,58,13,93,2,6,1,4,7,0,0,0,0,0,0,0,50,1,369,4250,0,40-49,3,-0.5914018521583507,-0.04624537279710297
2036,1973,PhD,Together,57906.0,0,1,2013-06-11,29,243,11,119,10,3,15,3,4,2,8,4,0,0,0,0,0,0,0,52,1,401,4439,0,50-59,2,0.38867837836197183,-0.5297311845535846
115,1966,Master,Single,43456.0,0,1,2013-03-26,0,275,11,68,25,7,7,3,5,1,8,5,0,0,0,0,0,0,0,59,1,393,4516,0,50-59,0,0.16682296507716954,-1.623426902007402
4259,1986,Master,Single,19485.0,2,0,2013-09-24,80,6,0,4,0,0,0,1,1,0,2,7,0,0,0,0,0,0,0,39,2,10,4334,0,30-39,3,-2.5438377493532727,0.9779163395640711
8687,1978,Graduation,Together,53172.0,0,1,2013-05-06,54,121,62,90,68,20,125,3,2,3,8,3,0,0,0,0,0,0,0,47,1,486,4475,0,40-49,2,0.20507899690304515,0.5211389445013149
2447,1979,Graduation,Together,30545.0,1,0,2012-10-17,71,4,12,15,19,7,12,2,2,0,3,7,0,0,0,0,0,0,0,46,1,69,4676,0,40-49,3,-1.924339806305788,0.6540801839469894
10140,1983,PhD,Together,70123.0,0,0,2013-09-28,27,1308,0,396,23,0,0,1,5,7,4,3,0,1,0,1,0,0,0,42,0,1727,4330,1,40-49,2,1.3173889711720084,-0.5975820876358386
9353,1959,Graduation,Single,62450.0,0,1,2014-01-06,61,515,47,267,62,66,38,2,5,5,4,3,0,0,0,1,0,0,0,66,1,995,4230,1,60-69,5,0.8577764409032465,0.6904770329060341
3623,1976,Graduation,Together,21675.0,1,0,2014-06-11,55,4,0,16,17,4,4,3,4,0,3,7,0,0,0,0,0,0,0,49,1,45,4074,0,40-49,3,-1.8134765412960756,-0.05194578246630751
738,1981,2n Cycle,Single,42395.0,1,1,2014-04-04,35,48,13,57,24,15,25,4,3,1,4,7,0,0,0,0,0,0,0,44,2,182,4142,0,40-49,0,-1.361386156857204,-0.5923129824223966
7631,1978,Master,Together,61346.0,1,0,2013-10-06,34,562,58,168,43,16,142,1,5,7,10,3,0,0,0,0,0,0,0,47,1,989,4322,0,40-49,2,1.4675938481441493,-0.474003846395366
4789,1953,Graduation,Together,80812.0,0,0,2013-09-17,95,769,22,500,210,143,33,1,4,8,5,2,1,0,1,0,1,0,0,72,0,1677,4341,1,70+,5,2.027249960090332,2.0227882598339475
773,1971,Master,Divorced,42835.0,1,1,2013-06-30,64,379,4,93,12,9,98,7,6,6,4,6,0,0,0,0,0,0,0,54,2,595,4420,0,50-59,4,-0.3230560918858238,0.17877544688893615
10602,1983,Graduation,Married,39922.0,1,0,2013-02-14,30,29,12,59,19,1,36,2,3,0,4,8,0,0,0,0,0,0,0,42,1,156,4556,0,40-49,0,-1.6094291217393768,-0.8884228456649051
1446,1956,Master,Single,86424.0,0,0,2014-04-05,12,387,68,569,89,45,68,1,6,9,12,1,0,0,0,0,0,0,0,69,0,1226,4141,0,60-69,5,3.1341460181848477,-0.8243204272954338
3270,1978,2n Cycle,Together,17117.0,1,0,2013-01-17,96,12,23,38,30,18,7,4,3,1,3,9,0,0,0,0,0,0,0,47,1,128,4584,0,40-49,3,-2.283467862175645,1.0629686492179284
8443,1972,Graduation,Single,24762.0,1,0,2014-02-10,16,6,10,12,3,15,40,3,3,1,2,8,0,0,1,0,0,1,0,53,1,86,4195,1,50-59,0,-2.11462112561691,-1.2034317250639843
9653,1975,Graduation,Married,35797.0,0,1,2012-10-16,16,27,1,14,4,1,21,2,2,0,3,8,0,0,0,0,0,0,0,50,1,68,4677,0,40-49,0,-1.945788315953793,-1.1210238934993089
8916,1975,Graduation,Divorced,36627.0,2,0,2013-07-23,78,9,1,5,0,0,1,1,0,0,3,5,0,0,0,0,0,0,0,50,2,16,4397,0,40-49,3,-1.7617408570488087,1.3774457658419639
8017,1981,2n Cycle,Married,51111.0,1,1,2014-06-19,83,22,0,19,6,5,3,2,2,0,3,6,0,0,0,0,0,0,0,44,2,55,4066,0,40-49,3,-1.4165851873304554,1.1726569536966733
5830,1972,PhD,Single,86857.0,0,0,2012-09-12,96,899,102,838,133,102,40,1,5,6,10,2,0,0,0,0,0,1,0,53,0,2114,4711,1,50-59,2,3.1393843813626536,1.6438573433888792
4597,1970,PhD,Together,82072.0,0,0,2013-07-02,67,889,55,685,168,92,129,1,3,2,13,1,0,0,0,0,0,0,0,55,0,2018,4418,0,50-59,2,3.3108887119840875,1.0173191124641658
7023,1953,PhD,Single,46231.0,2,1,2012-11-26,87,189,2,55,0,5,12,4,6,1,4,9,0,0,0,0,0,0,0,72,3,263,4636,0,70+,1,-0.7749008029540299,0.7284901978784286
8086,1959,Graduation,Married,42243.0,1,1,2013-12-11,34,48,0,2,0,0,5,2,2,0,3,7,0,0,0,0,0,0,0,66,2,55,4256,0,60-69,1,-1.4815590863536352,-0.2796767954773927
8825,1962,Graduation,Together,51195.0,1,1,2013-04-01,46,230,14,156,82,24,58,8,9,2,5,8,0,0,0,0,0,0,0,63,2,564,4510,0,60-69,4,0.14964365091757453,-0.8616093207941384
2930,1978,Master,Single,68092.0,0,0,2013-12-16,7,852,60,207,78,36,48,2,2,6,10,5,0,0,0,0,0,0,0,47,0,1281,4251,0,40-49,2,1.1275664607966753,-1.2144010913464696
1928,1973,Graduation,Married,31814.0,1,0,2013-02-09,73,35,3,20,4,1,20,2,2,0,3,9,0,0,1,0,0,0,0,52,1,83,4561,1,50-59,3,-2.122625808650407,0.5400618527149457
7108,1965,Master,Widow,51390.0,1,1,2012-09-08,54,205,20,47,23,2,56,6,5,2,5,5,0,0,0,0,0,0,0,60,2,353,4715,0,50-59,1,-0.1286101188015867,0.15459205924529174
10925,1983,Graduation,Married,76630.0,0,0,2014-01-14,93,255,31,446,40,56,175,1,3,10,11,1,0,0,0,0,0,0,0,42,0,1003,4222,0,40-49,2,1.9093315558070192,1.7734915681303114
9960,1991,Basic,Single,26868.0,1,0,2014-04-30,52,0,0,1,8,3,2,1,1,0,2,7,0,0,0,0,0,0,0,34,1,14,4116,0,30-39,3,-2.4699129966248803,0.07860325739815298
8800,1943,PhD,Divorced,48948.0,0,0,2013-02-01,53,437,8,206,160,49,42,2,7,10,5,6,0,0,1,0,0,1,0,82,0,902,4569,1,70+,4,0.6682806586659665,-0.0300095385809868
9224,1972,PhD,Single,55260.0,0,1,2012-12-12,81,825,8,53,11,0,242,2,8,10,5,6,0,0,0,0,0,0,0,53,1,1139,4620,0,50-59,4,0.7729279416127597,0.4644194735797634
5519,1956,Graduation,Together,64090.0,0,1,2013-08-07,8,316,58,161,76,51,135,1,6,9,4,5,0,0,0,0,0,1,0,69,1,797,4382,1,60-69,4,0.5695068956927779,-1.2598419638002902
5046,1958,Graduation,Divorced,78331.0,0,1,2014-01-23,97,756,138,354,160,169,61,2,10,6,7,4,0,0,0,0,0,0,0,67,1,1638,4213,0,60-69,4,2.6676558540054667,1.0960249807886002
7037,1974,PhD,Married,37087.0,1,0,2013-08-11,50,194,55,134,15,0,3,3,4,2,8,6,0,0,0,0,0,0,0,51,1,401,4378,0,50-59,0,-0.3174976459417669,-0.16958185035115325
905,1986,Graduation,Divorced,21846.0,1,0,2013-10-22,38,7,17,18,6,10,26,4,4,0,3,8,0,0,0,0,0,0,0,39,1,84,4306,0,30-39,0,-2.0577735082958,-0.7917637267708418
8624,1958,Graduation,Married,81320.0,0,0,2013-02-06,61,183,33,493,59,103,57,1,4,3,10,2,0,0,0,0,0,0,0,67,0,928,4564,0,60-69,5,2.0643043158750216,0.8258017400787443
8945,1970,Graduation,Divorced,54137.0,0,1,2013-08-16,46,171,0,11,0,1,20,2,4,1,4,6,0,0,0,0,0,0,0,55,1,203,4373,0,50-59,1,-0.6989371794608847,-0.11325054250188857
6445,1967,Graduation,Together,66825.0,0,0,2013-07-14,73,243,101,405,29,40,40,1,4,5,6,2,0,0,0,0,0,0,0,58,0,858,4406,0,50-59,5,1.0427169188840928,1.1804394376999237
2727,1973,Graduation,Together,57100.0,0,0,2013-12-04,19,181,21,69,39,3,96,1,3,3,6,3,0,0,0,0,0,0,0,52,0,409,4263,0,50-59,0,0.10717805324230947,-0.5672013716496793
6404,1969,Graduation,Together,58917.0,1,2,2013-03-24,10,151,7,89,0,7,28,5,4,1,6,5,0,0,0,0,0,0,0,56,3,282,4518,0,50-59,0,-0.09418453691681813,-1.14437266085659
11074,1977,Graduation,Single,85072.0,0,0,2014-04-09,94,494,92,391,194,11,241,1,3,4,10,0,0,0,0,0,0,0,0,48,0,1423,4137,0,40-49,2,2.503860625380427,2.0073758411110436
10150,1961,Graduation,Single,86429.0,0,0,2013-11-21,10,464,28,873,29,18,37,0,7,4,7,2,1,0,0,0,0,1,0,64,0,1449,4276,1,60-69,5,2.510706216457554,-1.045798540259093
1968,1971,Graduation,Widow,45684.0,1,0,2013-12-02,37,5,1,5,10,0,7,1,1,0,2,7,0,0,0,0,0,0,0,54,1,28,4265,0,50-59,0,-1.8638400789760878,-0.15695782214996493
6534,1974,Graduation,Together,47889.0,1,0,2014-01-04,94,29,0,29,0,5,4,1,2,0,3,5,0,0,0,0,0,0,0,51,1,67,4232,0,50-59,3,-1.2248921950452862,1.689377270017523
9485,1986,PhD,Married,45921.0,0,0,2014-03-10,23,102,9,49,24,3,12,1,2,1,6,4,0,0,0,0,0,0,0,39,0,199,4167,0,30-39,0,-0.7245077917604534,-0.5916352339126616
7053,1966,PhD,Single,78420.0,0,0,2013-06-29,75,604,28,674,91,28,28,1,3,10,8,1,0,0,0,0,0,0,0,59,0,1453,4421,0,50-59,5,2.087883376868766,1.4357681297538947
4654,1992,Graduation,Together,75114.0,0,0,2013-11-07,40,571,12,523,63,60,24,1,3,10,5,2,0,0,0,0,0,0,0,33,0,1253,4290,0,30-39,2,0.9393072566353471,0.060361421919196176
9760,1963,PhD,Widow,52278.0,0,1,2013-01-25,24,953,0,71,0,0,174,6,10,5,10,8,0,0,0,0,0,1,0,62,1,1198,4576,1,60-69,4,1.548220959748471,-1.8037675443438705
1048,1972,Master,Married,35641.0,1,0,2013-07-14,11,63,3,67,8,9,28,2,3,1,4,7,0,0,0,0,0,1,0,53,1,178,4406,1,50-59,0,-1.3882487520815727,-1.2681800458388899
10619,1994,Graduation,Single,95529.0,0,0,2012-12-03,29,770,29,890,250,27,24,1,7,3,7,3,0,0,0,0,1,1,0,31,0,1990,4629,1,30-39,2,2.5862712780170742,-0.8806714333785426
9308,1954,Graduation,Married,62820.0,0,0,2013-05-11,51,398,61,265,138,61,53,1,3,4,6,1,0,0,0,0,0,0,0,71,0,976,4470,0,70+,5,1.2408775876672402,0.832687835731818
10505,1960,Master,Together,73113.0,0,0,2013-12-26,86,741,19,154,50,9,28,1,3,4,7,2,0,0,0,0,0,0,0,65,0,1001,4241,0,60-69,5,1.3834435213606895,1.7437953312176782
8362,1982,PhD,Married,84169.0,0,0,2013-08-07,9,1478,19,403,0,19,0,1,7,6,6,3,0,0,0,1,1,1,0,43,0,1919,4382,1,40-49,2,2.308151111201299,-1.3881479153149876
2625,1954,2n Cycle,Single,42607.0,0,1,2013-11-17,30,156,29,56,30,32,47,2,3,2,7,3,0,0,0,0,0,0,0,71,1,350,4280,0,70+,1,0.16534334119436392,-0.10295406628219193
4637,1954,PhD,Single,74637.0,0,0,2013-05-18,73,960,64,464,146,0,16,1,6,9,9,3,1,0,0,0,0,0,0,71,0,1650,4463,1,70+,5,2.5651306255243886,0.8846179171347033
9972,1955,PhD,Together,46015.0,1,1,2014-04-13,25,38,0,2,0,0,6,1,1,0,3,7,0,1,1,0,0,0,0,70,2,46,4133,1,60-69,1,-1.5044744295207795,-0.40357388901041014
4483,1993,Graduation,Single,72354.0,0,0,2013-04-17,67,315,26,473,220,12,182,1,2,10,6,1,0,0,0,0,0,0,0,32,0,1228,4494,0,30-39,2,1.0280223347023454,1.0857597748837358
4487,1969,Master,Single,39858.0,1,0,2013-01-24,67,15,20,25,2,7,26,1,2,0,4,6,0,0,0,0,0,1,0,56,1,95,4577,1,50-59,3,-1.3065120483480357,0.7371546690365359
4988,1948,PhD,Married,34469.0,1,1,2014-05-04,58,19,6,20,0,5,12,3,1,1,4,4,0,0,0,0,0,0,0,77,2,62,4112,0,70+,1,-1.0067630962287548,0.987373711164325
8931,1986,Graduation,Together,83033.0,1,0,2014-05-18,82,812,99,431,237,149,33,1,11,4,10,5,1,0,0,0,0,0,0,39,1,1761,4098,1,30-39,2,2.9303209733524747,0.07497485376261101
5871,1979,Master,Together,24401.0,0,0,2012-08-31,98,73,28,217,10,24,115,3,6,1,6,8,0,0,0,0,0,0,0,46,0,467,4723,0,40-49,3,-0.8827685547525393,0.8380236338479818
2008,1978,Graduation,Married,77583.0,0,0,2014-02-10,93,372,23,384,250,12,108,1,4,5,9,2,1,0,0,0,0,0,0,47,0,1149,4195,1,40-49,2,1.7987451531195255,1.63974530067504
3139,1982,2n Cycle,Single,74116.0,0,0,2013-12-30,53,871,111,704,145,55,166,1,4,4,10,2,0,0,0,1,0,0,0,43,0,2052,4237,1,40-49,2,2.5812769767869423,0.2973813930107525
10037,1993,Graduation,Single,74293.0,0,0,2014-05-04,66,375,152,335,93,91,81,1,5,4,6,2,0,0,0,0,0,0,0,32,0,1127,4112,0,30-39,2,1.2235600076865256,0.6181118149795206
10673,1976,PhD,Married,68397.0,0,1,2013-11-17,6,760,80,466,17,13,80,1,6,9,5,3,0,0,0,0,0,0,0,49,1,1416,4280,0,40-49,2,1.3812356297692074,-1.3104145924553303
5303,1974,PhD,Together,79632.0,0,0,2014-04-08,42,471,0,510,99,21,12,1,6,4,9,2,0,0,0,0,0,0,0,51,0,1113,4138,0,50-59,2,2.10799239253948,-0.11798735136220964
538,1989,Graduation,Single,46107.0,1,0,2014-02-10,78,31,9,27,16,9,33,1,1,1,4,3,0,0,0,0,0,0,0,36,1,125,4195,0,30-39,3,-1.0760921194252056,1.3655006177930695
7922,1951,PhD,Single,64950.0,0,1,2012-08-12,29,819,0,72,12,0,63,2,11,2,10,7,0,0,0,1,0,0,0,74,1,966,4742,1,70+,4,2.0255118981963767,-1.4907679506398859
5692,1989,Basic,Married,25443.0,1,0,2012-12-22,82,1,4,3,8,9,7,1,1,0,3,8,0,0,0,0,0,0,0,36,1,32,4610,0,30-39,3,-2.4573774641957398,0.8830098078792448
4843,1952,Graduation,Single,75127.0,0,0,2014-05-22,92,203,35,305,46,17,227,1,2,11,5,1,0,0,0,0,0,0,0,73,0,833,4094,0,70+,5,1.1084732175795935,2.2904840908038118
6383,1971,PhD,Together,32892.0,1,0,2014-05-25,78,26,0,15,2,1,2,2,3,0,3,8,0,0,0,0,0,0,0,54,1,46,4091,0,50-59,3,-1.8211661666681096,0.7261116724080248
1628,1971,Graduation,Together,71796.0,0,0,2013-10-24,54,354,21,311,167,75,32,1,9,3,4,4,0,0,0,0,0,0,0,54,0,960,4304,0,50-59,4,1.2330388661701956,-0.170338275982794
1204,1970,PhD,Married,67536.0,0,1,2013-05-22,45,1253,0,447,23,71,35,3,11,5,11,8,1,0,0,0,0,0,0,55,1,1829,4459,1,50-59,4,2.5658784760465103,-1.3377077203705658
3673,1971,Graduation,Single,55239.0,0,1,2013-07-14,59,371,17,238,23,24,106,3,7,5,11,5,0,0,0,0,0,0,0,54,1,779,4406,0,50-59,4,1.3712337422271301,-0.11624599849440433
760,1975,PhD,Divorced,60554.0,1,0,2013-08-09,8,588,7,76,110,15,15,2,8,4,9,6,0,0,0,0,0,0,0,50,1,811,4380,0,40-49,4,1.1233996529647317,-1.9036099549556422
8957,1952,2n Cycle,Single,64831.0,1,1,2013-06-10,51,480,86,249,75,86,144,8,6,3,5,6,0,0,0,0,0,0,0,73,2,1120,4440,0,70+,4,0.9077482146953993,-0.03866530929497089
4128,1962,PhD,Together,56067.0,0,1,2013-07-20,51,517,12,54,16,6,120,2,7,4,7,5,0,0,0,0,0,0,0,63,1,725,4400,0,60-69,4,0.865958086135153,-0.1791761282241919
6810,1983,Graduation,Divorced,82025.0,0,0,2013-05-28,76,267,98,606,48,70,98,1,3,2,6,1,0,0,0,0,1,1,0,42,0,1187,4453,1,40-49,2,1.432634726325273,1.373366570353742
5386,1953,Graduation,Together,94384.0,0,0,2013-03-04,62,1111,24,790,160,45,172,0,5,8,5,2,1,0,0,1,1,1,0,72,0,2302,4538,1,70+,5,2.9336761312459965,0.8989519775373018
8700,1986,Basic,Single,14906.0,0,0,2012-12-22,86,7,7,14,7,16,15,3,2,1,3,7,0,0,0,0,0,0,0,39,0,66,4610,0,30-39,3,-2.30265958832246,1.0184346826998327
3202,1987,PhD,Married,51563.0,0,0,2012-10-01,60,1166,0,48,0,0,36,1,4,4,10,8,0,0,0,1,1,0,0,38,0,1250,4692,1,30-39,4,0.49837166659232085,-0.2605702539930475
1328,1982,2n Cycle,Married,57937.0,0,1,2014-02-16,56,261,42,144,55,48,133,3,4,4,9,3,0,0,0,0,0,0,0,43,1,683,4189,0,40-49,2,0.8238436010230957,0.30744693102557635
8405,1979,Graduation,Divorced,68274.0,1,1,2013-09-30,83,135,25,51,23,25,46,2,4,2,5,3,0,0,0,0,0,0,0,46,2,305,4328,0,40-49,2,0.16024481849081196,1.307514493312571
6515,1977,Graduation,Together,39771.0,1,0,2013-12-06,92,6,2,18,2,8,14,1,2,0,3,4,0,0,0,0,0,0,0,48,1,50,4261,0,40-49,3,-1.2752494086922057,1.698598015560768
2882,1975,2n Cycle,Divorced,67893.0,0,1,2012-10-01,31,711,28,142,49,18,47,2,3,2,9,8,0,0,0,0,0,0,0,50,1,995,4692,0,40-49,4,0.4510050048114531,-0.8688285145253262
7574,1979,PhD,Together,27922.0,1,0,2014-05-10,80,11,0,13,2,4,11,1,2,0,3,4,0,0,0,0,0,0,0,46,1,41,4106,0,40-49,3,-1.5333403625542903,1.2805989115517793
6387,1976,PhD,Together,52190.0,1,1,2014-05-08,39,42,0,17,0,0,18,3,2,1,3,5,0,0,1,0,0,0,0,49,2,77,4108,1,40-49,0,-1.1743396198914418,-0.027151420623569383
5320,1973,Master,Divorced,44051.0,1,1,2013-01-29,20,79,7,58,6,3,18,4,3,1,4,6,0,0,0,0,0,1,0,52,2,171,4572,1,50-59,0,-1.0918944854976087,-0.8613496915996117
5048,1971,PhD,Single,42767.0,2,0,2013-05-11,53,20,6,43,19,5,38,1,3,1,2,8,0,0,0,0,0,0,0,54,2,131,4470,0,50-59,3,-1.7160172246594574,-0.005963471135317599
8146,1976,Master,Together,46106.0,1,1,2014-05-11,84,30,0,8,2,0,14,1,1,1,2,6,0,0,0,0,0,0,0,49,2,54,4105,0,40-49,3,-1.728854994742815,1.3725409332482512
10031,1976,PhD,Married,16927.0,1,1,2013-02-10,50,20,2,23,3,1,4,5,3,0,4,8,0,0,0,0,0,0,0,49,2,53,4560,0,40-49,3,-2.0382465091708704,-0.2509384850229471
5748,1965,Graduation,Married,59754.0,0,1,2012-12-01,96,115,27,44,4,146,139,3,5,2,6,5,0,0,0,0,0,1,0,60,1,475,4631,1,50-59,1,0.2883836373383822,1.4489144363957045
2134,1952,Graduation,Single,53700.0,0,1,2012-08-17,94,263,5,233,69,41,83,4,5,5,8,5,0,0,0,0,0,0,0,73,1,694,4737,0,70+,5,0.8088355703319594,1.4387823374127129
1523,1973,Graduation,Married,59041.0,1,1,2014-05-07,25,69,2,15,2,2,6,2,2,0,4,5,0,0,0,0,0,0,0,52,2,96,4109,0,50-59,0,-0.8506768748864214,-0.44290881417094563
9665,1957,PhD,Divorced,54237.0,0,1,2013-04-27,48,267,3,30,4,0,57,4,5,2,5,6,0,0,0,0,0,0,0,68,1,361,4484,0,60-69,1,-0.12607235553405657,-0.06779467515525171
4640,1967,Graduation,Divorced,70647.0,0,1,2012-09-21,65,561,85,171,25,123,114,2,4,7,13,2,0,0,0,0,0,0,0,58,1,1079,4702,0,50-59,5,2.31929230235927,0.763068850956235
3635,1962,PhD,Single,52597.0,0,1,2014-05-07,69,492,0,37,7,0,42,3,6,3,8,5,0,0,0,0,0,0,0,63,1,578,4109,0,60-69,4,0.6944454172230298,0.46140308000816527
3547,1969,Master,Together,41021.0,1,0,2012-12-30,12,14,7,9,6,16,12,2,2,0,3,6,0,0,0,0,0,1,0,56,1,64,4602,1,50-59,0,-1.470930141303495,-0.9420648374766146
2456,1975,PhD,Married,40233.0,0,1,2013-10-14,84,80,4,46,0,17,2,5,2,1,5,6,0,0,0,0,0,0,0,50,1,149,4314,0,40-49,3,-1.1769533361149107,1.1832730089334713
5633,1980,Graduation,Married,50183.0,1,1,2014-06-25,47,97,12,84,13,10,15,7,3,1,6,5,0,0,0,0,0,0,0,45,2,231,4060,0,40-49,0,-0.5589015695339157,-0.008177626970666008
7801,1959,Graduation,Together,54753.0,0,1,2013-09-12,87,197,107,227,7,59,131,3,5,2,11,4,0,0,0,0,0,0,0,66,1,728,4346,0,60-69,5,1.361225161979752,1.2015424873596678
10489,1973,Graduation,Married,92955.0,0,0,2013-08-19,35,693,21,925,31,24,84,1,6,7,9,2,1,0,0,0,1,1,0,52,0,1778,4370,1,50-59,2,2.929688240573318,-0.3182863232304559
7011,1973,Graduation,Married,33471.0,1,0,2012-10-12,47,43,2,27,0,9,12,3,3,0,4,7,0,0,0,0,0,0,0,52,1,93,4681,0,50-59,0,-1.5035288207609483,-0.1621235005422896
2620,1974,PhD,Married,34596.0,1,0,2013-04-13,48,14,0,2,0,0,7,1,1,0,2,8,0,0,0,0,0,1,0,51,1,23,4498,1,50-59,3,-2.26429866158479,0.013814084384993633
3933,1980,Graduation,Together,44010.0,1,0,2012-10-13,46,186,36,234,86,72,48,6,10,2,6,9,0,0,0,0,0,0,0,45,1,662,4680,0,40-49,4,0.002017833691430418,-1.3009283169355401
10981,1988,Graduation,Married,84219.0,0,0,2014-02-02,27,434,137,400,45,137,45,1,3,4,10,1,0,0,0,0,0,0,0,37,0,1198,4203,0,30-39,2,1.9924389354476817,-0.28714770570039355
1734,1968,PhD,Together,40706.0,2,1,2013-01-17,37,59,0,11,4,2,5,4,3,0,4,7,0,0,0,0,0,0,0,57,3,81,4584,0,50-59,0,-1.3190904222976485,-0.40870761504169917
10995,1988,2n Cycle,Married,15716.0,1,0,2012-11-12,8,16,5,30,8,7,26,3,3,0,4,8,0,0,0,0,0,0,1,37,1,92,4650,0,30-39,0,-2.1856349088589413,-1.6712990950294324
6357,1959,2n Cycle,Divorced,59052.0,0,1,2013-11-17,29,230,35,75,63,57,31,3,7,1,7,5,0,0,0,0,0,0,0,66,1,491,4280,0,60-69,4,0.7557144018812929,-0.8190966332978099
9209,1971,Master,Together,80573.0,0,0,2012-10-14,85,829,138,430,60,92,15,1,4,6,13,2,0,0,0,0,0,0,0,54,0,1564,4679,0,50-59,2,2.871344294954437,1.3524029394981758
10286,1962,Graduation,Married,83715.0,0,0,2014-02-03,2,318,8,407,150,35,8,1,2,8,13,0,0,0,0,0,0,0,0,63,0,926,4202,0,60-69,5,2.52292650351924,-0.657667916414106
2611,1959,Master,Together,82576.0,0,0,2012-08-01,66,1206,55,445,168,18,18,1,2,4,12,1,0,0,0,0,1,0,0,66,0,1910,4753,1,60-69,5,3.0847910917450254,1.2276424269294701
1600,1965,Master,Married,56962.0,2,1,2013-10-11,60,292,3,77,10,3,26,7,6,3,5,7,0,0,0,0,0,0,0,60,3,411,4317,0,50-59,4,-0.14825982510946795,0.007750444657810731
3308,1952,Graduation,Married,35704.0,1,1,2014-01-03,54,30,9,12,2,11,30,3,2,0,4,4,0,0,0,0,0,0,0,73,2,94,4233,0,70+,1,-0.8736477163265938,0.7183842164413617
5407,1954,Graduation,Together,53103.0,0,1,2013-09-12,70,729,17,133,11,0,195,5,10,6,7,7,0,0,1,0,0,0,0,71,1,1085,4346,1,70+,4,1.306920607782169,-0.09538862171095272
2166,1960,2n Cycle,Widow,46779.0,1,1,2013-07-12,55,12,1,3,0,0,7,1,0,1,2,4,0,0,0,0,0,0,0,65,2,23,4408,0,60-69,1,-1.3796301111037022,0.9688262007131179
3955,1965,Graduation,Divorced,4861.0,0,0,2014-06-22,20,2,1,1,1,0,1,0,0,0,0,14,0,0,0,0,0,0,0,60,0,6,4063,0,50-59,0,-4.083113332930467,-1.3849525394069193
6634,1979,Master,Divorced,33462.0,1,0,2013-08-07,78,22,3,18,0,0,11,1,2,0,3,7,0,0,0,0,0,0,0,46,1,54,4382,0,40-49,3,-1.8802687404031997,0.8785432144035928
3056,1978,Graduation,Divorced,63693.0,0,1,2013-10-14,63,587,43,337,42,87,54,3,11,6,9,6,0,0,0,0,0,0,0,47,1,1150,4314,0,40-49,4,1.8443592149487096,-0.556062652084152
5718,1950,Graduation,Married,80763.0,0,0,2013-08-15,17,674,168,108,192,42,231,1,5,11,6,3,1,0,0,0,1,1,0,75,0,1415,4374,1,70+,5,1.9463489710949546,-0.6121350654009369
6872,1974,PhD,Married,65352.0,0,1,2013-08-21,43,284,3,84,4,7,23,2,4,2,8,4,0,0,0,0,0,0,0,51,1,405,4368,0,50-59,2,0.5236078694721844,-0.0876683777367766
8164,1978,PhD,Married,82170.0,0,0,2013-11-25,13,1023,93,651,49,55,37,1,5,6,7,2,0,0,0,0,0,0,0,47,0,1908,4272,0,40-49,2,2.3452320749776163,-0.9195073533881717
4580,1969,Graduation,Married,75759.0,0,0,2013-10-25,46,1394,22,708,89,91,182,1,9,7,9,5,1,0,1,0,1,1,0,56,0,2486,4303,1,50-59,4,3.191457802258247,-0.6821750555794481
9305,1976,2n Cycle,Single,79689.0,0,0,2013-05-12,65,311,26,640,180,37,121,1,4,9,13,2,0,0,0,0,0,0,0,49,0,1315,4469,0,40-49,2,2.5785170466582334,0.6912182818636663
453,1956,PhD,Widow,35340.0,1,1,2014-06-29,1,27,0,12,0,1,5,2,2,0,3,5,0,0,0,0,0,0,0,69,2,45,4056,0,60-69,1,-1.2841488362702724,-1.0565287987483303
8545,1954,Graduation,Divorced,85683.0,0,0,2014-03-21,6,1296,17,311,45,69,51,1,2,4,10,1,1,1,0,1,1,1,0,71,0,1789,4156,1,70+,5,2.7950294767076485,-0.5280509275662943
9850,1972,2n Cycle,Married,24884.0,1,0,2012-11-29,32,3,6,7,0,0,3,1,0,0,3,7,0,0,0,0,0,0,0,53,1,19,4633,0,50-59,0,-2.2633128591128,-0.2840111218762743
7378,1981,Master,Together,42021.0,1,0,2012-08-31,34,393,5,136,7,5,27,5,10,1,6,9,0,0,1,0,0,0,0,44,1,573,4723,1,40-49,4,-0.1257866066483374,-1.6842864305784042
7646,1989,Graduation,Single,64449.0,1,0,2014-02-18,70,218,63,282,137,35,70,4,5,3,12,4,0,0,0,0,0,0,0,36,1,805,4187,0,30-39,2,1.3836734844349028,0.3876922018664943
1640,1954,Graduation,Divorced,64587.0,1,1,2014-06-22,49,66,0,16,0,6,20,2,1,1,4,3,0,0,0,0,0,0,0,71,2,108,4063,0,70+,1,-0.32302160783482603,0.8363341546157335
5184,1995,Graduation,Single,34824.0,0,0,2014-03-26,65,4,2,11,2,0,4,1,1,0,2,6,0,0,0,0,0,0,0,30,0,23,4151,0,18-29,3,-2.204189081481053,0.579877266639182
8492,1978,Graduation,Together,75437.0,0,0,2013-11-09,25,795,0,545,95,58,0,1,8,4,10,6,1,0,0,0,0,0,0,47,0,1493,4288,1,40-49,4,2.0920045970810137,-1.4177719919059821
11188,1957,Graduation,Together,26091.0,1,1,2014-02-25,84,15,10,19,8,17,20,3,2,1,3,5,0,0,0,0,0,0,0,68,2,89,4180,0,60-69,1,-1.4115746594100018,1.4878590822894733
1212,1973,Graduation,Married,52845.0,1,0,2013-08-13,7,384,25,292,130,41,64,3,8,8,6,6,0,0,1,0,0,0,0,52,1,936,4376,1,50-59,4,0.670555175428294,-1.8648511687816007
9097,1956,Graduation,Divorced,46086.0,0,1,2013-11-03,34,244,8,32,7,2,50,4,3,1,8,4,0,0,0,0,0,0,0,69,1,343,4294,0,60-69,1,0.19344153012457738,-0.13106704363841615
10473,1956,PhD,Widow,78028.0,0,1,2012-09-10,38,158,19,288,25,0,38,1,6,4,9,7,0,0,0,1,1,1,0,69,1,528,4713,1,60-69,4,1.0339738673757655,-0.6439026715598102
7962,1987,PhD,Single,95169.0,0,0,2013-10-09,1,1285,21,449,106,20,20,1,4,3,4,1,1,0,0,0,1,1,0,38,0,1901,4319,1,30-39,2,2.0546673695502915,-1.0471075354295132
9984,1981,2n Cycle,Married,56337.0,1,1,2013-03-27,25,349,16,144,28,5,182,5,8,5,4,8,1,0,1,0,0,1,0,44,2,724,4515,1,40-49,4,-0.13471262740829193,-1.5520512407505964
5527,1987,Graduation,Together,22434.0,1,0,2013-02-13,25,4,12,11,3,13,15,2,2,0,3,8,0,0,0,0,0,0,0,38,1,58,4557,0,30-39,0,-2.3497936268491686,-0.9843675158514007
6374,1954,PhD,Married,36930.0,0,1,2013-05-17,50,223,2,31,0,2,39,5,5,2,4,8,0,0,0,0,0,0,0,71,1,297,4464,0,70+,1,-0.9220396234580444,-0.22538163997183971
7453,1954,Graduation,Single,36130.0,0,1,2013-02-02,46,157,43,127,68,56,37,6,3,8,4,4,0,0,1,0,0,1,0,71,1,488,4568,1,70+,1,-0.42719650888485033,0.3297188236192361
8952,1953,Master,Married,65569.0,0,1,2012-11-05,96,397,46,288,20,38,70,2,6,5,10,3,0,0,0,0,0,0,0,72,1,859,4657,0,70+,5,1.8916484519927903,1.5900561854436819
241,1952,Graduation,Together,83844.0,0,0,2013-05-12,57,901,31,345,75,31,191,1,4,4,11,1,0,0,0,0,1,0,0,73,0,1574,4469,1,70+,5,3.028259161628491,0.8345861885432876
8975,1968,Graduation,Married,19514.0,1,1,2014-01-26,47,14,3,21,2,1,28,4,3,1,2,8,0,0,1,0,0,0,0,57,2,69,4210,1,50-59,0,-2.170756938849684,-0.2150520163848973
6119,1963,PhD,Single,36736.0,1,1,2013-05-10,52,10,0,3,0,0,4,1,1,0,2,6,0,0,0,0,0,0,0,62,2,17,4471,0,60-69,1,-1.7860224389339578,0.48101666494818784
5236,1979,Graduation,Together,77568.0,0,1,2012-08-25,30,1230,0,396,232,178,158,1,10,2,8,5,1,0,0,1,1,0,0,46,1,2194,4729,1,40-49,4,2.8400580113467107,-1.343183984459694
5723,1976,PhD,Together,49187.0,0,1,2014-01-11,63,81,1,31,2,1,0,1,1,1,5,2,0,0,0,0,0,0,0,49,1,116,4225,0,40-49,1,-0.5713047329659802,1.1222251954685107
1710,1978,Graduation,Single,30168.0,1,0,2013-03-07,51,154,20,66,0,12,27,7,6,1,4,9,0,0,0,0,0,0,0,47,1,279,4535,0,40-49,3,-1.3782637216375204,-0.6606694483918857
1970,1968,Master,Together,34053.0,0,1,2012-09-10,14,63,0,21,7,0,12,1,3,0,3,8,0,0,0,0,0,0,0,57,1,103,4713,0,50-59,0,-1.731386710119638,-1.2316786796801773
5313,1971,Master,Married,38196.0,1,1,2014-04-18,20,30,0,11,0,0,3,3,2,0,4,5,0,0,0,0,0,0,0,54,2,44,4128,0,50-59,0,-1.263623741074256,-0.6251783140061143
10634,1951,Master,Married,59412.0,0,0,2014-04-19,56,90,67,165,30,43,11,1,4,2,8,3,0,0,0,0,0,0,0,74,0,406,4127,0,70+,5,0.8507342414784923,0.6353535751686493
7010,1965,2n Cycle,Married,70924.0,0,0,2014-04-07,41,635,114,254,132,152,76,1,6,6,7,3,0,0,0,0,1,0,0,60,0,1363,4139,1,50-59,5,1.8190971621271728,-0.1618582462560833
8562,1969,Graduation,Together,54165.0,0,0,2013-05-28,72,127,4,73,15,6,11,1,2,1,7,2,0,0,0,0,0,0,0,56,0,236,4453,0,50-59,1,0.13566835024820706,1.3168304443408971
3158,1973,Graduation,Married,32300.0,1,0,2013-01-03,1,13,3,6,6,5,6,1,1,0,3,8,0,0,0,0,0,0,0,52,1,39,4598,0,50-59,0,-2.1483222575429877,-1.4658373402894647
4436,1976,Graduation,Single,20180.0,0,0,2013-02-20,27,18,42,24,15,20,18,1,2,1,4,7,0,0,0,0,0,0,0,49,0,137,4550,0,40-49,0,-1.8911482599682614,-0.733904146492055
5287,1973,Graduation,Married,34961.0,1,0,2014-06-19,77,45,2,26,4,1,1,3,3,1,3,7,0,0,0,0,0,0,0,52,1,79,4066,0,50-59,3,-1.6252243522719823,0.797300651168473
2445,1974,PhD,Together,28440.0,1,0,2013-07-07,87,38,1,24,0,0,0,1,2,0,3,8,0,0,0,0,0,0,0,51,1,63,4413,0,50-59,3,-2.057648529556569,1.0756310273960772
6059,1953,PhD,Together,64504.0,1,2,2013-03-04,81,986,36,168,16,0,108,7,11,3,4,7,0,0,0,0,0,1,0,72,3,1314,4538,1,70+,4,1.4250336616345045,0.23752202042730747
4550,1966,Master,Together,33564.0,0,1,2014-06-24,51,61,0,3,0,0,7,1,1,1,3,5,0,0,0,0,0,0,0,59,1,71,4061,0,50-59,1,-1.537420895146152,0.505825082161652
4240,1978,Graduation,Married,17345.0,1,0,2012-11-03,79,4,9,16,17,0,12,2,2,1,2,8,0,0,0,0,0,0,0,47,1,58,4659,0,40-49,3,-2.4673260848678282,0.7889368926765135
8911,1967,PhD,Married,56320.0,0,1,2013-04-08,11,201,53,172,116,77,83,3,5,4,9,4,0,0,0,0,0,0,0,58,1,702,4503,0,50-59,4,0.9596905635531385,-1.1794978614728913
3706,1978,Graduation,Single,28647.0,1,0,2013-08-21,54,19,8,29,0,12,26,1,2,2,2,7,0,0,1,0,0,1,0,47,1,94,4368,1,40-49,3,-2.076992134777064,0.15488255194471806
3628,1987,Basic,Single,15038.0,1,0,2013-01-29,93,4,8,11,19,12,26,2,2,1,2,9,0,0,0,0,0,0,0,38,1,80,4572,0,30-39,3,-2.7522625899544213,1.0156903976061342
10175,1958,PhD,Divorced,32173.0,0,1,2013-08-01,0,18,0,2,0,0,2,1,1,0,3,4,0,0,0,0,0,0,0,67,1,22,4388,0,60-69,0,-1.3667156490789676,-0.8863403878332989
8985,1964,2n Cycle,Together,68316.0,0,1,2012-11-04,54,806,80,161,120,11,33,5,10,7,10,6,0,0,0,0,0,0,0,61,1,1211,4658,0,60-69,4,2.16432549983003,-0.6109497365128396
5204,1971,Graduation,Together,74538.0,0,0,2013-06-29,21,380,98,733,110,112,28,1,8,8,5,3,0,0,0,0,1,1,0,54,0,1461,4421,1,50-59,2,1.8652399188606885,-1.0035009453038324
9220,1971,Graduation,Single,91700.0,0,0,2013-01-17,58,576,172,961,125,115,19,1,8,6,5,3,0,0,0,0,0,1,0,54,0,1968,4584,1,50-59,2,2.625269181580029,0.1668120841894157
9888,1969,Graduation,Together,68695.0,0,0,2014-06-25,3,458,81,356,106,50,40,1,4,4,7,2,0,0,0,0,0,0,0,56,0,1091,4060,0,50-59,2,1.3773837441916692,-1.0392193863234465
5263,1977,2n Cycle,Married,31056.0,1,0,2013-01-22,99,5,10,13,3,8,16,1,1,0,3,8,0,0,0,0,0,0,0,48,1,55,4579,0,40-49,3,-2.181432586809142,1.5352726841608075
1020,1973,Graduation,Married,79593.0,0,0,2014-05-12,70,350,60,568,110,133,145,1,5,6,7,2,0,0,0,0,1,0,0,52,0,1366,4104,1,50-59,2,1.9157553556095293,0.9094284543152682
9503,1980,Graduation,Single,28071.0,0,0,2012-08-29,65,39,33,130,41,26,44,2,5,1,5,8,0,0,0,0,0,0,0,45,0,313,4725,0,40-49,3,-1.2429419712791625,-0.0486916941155505
10613,1958,PhD,Together,37334.0,1,1,2014-02-26,44,26,1,16,2,2,15,4,3,0,4,4,0,0,0,0,0,0,0,67,2,62,4179,0,60-69,1,-0.8130414675514421,0.24749088608364436
67,1972,Master,Single,46423.0,1,1,2013-09-18,6,68,0,16,0,0,8,3,2,0,4,7,0,0,0,0,0,0,0,53,2,92,4340,0,50-59,0,-1.3919660237283706,-1.286774558654553
6019,1971,PhD,Married,37126.0,1,0,2014-03-30,9,45,3,9,4,4,7,1,1,2,2,6,0,0,1,0,0,1,0,54,1,72,4147,1,50-59,0,-1.8412280911519416,-0.9297651536476222
5863,1953,Graduation,Married,47703.0,0,1,2013-05-29,95,359,0,134,13,26,123,4,6,3,8,5,0,0,0,0,0,0,0,72,1,655,4452,0,70+,4,0.7839492789052286,1.3390517516829692
3717,1959,Graduation,Married,61180.0,0,1,2014-04-23,70,403,24,29,6,24,218,2,5,5,6,3,0,0,1,0,0,0,0,66,1,704,4123,1,60-69,5,0.8824573628093164,0.9283044111086213
6730,1954,Graduation,Married,38998.0,1,1,2012-11-03,92,34,1,14,0,0,5,3,2,0,3,8,0,0,0,0,0,0,1,71,2,54,4659,0,70+,1,-1.6211144410383165,1.4428186017150415
10749,1991,Graduation,Single,8028.0,0,0,2012-09-18,62,73,18,66,7,12,2,15,0,1,0,19,0,0,0,0,0,0,0,34,0,178,4705,0,30-39,3,-4.954272988108944,-0.9106988353535168
4998,1962,Graduation,Together,76081.0,0,0,2014-05-23,85,292,30,415,63,33,200,1,4,5,4,2,1,0,0,0,0,0,0,63,0,1033,4093,1,60-69,5,1.137036782366774,1.6635806856269422
6287,1986,Graduation,Together,34728.0,1,0,2013-07-30,2,14,0,16,0,0,6,1,1,1,2,6,0,0,0,0,0,1,0,39,1,36,4390,1,30-39,0,-2.1016472755518065,-1.2919645318122328
5985,1965,Master,Single,33168.0,0,1,2012-10-13,0,80,1,37,0,1,3,3,2,1,4,7,0,0,0,0,0,0,0,60,1,122,4680,0,50-59,0,-1.5321924230773447,-1.4386742266078718
4754,1966,Master,Married,33585.0,0,1,2013-09-25,91,30,11,33,13,6,29,1,2,0,4,4,0,0,0,0,0,0,0,59,1,122,4333,0,50-59,3,-1.0511421728343038,1.7298056706936815
4002,1960,PhD,Married,77037.0,0,1,2013-10-13,3,463,96,333,168,53,10,1,7,7,12,3,0,0,0,0,0,0,0,65,1,1123,4315,0,60-69,5,2.644542238265921,-1.502927355109818
8870,1984,Graduation,Together,35196.0,1,0,2012-11-13,68,75,12,141,43,39,187,6,6,1,5,8,0,0,0,0,0,1,0,41,1,497,4649,1,40-49,3,-0.8690247353351613,-0.0921585284332013
966,1966,Graduation,Married,44529.0,0,1,2013-07-05,98,538,13,91,17,6,26,6,6,2,11,5,0,0,0,1,0,0,0,59,1,691,4415,1,50-59,4,1.0339917798419307,1.228837327815255
4767,1965,2n Cycle,Married,70924.0,0,0,2014-04-07,41,635,114,254,132,152,76,1,6,6,7,3,0,0,0,0,1,0,0,60,0,1363,4139,1,50-59,5,1.8190971621271728,-0.1618582462560833
9725,1966,PhD,Together,28764.0,1,1,2014-06-05,16,8,0,3,0,0,1,1,1,0,2,8,0,0,1,0,0,0,0,59,2,12,4080,1,50-59,0,-2.294015320546705,-0.9174128080198921
4475,1949,PhD,Married,69098.0,0,0,2013-02-16,82,1315,22,780,145,0,178,1,7,8,9,5,0,0,0,0,0,0,0,76,0,2440,4554,0,70+,5,3.0153644205375665,0.8272986614678554
5740,1970,2n Cycle,Divorced,25959.0,1,1,2013-02-14,1,4,2,12,7,5,26,2,1,2,2,6,0,0,0,0,0,1,0,55,2,56,4556,1,50-59,0,-2.0547181671649812,-1.1936684719489534
5731,1983,Master,Married,27100.0,1,0,2013-04-05,64,12,0,13,2,0,10,1,1,0,3,7,0,0,0,0,0,0,0,42,1,37,4506,0,40-49,3,-2.1995784807996026,0.5015473681910363
7290,1985,Graduation,Single,70596.0,0,0,2012-10-05,68,347,44,534,17,0,26,1,3,5,12,2,0,0,0,0,0,0,0,40,0,968,4688,0,30-39,2,1.72724238568859,0.8244264605804003
3846,1974,Graduation,Married,42557.0,0,1,2012-08-29,98,192,5,53,0,5,15,4,6,1,4,8,0,0,0,0,0,0,0,51,1,270,4725,0,50-59,3,-0.937746865777934,0.9817629890200752
8104,1951,PhD,Married,53312.0,0,0,2013-08-09,32,241,0,12,0,0,25,1,5,1,5,7,0,0,0,0,0,0,0,74,0,278,4380,0,70+,1,-0.29825829313078095,-0.6248390764451908
4507,1952,Graduation,Single,72228.0,0,0,2012-11-27,87,631,28,491,30,14,56,1,6,7,8,3,0,0,0,0,0,0,0,73,0,1250,4635,0,70+,5,2.0648799015541455,1.370482995320407
11013,1987,Graduation,Together,67605.0,0,0,2013-03-31,84,336,28,282,184,54,54,1,2,8,6,1,0,0,0,0,0,0,0,38,0,938,4511,0,30-39,2,0.7718724842557534,1.6688291183452684
4491,1949,Master,Married,62845.0,1,1,2012-10-01,3,1099,0,45,0,0,34,11,3,4,10,8,0,0,0,1,0,0,0,76,2,1178,4692,1,70+,5,0.9661581257563849,-1.5362644568779922
3759,1958,Graduation,Together,65196.0,0,2,2013-07-25,34,743,19,181,12,0,200,2,7,6,11,5,0,0,1,0,0,0,0,67,2,1155,4395,1,60-69,4,2.0277352561310096,-0.7605158880115009
1162,1987,PhD,Single,42000.0,0,0,2013-01-10,23,124,83,267,85,59,35,2,5,2,11,5,0,0,0,0,0,1,0,38,0,653,4591,1,30-39,2,0.5456068391872171,-1.1916095257015202
2055,1973,PhD,Divorced,35860.0,1,1,2014-05-19,37,15,0,8,4,2,20,2,1,1,2,5,0,0,1,0,0,0,0,52,2,49,4097,1,50-59,0,-1.7476614489902775,0.035916244655473245
10766,1964,PhD,Married,65526.0,0,1,2014-04-11,22,397,19,69,12,0,9,1,4,4,8,2,0,0,0,0,0,0,0,61,1,506,4135,0,60-69,5,1.0363516080830177,-0.41402869491398464
4415,1961,Graduation,Married,16860.0,1,1,2012-09-12,19,10,4,4,3,3,14,3,1,1,3,7,0,0,0,0,0,0,0,64,2,38,4711,0,60-69,0,-2.1346099570106016,-0.7123969701929174
3005,1992,Graduation,Single,83528.0,0,0,2014-05-01,7,530,117,678,134,44,147,1,4,10,8,1,1,0,1,0,0,1,0,33,0,1650,4115,1,30-39,2,2.1476618518606756,-1.0229762900925263
2223,1965,2n Cycle,Divorced,64176.0,0,1,2012-08-03,52,1215,33,249,64,116,149,8,8,9,8,6,0,0,0,0,0,0,0,60,1,1826,4751,0,50-59,4,2.035071645529536,-0.446269113674985
4817,1956,Graduation,Divorced,22304.0,0,0,2012-08-04,91,3,2,7,0,4,2,1,1,0,2,8,0,0,0,0,0,0,0,69,0,18,4750,0,60-69,3,-2.2688072058955866,1.4894799063773618
2875,1978,Graduation,Married,67023.0,0,0,2014-03-04,93,444,44,382,11,8,17,1,3,7,13,2,0,0,0,0,0,0,1,47,0,906,4173,0,40-49,2,1.8455157458119122,1.6357514623817395
10536,1971,PhD,Together,32892.0,1,0,2014-05-25,78,26,0,15,2,1,2,2,3,0,3,8,0,0,0,0,0,0,0,54,1,46,4091,0,50-59,3,-1.8211661666681096,0.7261116724080248
11112,1966,Graduation,Together,70713.0,0,1,2012-12-03,23,736,114,279,82,76,190,6,5,6,8,3,0,0,0,0,0,0,0,59,1,1477,4629,0,50-59,5,1.907318322206055,-0.6496435805024311
3807,1955,Graduation,Together,59925.0,0,1,2012-11-30,83,473,21,176,19,21,56,3,9,2,9,6,0,0,0,0,0,0,0,70,1,766,4632,0,60-69,4,1.4701823142188783,0.5030945058359608
9197,1953,Graduation,Married,39722.0,0,1,2014-02-24,92,32,0,5,2,0,8,2,2,0,3,5,0,0,0,0,0,0,0,72,1,47,4181,0,70+,1,-1.1395809947986504,1.8062701789759645
10832,1958,Graduation,Together,46610.0,0,0,2013-07-18,4,288,10,30,4,10,125,1,6,1,6,6,0,0,0,0,0,0,0,67,0,467,4402,0,60-69,4,0.07461956087283352,-1.597378090834647
6421,1961,Graduation,Together,88347.0,0,0,2013-07-03,32,1050,178,555,77,138,118,1,4,7,9,1,1,0,0,0,0,0,0,64,0,2116,4417,1,60-69,5,3.1619620680206806,0.01447206071259646
4207,1981,PhD,Married,87171.0,0,0,2013-05-01,27,1001,44,107,58,44,44,1,6,7,11,2,0,0,1,0,1,0,0,44,0,1298,4480,1,40-49,2,2.607985743268568,-0.6870038491574804
577,1976,2n Cycle,Together,26907.0,1,1,2013-08-20,10,9,1,7,0,3,2,2,1,0,3,7,0,0,0,0,0,0,0,49,2,22,4369,0,40-49,0,-2.144528617306424,-1.1089429481018467
10855,1968,Master,Single,50014.0,1,0,2014-01-22,9,234,14,77,19,10,42,2,4,1,8,5,0,0,0,0,0,0,0,57,1,396,4214,0,50-59,0,0.1379074027406986,-1.2389047792653112
3081,1978,PhD,Married,41014.0,1,0,2013-04-22,65,7,2,6,2,0,3,1,1,0,2,7,0,0,0,0,0,0,0,47,1,20,4489,0,40-49,3,-2.0365837012724426,0.6361511656412273
3535,1965,Graduation,Single,66294.0,0,0,2014-03-17,68,251,108,334,65,92,117,1,4,3,5,2,0,0,0,0,0,0,0,60,0,967,4160,0,50-59,5,1.0019502962823705,1.0633509719008611
247,1971,Graduation,Married,36715.0,1,0,2012-11-17,16,172,10,125,21,13,16,6,7,2,4,9,0,0,0,0,0,1,0,54,1,357,4645,1,50-59,0,-0.9802421800286553,-1.7782160135940495
8707,1956,Graduation,Married,79456.0,0,0,2012-08-22,12,565,42,548,64,83,99,1,5,6,4,3,0,0,0,0,0,1,0,69,0,1401,4732,1,60-69,5,1.543845233180196,-0.7774875475637023
9523,1982,Graduation,Together,40479.0,1,0,2013-08-17,95,5,0,8,2,0,0,1,0,0,3,4,0,0,0,0,0,0,0,43,1,15,4372,0,40-49,3,-1.6172445551650603,1.9657197686390704
6072,1970,Master,Single,75345.0,0,0,2013-02-02,16,918,57,842,99,38,133,1,5,8,6,3,1,0,0,0,0,1,0,55,0,2087,4568,1,50-59,2,2.1665249938961737,-0.8661688044211986
6295,1977,Graduation,Married,54233.0,0,1,2013-02-04,46,652,8,158,21,0,142,4,11,6,5,8,0,0,0,0,0,0,0,48,1,981,4566,0,40-49,4,0.6408010694551967,-1.2277222430425736
10914,1970,Graduation,Single,24163.0,1,1,2013-10-12,3,4,1,7,2,1,2,2,1,0,3,4,0,0,0,0,0,0,0,55,2,17,4316,0,50-59,0,-1.667354442607303,-0.9238762058767496
1509,1958,PhD,Together,84460.0,0,0,2013-01-04,80,152,27,103,106,54,81,0,9,9,4,5,1,1,0,1,1,1,0,67,0,523,4597,1,60-69,4,1.1145393752753057,0.6851640504729074
5577,1983,Graduation,Together,43776.0,1,0,2014-05-03,77,8,0,9,2,1,3,1,1,0,2,6,0,0,0,0,0,0,0,42,1,23,4113,0,40-49,3,-1.886116819797832,1.0853500993327694
7348,1958,PhD,Single,71691.0,0,0,2014-03-17,0,336,130,411,240,32,43,1,4,7,5,2,0,0,0,0,0,1,0,67,0,1192,4160,1,60-69,5,1.3608527538474948,-0.9771810299815658
1127,1973,PhD,Married,85844.0,0,0,2014-05-29,62,938,19,843,25,95,38,1,6,6,7,2,0,0,0,0,1,0,0,52,0,1958,4087,1,50-59,2,2.6631505700409157,0.5460285484365358
1833,1974,PhD,Single,39190.0,1,0,2014-04-26,91,68,8,18,19,8,12,2,2,1,4,5,0,0,0,0,0,0,0,51,1,133,4120,0,50-59,3,-1.187936694742853,1.5498106869155865
4944,1959,Graduation,Together,71367.0,0,0,2013-08-23,24,227,23,389,42,21,75,1,4,5,7,2,0,0,0,0,0,0,0,66,0,777,4366,0,60-69,5,1.2905101428495456,-0.2767025360773118
9080,1972,PhD,Single,38578.0,1,1,2013-06-22,2,38,4,22,3,3,3,3,3,0,3,8,0,0,0,0,0,0,0,53,2,73,4428,0,50-59,0,-1.7235078652590203,-1.6303189959375424
6466,1965,PhD,Married,57236.0,1,1,2014-03-12,22,105,0,9,2,1,4,3,2,1,4,3,0,0,0,0,0,0,0,60,2,121,4165,0,50-59,1,-0.4589488150170545,-0.2312002652387115
9964,1979,Graduation,Single,61825.0,0,1,2013-08-07,56,162,50,100,55,30,27,1,4,2,8,4,0,0,0,0,0,0,0,46,1,424,4382,0,40-49,2,0.41562472159175406,0.2602666042650136
4790,1958,Graduation,Divorced,79803.0,0,1,2014-06-02,54,574,8,216,21,16,33,1,4,3,5,1,0,0,0,0,0,0,0,67,1,868,4083,0,60-69,5,1.408329828684238,0.8460660400599057
10245,1986,2n Cycle,Single,80910.0,0,0,2012-10-31,71,160,80,369,67,39,41,1,3,3,8,1,0,0,0,0,0,0,0,39,0,756,4662,0,30-39,2,1.3019171892209827,1.1536440357598183
1109,1982,Master,Together,27590.0,1,0,2013-04-23,38,6,0,5,0,0,1,1,1,0,2,7,0,0,0,0,0,0,0,43,1,12,4488,0,40-49,0,-2.351806412130549,-0.26984953474036866
6001,1979,Graduation,Married,56775.0,0,1,2013-01-02,62,614,35,160,58,35,35,2,5,8,10,5,0,0,0,0,0,0,0,46,1,937,4599,0,40-49,2,1.025128880188987,0.14232297936931054
5538,1975,Graduation,Divorced,83829.0,0,0,2013-10-08,78,897,161,430,186,161,27,0,4,7,6,1,1,0,1,0,1,1,0,50,0,1862,4320,1,40-49,2,2.2666090879585363,1.3823971226376606
10552,1979,2n Cycle,Married,54210.0,0,1,2013-05-20,18,70,54,109,80,9,45,2,4,1,7,5,0,0,0,0,0,0,0,46,1,367,4461,0,40-49,0,-0.08529860380615274,-1.0278049857361555
1545,1986,Graduation,Married,38508.0,1,0,2013-08-02,95,120,19,206,25,19,54,6,7,2,5,8,0,0,0,0,0,0,0,39,1,443,4387,0,30-39,3,-0.736806461176673,0.6275715909369033
7409,1970,Graduation,Together,53187.0,1,0,2013-10-26,66,211,2,30,7,7,10,2,4,1,6,5,0,0,0,0,0,0,0,55,1,267,4302,0,50-59,1,-0.21220203397571705,0.5719707211292291
4444,1972,Graduation,Married,30023.0,1,0,2014-03-24,28,11,0,16,7,6,21,1,2,0,3,8,0,0,0,0,0,0,0,53,1,61,4153,0,50-59,0,-2.0205692189765037,-0.733344581558258
146,1960,PhD,Single,76045.0,0,0,2013-11-15,78,760,53,400,17,93,0,1,4,5,11,2,1,0,0,0,0,0,0,65,0,1323,4282,1,60-69,5,2.4238694247833643,1.284828966688195
6271,1952,PhD,Married,50870.0,0,1,2014-06-19,13,53,0,8,0,0,2,1,2,0,3,5,0,0,0,0,0,0,0,73,1,63,4066,0,70+,1,-0.9247937510926747,-0.6116757398638726
10065,1970,2n Cycle,Married,15315.0,0,0,2013-08-03,27,7,4,13,15,8,17,2,2,0,4,5,0,0,0,0,0,0,0,55,0,64,4386,0,50-59,0,-1.6632474305491602,-0.45145478003565037
4741,1974,2n Cycle,Married,65463.0,1,0,2014-01-30,17,391,32,70,21,32,16,2,6,2,9,5,0,0,0,1,0,0,0,51,1,562,4206,1,50-59,4,0.9087190540682032,-1.2596438823237475
246,1965,Graduation,Married,66480.0,1,1,2014-05-31,71,199,9,57,20,21,6,7,4,1,7,4,0,0,0,0,0,0,0,60,2,312,4085,0,50-59,1,0.4378462345299852,0.8959606763929852
375,1954,Graduation,Divorced,76773.0,0,0,2013-02-25,79,516,56,449,86,33,16,1,2,2,11,1,0,0,0,0,0,0,0,71,0,1156,4545,0,70+,5,2.2585972786750017,1.7149960145496832
1524,1983,2n Cycle,Single,81698.0,0,0,2013-03-01,1,709,45,115,30,160,45,1,8,2,5,5,1,0,0,0,0,1,0,42,0,1104,4541,1,40-49,4,1.2395250975889278,-1.9430425869652062
10022,1973,PhD,Single,54466.0,1,1,2014-02-09,78,12,0,4,0,0,0,1,1,0,2,5,0,0,0,0,0,0,0,52,2,16,4196,0,50-59,3,-1.4146694762075913,1.352219011660756
7451,1960,Master,Single,98777.0,0,0,2014-02-17,23,1000,19,711,125,115,38,0,4,6,9,1,0,0,0,1,0,0,0,65,0,2008,4188,1,60-69,5,3.2770132473113143,-0.227992966136183
11010,1984,PhD,Single,16269.0,1,0,2013-08-30,75,19,3,18,3,1,0,3,3,0,3,8,0,0,0,0,0,0,0,41,1,44,4359,0,40-49,3,-2.295113721092848,0.47317905092233586
4356,1971,Graduation,Together,71819.0,0,1,2013-08-28,70,1224,28,140,0,14,168,3,3,3,5,6,0,0,0,1,1,0,0,54,1,1574,4361,1,50-59,2,0.7966725955317806,0.7004176906002467
3885,1983,PhD,Married,33569.0,1,0,2013-10-16,10,16,2,18,3,0,24,1,1,1,2,8,0,0,1,0,0,1,0,42,1,63,4312,1,40-49,0,-2.369711946800663,-1.253862549185639
1175,1983,Master,Married,36262.0,0,0,2013-09-20,24,88,39,54,64,28,153,1,3,5,3,6,0,0,1,0,0,1,0,42,0,426,4338,1,40-49,0,-1.2902782606578027,-0.8331919562301682
880,1966,Basic,Together,22634.0,0,0,2013-01-16,47,2,23,11,8,6,46,1,2,1,2,8,0,0,0,0,0,0,0,59,0,96,4585,0,50-59,0,-2.197650985488171,-0.08106105503726072
2320,1978,2n Cycle,Married,47025.0,0,1,2013-09-12,98,508,11,59,23,5,29,5,11,1,6,9,0,0,0,0,0,0,0,47,1,635,4346,0,40-49,4,0.20678230333715442,0.23073309204368123
850,1968,Graduation,Single,70566.0,0,1,2013-10-06,4,381,28,215,84,28,21,2,6,5,9,3,0,0,0,0,0,0,0,57,1,757,4322,0,50-59,5,1.5467153804325677,-1.367157635444758
4713,1979,PhD,Married,31605.0,1,0,2012-11-22,15,74,0,42,2,1,6,2,2,1,4,7,0,0,0,0,0,0,0,46,1,125,4640,0,40-49,0,-1.726057512561319,-1.1080259566748758
675,1973,Master,Divorced,52034.0,1,1,2013-05-17,67,146,0,93,7,13,73,5,4,2,5,7,0,0,0,0,0,0,0,52,2,332,4464,0,50-59,3,-0.6689725025077781,0.35954004631354647
5025,1979,Graduation,Single,48526.0,1,0,2013-12-24,32,23,17,23,43,20,9,1,2,1,4,3,0,0,0,0,0,0,0,46,1,135,4243,0,40-49,0,-0.7793247740122443,-0.07245624025592033
2308,1954,Graduation,Married,46734.0,0,1,2012-11-18,40,110,5,137,26,23,29,2,6,1,5,7,0,0,0,0,0,0,0,71,1,330,4644,0,70+,1,-0.27994216784915055,-0.5304884774065212
5995,1962,Graduation,Divorced,39552.0,1,1,2012-12-18,54,165,3,147,4,24,41,7,6,2,5,8,0,0,0,0,0,1,0,63,2,384,4614,1,60-69,1,-0.6174198291444835,-0.30658821744476483
6749,1966,Graduation,Single,86358.0,1,1,2012-08-08,78,957,47,494,82,47,95,4,5,3,6,8,0,0,0,0,0,0,0,59,2,1722,4746,0,50-59,4,1.3617365026416939,0.5465905064445394
1010,1977,Graduation,Together,46931.0,2,1,2014-04-24,94,41,0,17,3,1,16,2,1,1,3,3,0,0,0,0,0,0,0,48,3,78,4122,0,40-49,3,-1.0953088578056152,2.0025000627902236
8977,1985,Basic,Single,16581.0,0,0,2013-01-12,51,1,3,4,2,3,11,1,0,0,3,4,0,0,0,0,0,0,0,40,0,24,4589,0,30-39,0,-2.107451518902862,0.5168976358906917
4756,1952,2n Cycle,Divorced,63998.0,0,0,2013-12-20,42,176,29,818,0,33,112,1,7,6,11,4,0,0,0,0,0,1,0,73,0,1168,4247,1,70+,5,2.245361788307826,-0.3417084628172664
3412,1951,Master,Married,67381.0,0,1,2013-01-15,67,815,8,53,11,0,70,4,2,2,9,7,0,0,0,1,0,0,0,74,1,957,4586,1,70+,5,0.7328314948337928,0.7002834884426007
606,1967,Graduation,Single,25930.0,1,1,2013-10-10,87,6,1,2,2,0,4,1,1,0,2,7,0,0,0,0,0,0,0,58,2,15,4318,0,50-59,3,-2.1845747127783093,1.387934193081518
5961,1978,Graduation,Married,42693.0,1,0,2014-06-07,29,8,4,20,6,3,16,1,1,0,3,5,0,0,0,0,0,0,0,47,1,57,4078,0,40-49,0,-1.5297039266092392,-0.26828397733829096
2975,1976,Graduation,Together,85606.0,0,1,2012-11-12,89,717,42,864,219,30,84,2,6,7,9,3,1,0,0,0,0,0,0,49,1,1956,4650,1,40-49,2,2.765112021940974,1.1895061491150107
2894,1985,Graduation,Single,72903.0,0,0,2013-10-29,74,1067,138,750,0,19,39,1,7,5,8,4,1,0,0,1,1,1,0,40,0,2013,4299,1,30-39,2,2.293487603957152,0.4064062052527286
7613,1974,2n Cycle,Together,49669.0,1,0,2014-05-24,97,166,5,107,11,8,29,2,5,1,6,6,0,0,0,0,0,0,0,51,1,326,4092,0,50-59,3,-0.29046684721429916,1.2602397831982097
10542,1968,PhD,Married,36778.0,1,1,2012-08-05,63,29,4,34,2,4,4,3,3,0,3,9,0,0,0,0,0,0,0,57,2,77,4749,0,50-59,3,-1.8430820501911702,0.17904961983708303
8015,1962,PhD,Divorced,85696.0,0,0,2013-05-03,88,714,76,395,116,0,12,1,4,6,9,1,0,0,0,0,0,1,0,63,0,1313,4478,1,60-69,5,2.4375451063745546,1.7648846198024915
10617,1989,Master,Divorced,10979.0,0,0,2014-05-22,34,8,4,10,2,2,4,2,3,0,3,5,0,0,0,0,0,0,0,36,0,30,4094,0,30-39,0,-2.0166132437265203,-0.5058110531895208
11166,1961,Graduation,Married,49678.0,0,1,2013-02-02,81,229,5,56,3,2,20,2,6,2,4,7,0,0,0,0,0,0,0,64,1,315,4568,0,60-69,1,-0.45769952913711587,0.7080942562691037
849,1953,Master,Together,56129.0,0,1,2013-06-20,65,320,48,133,39,72,48,4,6,2,10,4,0,0,0,0,0,0,0,72,1,660,4430,0,70+,5,1.3842795666502887,0.4956628658669371
523,1989,Graduation,Married,37155.0,1,0,2013-01-31,51,23,0,26,7,15,3,1,2,0,4,5,0,0,0,0,0,0,0,36,1,74,4570,0,30-39,0,-1.4695496591084,0.1648783601385349
4066,1978,2n Cycle,Divorced,21282.0,1,0,2014-05-11,76,1,5,8,4,8,20,2,2,1,2,6,0,0,0,0,0,0,0,47,1,46,4105,0,40-49,3,-2.0964136423116457,0.940003567824226
8414,1962,PhD,Single,33419.0,0,1,2013-08-17,76,56,0,12,0,0,18,2,2,0,4,7,0,0,0,0,0,0,0,63,1,86,4372,0,60-69,1,-1.5013132953427077,0.9503801881661929
819,1945,Graduation,Widow,63285.0,0,0,2013-11-05,84,508,124,249,50,38,134,1,6,5,13,3,0,0,0,0,0,0,0,80,0,1103,4292,0,70+,5,2.5862339631630236,1.2060634959759182
4961,1974,Master,Together,21255.0,1,0,2014-01-21,56,29,0,25,2,2,3,4,2,1,4,4,0,0,0,0,0,0,0,51,1,61,4215,0,50-59,3,-1.4413869732483553,0.542281976026995
749,1981,Graduation,Together,42162.0,1,0,2013-11-19,31,46,7,59,2,4,27,2,3,1,3,6,0,0,1,0,0,1,0,44,1,145,4278,1,40-49,0,-1.3899186845960168,-0.5740333840751949
5430,1956,Graduation,Together,54450.0,1,1,2012-09-14,0,454,0,171,8,19,32,12,9,2,8,8,0,0,0,0,0,0,0,69,2,684,4709,0,60-69,4,0.8105993338213207,-2.302845850486869
7755,1954,PhD,Married,57744.0,0,1,2013-11-12,91,350,3,39,0,0,19,2,9,1,4,8,0,0,0,0,0,0,0,71,1,411,4285,0,70+,4,0.10753838958799221,0.6547766703579302
10525,1986,Graduation,Single,26576.0,1,0,2012-10-13,40,10,0,8,0,0,9,1,1,0,2,9,0,0,1,0,0,1,0,39,1,27,4680,1,30-39,0,-2.714284017966297,-0.4828970307274824
1453,1943,PhD,Widow,57513.0,0,0,2013-07-06,59,735,40,183,52,20,30,2,9,3,13,6,0,0,0,0,0,0,0,82,0,1060,4414,0,70+,4,2.39598116902876,-0.24219767634241282
8310,1964,Graduation,Together,68142.0,0,1,2012-08-29,96,897,126,196,91,112,37,3,10,4,7,6,0,0,0,0,0,0,0,61,1,1459,4725,0,60-69,4,1.9437887316058726,0.756801293642673
10710,1979,Graduation,Married,7500.0,0,1,2012-08-29,61,5,2,3,3,0,5,1,1,0,2,8,0,0,0,0,0,0,0,46,1,18,4725,0,40-49,3,-2.835984679230936,0.3087463698602694
5031,1974,Graduation,Together,83145.0,0,0,2012-09-22,14,777,35,731,39,137,114,1,5,9,11,2,0,0,0,0,1,1,0,51,0,1833,4701,1,50-59,2,2.932547871540979,-0.9434046979219443
2613,1960,Master,Married,54197.0,0,1,2014-04-03,16,162,6,37,6,13,13,2,1,3,6,1,0,0,0,0,0,0,0,65,1,237,4143,0,60-69,1,0.10764687171070757,-0.08627892011927811
213,1963,PhD,Single,23091.0,1,1,2014-05-28,98,35,0,11,0,0,2,4,2,1,3,7,0,0,0,0,0,0,0,62,2,48,4088,0,60-69,3,-1.879908126110636,1.6259325779328062
967,1976,Graduation,Married,46049.0,1,1,2013-07-21,11,342,9,112,19,14,19,10,5,2,9,7,0,0,0,0,0,1,0,49,2,515,4399,1,40-49,4,0.03730605821760713,-1.633120967073692
1077,1974,Graduation,Together,56715.0,0,0,2012-12-05,52,258,105,239,237,172,9,1,7,3,4,4,0,0,0,0,0,0,0,51,0,1020,4627,0,50-59,4,0.6971596846166332,-0.07898307045736648
7959,1961,Graduation,Married,79410.0,0,0,2014-05-29,19,658,80,483,123,13,13,1,3,2,5,1,0,0,0,0,0,0,0,64,0,1370,4087,0,60-69,5,1.6455947952374987,-0.17758734789738082
640,1951,Graduation,Married,57304.0,0,1,2013-03-11,61,356,80,329,138,17,106,2,7,6,10,5,0,0,0,0,0,0,0,74,1,1026,4531,0,70+,5,1.717227674772952,0.15395163089779365
4252,1965,Graduation,Married,44375.0,0,1,2014-03-23,73,213,5,28,7,7,41,1,4,1,6,5,0,0,0,0,0,0,0,60,1,301,4154,0,50-59,1,-0.28647220341357943,0.8148566553302138
8432,1956,Graduation,Together,54450.0,1,1,2012-09-14,0,454,0,171,8,19,32,12,9,2,8,8,0,0,0,0,0,0,0,69,2,684,4709,0,60-69,4,0.8105993338213207,-2.302845850486869
6218,1965,Graduation,Married,59594.0,0,1,2012-10-20,74,457,4,29,0,0,9,1,8,1,7,7,0,0,0,1,0,0,0,60,1,499,4673,1,50-59,4,0.5362244079527944,0.17861813949762073
6905,1994,Graduation,Together,80685.0,0,0,2012-08-22,55,241,45,604,34,26,54,1,6,4,10,2,0,0,0,0,0,0,0,31,0,1004,4732,0,30-39,2,1.9409330321456497,0.07981497487944444
5922,1974,PhD,Married,40344.0,0,1,2013-10-13,48,210,0,6,0,0,2,2,4,1,5,7,0,0,0,0,0,0,0,51,1,218,4315,0,50-59,0,-1.0022168339230304,-0.2624017332346241
3598,1972,Graduation,Married,62710.0,0,1,2013-05-23,53,441,35,83,7,29,11,4,4,2,12,4,0,0,0,0,0,0,0,53,1,606,4458,0,50-59,2,1.2534911537360578,0.13131619869227185
6116,1968,2n Cycle,Married,48985.0,0,1,2013-07-05,13,19,13,18,10,7,8,1,1,1,3,3,0,0,0,0,0,0,0,57,1,75,4415,0,50-59,0,-0.9705112701116173,-0.42261962189243796
6263,1968,Graduation,Together,35322.0,1,2,2012-08-22,34,28,9,37,12,7,13,3,2,0,4,8,0,0,0,0,0,0,0,57,3,106,4732,0,50-59,0,-1.6867487251009043,-0.5233415225341571
10486,1948,Graduation,Married,77142.0,0,0,2013-05-29,54,476,75,162,29,151,97,1,4,4,8,2,0,0,0,0,0,0,0,77,0,990,4452,0,70+,5,1.8666551013246,0.7392526063032814
2410,1969,Graduation,Single,81657.0,0,0,2014-01-22,69,364,40,425,158,60,50,1,3,4,8,1,0,0,0,0,0,0,0,56,0,1097,4214,0,50-59,2,1.810466638482926,1.2409956208634922
193,1996,Basic,Married,14421.0,0,0,2014-02-17,81,0,0,2,3,3,8,1,1,0,2,5,0,0,1,0,0,0,0,29,0,16,4188,1,18-29,3,-2.448142846700029,1.138191960980709
3363,1974,2n Cycle,Married,20130.0,0,0,2014-03-17,99,0,6,3,7,6,12,1,1,0,3,8,0,0,0,0,0,0,0,51,0,34,4160,0,50-59,3,-2.3680947635196734,1.5391750576879226
8278,1990,PhD,Married,74214.0,0,0,2012-08-26,3,863,83,547,86,99,33,1,8,2,5,5,0,0,0,0,0,0,0,35,0,1711,4728,0,30-39,2,1.5255151738469488,-1.9845262102163435
10660,1957,Master,Married,66726.0,1,1,2014-01-12,61,349,7,35,0,0,47,3,8,2,4,7,0,0,0,1,0,0,0,68,2,438,4224,1,60-69,4,0.2759229305268616,-0.05857042236267892
8686,1979,Basic,Together,23724.0,1,0,2013-01-08,65,5,23,15,0,18,14,2,2,0,3,8,0,0,0,0,0,0,0,46,1,75,4593,0,40-49,3,-2.2030618045480956,0.334657780057766
1604,1960,Master,Married,47353.0,0,1,2013-11-13,93,184,2,19,8,8,4,3,2,2,6,5,0,0,0,0,0,0,0,65,1,225,4284,0,60-69,1,-0.49379530645436653,1.7100463756708195
5907,1952,Master,Married,33444.0,1,1,2012-11-03,24,8,0,8,0,0,2,1,1,0,2,8,0,0,0,0,0,0,0,73,2,18,4659,0,70+,1,-2.027896579479046,-0.5273096800711734
10669,1981,Graduation,Married,54386.0,0,1,2013-05-17,8,277,21,64,62,21,25,2,3,2,10,3,0,0,0,0,0,0,0,44,1,470,4464,0,40-49,2,0.5901055999119059,-1.0892184299031242
2918,1981,Graduation,Divorced,28510.0,1,1,2013-04-13,72,44,5,19,0,4,19,3,2,0,4,5,0,0,0,0,0,0,0,44,2,91,4498,0,40-49,3,-1.5147235042068863,0.8714364840773768
5735,1991,Master,Single,90638.0,0,0,2014-02-13,29,1156,120,915,94,144,96,1,3,4,10,1,0,0,0,0,1,0,0,34,0,2525,4192,1,30-39,2,3.19586126583502,-0.2840719424670724
359,1950,Graduation,Together,48070.0,0,1,2013-01-13,33,373,14,83,6,9,19,3,8,2,6,7,0,0,0,0,0,0,1,75,1,504,4588,0,70+,4,0.3502206409995102,-0.9555660559239488
8387,1957,Graduation,Married,43140.0,0,1,2013-01-05,68,134,8,76,6,0,11,1,4,1,5,6,0,0,0,0,0,0,0,68,1,235,4596,0,60-69,1,-0.5686423013120594,0.6410402470176026
1829,1961,PhD,Divorced,54959.0,0,1,2013-01-19,55,1148,0,60,0,0,24,3,9,5,4,7,0,0,0,1,0,1,0,64,1,1232,4582,1,60-69,4,0.8062858179242118,-0.44548073018678913
3839,1958,Basic,Single,15056.0,1,1,2013-05-03,76,6,12,3,21,6,40,5,2,2,3,5,0,0,0,0,0,0,0,67,2,88,4478,0,60-69,1,-1.634350756136165,1.2049863480164316
9392,1971,Graduation,Single,26954.0,1,0,2014-05-08,17,4,1,11,0,0,1,1,1,0,2,7,0,0,0,0,0,0,0,54,1,17,4108,0,50-59,0,-2.2307659331143683,-0.8201742668979427
2292,1985,Graduation,Single,22327.0,1,0,2013-08-02,94,5,4,8,2,0,5,1,1,0,3,5,0,0,0,0,0,0,0,40,1,24,4387,0,30-39,3,-2.0091768066937754,1.6383516391106872
10466,1965,Graduation,Married,44393.0,1,1,2013-08-22,86,24,2,20,2,2,10,2,1,0,4,4,0,0,0,0,0,0,0,60,2,60,4367,0,50-59,1,-1.0219289112856544,1.7198251609354003
9855,1952,PhD,Single,62000.0,0,1,2013-08-25,25,899,0,101,0,0,20,1,6,6,13,4,1,0,0,0,0,0,0,73,1,1020,4364,1,70+,5,2.2373229824895398,-0.808478923000747
4088,1962,PhD,Together,31497.0,0,1,2012-12-06,22,108,1,28,13,1,4,2,3,1,4,8,0,0,0,0,0,0,0,63,1,155,4626,0,60-69,0,-1.5145239296006108,-0.9590167259393872
5231,1974,2n Cycle,Married,45894.0,0,2,2014-02-27,15,27,2,7,0,2,13,1,1,0,3,5,0,0,0,0,0,0,0,51,2,51,4178,0,50-59,0,-1.4293643554237319,-0.6578285613474452
590,1970,Master,Divorced,78579.0,0,0,2012-12-22,35,816,66,549,216,66,99,1,5,6,4,3,0,0,0,0,0,1,0,55,0,1812,4610,1,50-59,2,1.7089502568441128,-0.21094415257254967
8732,1969,Master,Widow,67369.0,0,1,2012-11-17,81,1298,0,70,37,14,42,4,7,4,10,4,0,0,0,1,1,1,0,56,1,1461,4645,1,50-59,2,2.212700575938034,0.7314186106327141
2315,1960,Graduation,Divorced,58401.0,0,1,2014-04-20,55,10,0,11,17,29,29,1,1,2,2,4,0,0,0,0,0,0,0,65,1,96,4126,0,60-69,1,-0.9666317818743562,0.8838276277374646
3515,1952,Graduation,Single,62307.0,0,1,2014-02-17,94,87,13,34,10,6,10,1,4,0,4,5,0,0,0,0,0,0,0,73,1,160,4188,0,70+,1,-0.19529714768955034,1.683047612657272
2245,1969,Master,Married,43641.0,1,1,2013-04-22,50,57,2,51,4,2,23,3,2,1,4,6,0,0,0,0,0,0,0,56,2,139,4489,0,50-59,1,-1.2026847075418132,0.21658843301538108
6283,1968,Master,Divorced,63841.0,0,1,2013-04-21,64,635,15,100,20,7,131,1,9,3,9,6,0,0,0,0,0,0,0,57,1,908,4490,0,50-59,4,1.4999073626575623,-0.20452770903617357
2246,1965,2n Cycle,Married,46891.0,0,1,2013-09-01,91,43,12,23,29,15,61,1,2,1,4,4,0,0,0,0,0,0,0,60,1,183,4357,0,50-59,1,-0.7371446263343256,1.7674786127516766
6606,1969,Master,Married,70091.0,1,0,2013-03-31,11,964,34,137,15,0,11,2,5,2,10,8,0,0,0,1,0,0,0,56,1,1161,4511,1,50-59,4,1.1116571027288702,-1.6764390500802553
5545,1972,PhD,Married,78075.0,0,0,2014-04-05,72,572,8,259,34,35,80,1,3,5,5,1,0,0,0,0,0,0,0,53,0,988,4141,0,50-59,2,1.178005667302916,1.3744816815864294
7342,1961,2n Cycle,Widow,59184.0,0,1,2012-09-09,6,341,142,113,259,151,66,3,6,6,12,5,0,0,0,0,0,0,0,64,1,1072,4714,0,60-69,4,1.8136908466569104,-1.583955640880279
837,1977,Graduation,Married,54809.0,1,1,2013-09-11,0,63,6,57,13,13,22,4,2,1,5,4,0,0,0,0,0,0,0,48,2,174,4347,0,40-49,0,-0.6202732795097364,-1.1757054029246667
9500,1959,Graduation,Married,58113.0,0,1,2013-01-25,66,221,104,169,102,78,84,3,9,2,8,7,0,0,0,0,0,0,1,66,1,758,4576,0,60-69,4,1.076419828433638,-0.1590582285708406
3602,1958,Master,Married,51412.0,0,1,2013-12-31,42,140,3,29,4,5,14,2,3,2,4,4,0,0,0,0,0,0,0,67,1,195,4236,0,60-69,1,-0.4365486900369244,0.21299648481200642
234,1979,Graduation,Divorced,15287.0,1,0,2012-10-10,60,1,2,8,4,3,13,2,1,1,2,7,0,0,1,0,0,1,0,46,1,31,4683,1,40-49,3,-2.5248997818058574,0.4124363757746841
2995,1957,Master,Together,66636.0,0,0,2013-08-17,64,291,10,689,84,10,0,1,3,4,9,1,0,0,0,0,0,0,0,68,0,1084,4372,0,60-69,5,1.8078373881830296,1.1401569737287167
1118,1956,Master,Married,50965.0,0,1,2013-02-20,87,544,13,85,8,6,29,3,10,4,5,8,0,0,1,0,0,0,0,69,1,685,4550,1,60-69,4,0.46407759835912077,0.35362518418321287
7789,1965,PhD,Married,84618.0,0,0,2013-11-22,96,684,100,801,21,66,0,1,6,9,10,2,0,0,0,0,1,0,0,60,0,1672,4275,1,50-59,5,2.942854578670474,1.6105205552871231
3068,1990,Graduation,Married,18351.0,0,0,2013-10-29,1,1,12,9,0,14,7,1,2,0,3,7,0,0,0,0,0,0,0,35,0,43,4299,0,30-39,0,-2.32829864930265,-1.6489011293145348
8955,1957,PhD,Together,40451.0,0,2,2014-02-16,54,35,0,4,0,0,10,1,1,1,2,5,0,0,1,0,0,0,0,68,2,49,4189,1,60-69,1,-1.4615054616541605,0.7241466749258618
945,1965,Graduation,Together,36317.0,0,1,2013-05-22,53,87,3,25,3,2,13,2,3,0,4,7,0,0,0,0,0,0,0,60,1,133,4459,0,50-59,1,-1.3170242836672907,0.1042741128666341
5644,1957,Graduation,Together,42213.0,0,1,2013-10-12,96,309,3,24,4,3,20,2,5,1,7,7,0,0,0,1,0,0,0,68,1,363,4316,1,60-69,1,-0.2003840681198172,1.2286232742609229
7192,1955,Graduation,Together,65748.0,0,1,2013-04-15,58,172,73,93,95,78,34,2,2,4,10,1,0,0,0,0,0,0,1,70,1,545,4496,0,60-69,5,1.372563327190759,1.0738565453555269
2324,1972,Graduation,Together,77044.0,0,1,2013-10-27,12,625,38,242,50,34,76,2,7,11,11,4,0,0,1,0,0,0,0,53,1,1065,4301,1,50-59,2,2.151992106181366,-1.4271706234724686
697,1969,Graduation,Together,74918.0,0,0,2013-03-12,78,972,59,913,25,19,59,1,5,9,6,3,0,0,0,0,1,0,0,56,0,2047,4530,1,50-59,2,2.1531964364994143,1.0681450560457615
3439,1972,Graduation,Married,56721.0,1,1,2012-10-31,64,157,6,39,6,13,75,5,4,1,5,6,0,0,0,0,0,0,0,53,2,296,4662,0,50-59,3,-0.4458420397664014,0.4051278428832822
1506,1975,Graduation,Single,42160.0,1,1,2013-06-28,26,48,9,45,3,15,20,4,2,1,4,6,0,0,0,0,0,1,0,50,2,140,4422,1,40-49,0,-1.3092336503283053,-0.5880793792533235
232,1965,Graduation,Single,61559.0,0,1,2013-07-17,8,279,83,88,32,14,34,1,4,2,10,3,0,0,0,0,0,0,0,60,1,530,4403,0,50-59,5,1.1037578094255969,-1.0338818351110386
8876,1963,PhD,Together,33629.0,1,1,2012-08-08,49,132,0,16,0,0,4,5,3,1,4,9,0,0,0,0,0,0,0,62,2,152,4746,0,60-69,1,-1.635950065598222,-0.24271071423966703
4500,1991,PhD,Together,68682.0,0,0,2013-10-06,56,919,0,505,99,30,45,1,4,9,10,2,0,0,0,0,0,0,0,34,0,1598,4322,0,30-39,2,1.987196042888411,0.30926872462704785
9739,1963,Graduation,Single,34377.0,0,1,2013-01-19,55,62,0,22,3,1,26,2,2,2,2,7,0,0,0,0,0,0,0,62,1,114,4582,0,60-69,1,-1.7689374592221323,0.3389947766746622
10395,1986,Basic,Single,8940.0,1,0,2012-08-22,25,1,45,3,4,6,42,3,3,1,3,8,0,0,0,0,0,0,0,39,1,101,4732,0,30-39,0,-2.422456749098356,-1.1163178077770248
1176,1973,Graduation,Married,26228.0,1,0,2013-09-22,50,2,6,4,3,1,9,1,1,0,2,8,0,0,0,0,0,0,0,52,1,25,4336,0,50-59,3,-2.4073320098444158,0.06609486191331893
1627,1957,2n Cycle,Divorced,77297.0,0,0,2013-01-26,84,408,61,109,48,122,41,1,5,7,9,4,1,0,0,0,0,0,0,68,0,789,4575,1,60-69,5,1.5689123501572044,1.225193530579991
938,1981,Graduation,Married,40211.0,1,1,2013-07-30,30,51,1,7,2,1,25,2,2,1,2,8,0,0,1,0,0,0,0,44,2,87,4390,1,40-49,0,-2.0620782680033005,-0.7089779707257512
2740,1958,PhD,Widow,33438.0,1,1,2013-09-22,81,62,1,16,3,2,6,4,2,1,4,5,0,0,0,0,0,0,0,67,2,90,4336,0,60-69,1,-1.1397078699846086,1.3777900163966992
257,1959,PhD,Married,75032.0,0,1,2013-04-28,74,952,12,180,47,12,12,2,5,4,9,3,0,0,0,0,0,0,0,66,1,1215,4483,0,60-69,5,2.012275523789711,0.9936317497564895
4058,1955,PhD,Single,61284.0,0,0,2013-10-12,76,618,15,106,20,7,45,1,11,2,8,6,0,0,0,1,0,0,0,70,0,811,4316,1,60-69,4,1.651637939472275,0.09360859645293024
7736,1986,Graduation,Married,22518.0,1,0,2012-10-22,36,11,7,12,2,2,27,2,2,1,2,5,0,0,1,0,0,1,0,39,1,61,4671,1,30-39,0,-2.0147706328284154,-0.2569576106108878
8210,1975,Master,Married,54730.0,0,1,2013-08-15,64,318,3,17,4,7,56,5,4,1,8,4,0,0,0,0,0,0,0,50,1,405,4374,0,40-49,2,0.31703274864252406,0.5305551224114429
833,1955,Master,Married,38452.0,1,1,2014-03-30,62,56,0,14,0,0,2,3,3,0,3,7,0,0,0,0,0,0,0,70,2,72,4147,0,60-69,1,-1.3496233822417647,0.5087051381488694
6230,1971,Graduation,Divorced,44421.0,1,1,2013-02-15,53,110,5,59,7,1,7,5,5,0,4,8,0,0,0,0,0,0,0,54,2,189,4555,0,50-59,3,-1.0788893968094628,-0.27087316164187863
7325,1986,PhD,Together,38197.0,1,0,2013-06-29,86,23,0,11,2,1,3,1,1,0,3,5,0,0,0,0,0,0,0,39,1,40,4421,0,30-39,3,-1.7113819940015966,1.416340438052885
1307,1978,Graduation,Divorced,41986.0,0,1,2014-02-09,15,27,5,8,8,3,12,3,3,0,4,4,0,0,0,0,0,0,0,47,1,63,4196,0,40-49,0,-0.9764107711276115,-0.8296686901951568
1502,1983,Graduation,Together,28427.0,1,0,2013-03-21,67,18,3,19,3,3,6,2,2,0,3,8,0,0,0,0,0,0,0,42,1,52,4521,0,40-49,3,-2.1822696254462017,0.37075699738781337
6211,1976,PhD,Together,37395.0,1,0,2014-05-02,47,18,0,9,0,1,11,1,1,0,3,6,0,0,0,0,0,0,0,49,1,39,4114,0,40-49,0,-1.769308443782368,0.18033411085607648
843,1971,Graduation,Married,64722.0,1,0,2014-05-26,47,303,0,280,60,147,15,4,8,2,11,6,0,0,0,0,0,0,0,54,1,805,4090,0,50-59,4,1.5473535675943386,-0.6944015145438558
4174,1956,Master,Together,55249.0,0,1,2014-04-17,81,97,1,19,2,0,11,1,2,1,4,3,0,0,0,0,0,0,0,69,1,130,4129,0,60-69,1,-0.3634422295053401,1.6797716276105186
9757,1972,Graduation,Together,84906.0,0,0,2013-10-04,98,997,15,414,99,30,76,1,5,6,12,2,0,1,0,1,1,0,0,53,0,1631,4324,1,50-59,2,2.987552398762115,1.6694306778314838
6918,1989,Graduation,Married,28691.0,1,0,2013-07-04,56,5,4,13,8,0,4,1,1,0,3,8,0,0,0,0,0,0,0,36,1,34,4416,0,30-39,3,-2.401379781839594,0.08329434971368213
286,1952,Graduation,Single,44213.0,1,1,2013-11-29,48,95,11,35,0,4,7,4,2,1,5,6,0,0,0,0,0,0,0,73,2,152,4268,0,70+,1,-0.8281757395764632,0.29048184345278316
11086,1984,Basic,Single,25707.0,1,0,2014-01-18,18,1,6,2,3,6,3,1,1,0,3,7,0,0,0,0,0,0,0,41,1,21,4218,0,40-49,0,-2.2635202381779824,-0.9383464212479355
1921,1967,PhD,Married,59062.0,2,1,2013-10-03,74,46,1,12,3,0,9,2,2,0,3,4,0,0,0,0,0,0,0,58,3,71,4325,0,50-59,1,-0.7772006300164613,1.276977710461394
4138,1962,Graduation,Single,76624.0,0,1,2014-05-24,68,411,106,147,54,115,66,1,5,10,7,1,0,0,1,0,0,0,0,63,1,899,4092,1,60-69,5,1.7538120059671902,1.0771419082016027
7718,1947,Master,Together,66000.0,0,0,2014-04-20,36,244,51,270,101,0,45,1,1,3,5,1,0,0,0,0,0,0,0,78,0,711,4126,0,70+,5,0.747498586491538,0.6914596239103192
1291,1978,PhD,Together,27683.0,1,0,2012-08-04,90,152,9,121,12,12,45,4,6,2,4,8,0,0,0,0,0,0,0,47,1,351,4750,0,40-49,3,-1.2002491189338829,0.6591750184912785
6862,1971,Graduation,Divorced,1730.0,0,0,2014-05-18,65,1,1,3,1,1,1,15,0,0,0,20,0,0,0,0,0,0,0,54,0,8,4098,0,50-59,3,-5.12502231958206,-0.7559575054511537
4136,1992,Basic,Single,7500.0,1,0,2012-12-03,63,10,17,18,8,26,40,4,3,2,2,9,0,0,0,0,0,0,0,33,1,119,4629,0,30-39,3,-2.7973266554349454,-0.09001741101953745
803,1968,Graduation,Together,40521.0,1,1,2013-04-05,82,12,0,5,0,0,4,1,0,1,2,5,0,0,0,0,0,0,0,57,2,21,4506,0,50-59,3,-1.7435324189823258,1.6002903670345114
4298,1973,PhD,Together,20427.0,1,0,2014-03-24,63,5,0,4,0,0,1,1,1,0,2,8,0,0,0,0,0,0,0,52,1,10,4153,0,50-59,3,-2.5257272839749243,0.45689364501491064
10833,1975,Graduation,Married,65106.0,0,1,2014-05-24,55,790,19,133,12,0,19,3,8,3,13,6,0,0,0,1,0,0,0,50,1,973,4092,1,40-49,4,1.9410286075364693,-0.537099098011244
9606,1965,PhD,Married,69969.0,0,0,2013-08-27,64,882,29,514,38,29,44,1,4,2,6,3,1,0,0,0,1,1,0,60,0,1536,4362,1,50-59,5,1.541663084870657,0.786350855250104
8534,1952,Graduation,Married,67433.0,0,2,2013-07-16,51,615,28,259,12,48,30,4,6,5,13,4,0,0,0,1,0,0,0,73,2,992,4404,1,70+,5,2.322745552245573,0.011954040030450471
5153,1967,PhD,Married,77766.0,0,1,2013-02-22,97,1004,59,265,115,59,27,2,11,10,11,6,0,0,1,0,0,1,0,58,1,1529,4548,1,50-59,4,2.8634092637673185,0.5729985967717458
961,1972,Graduation,Married,74716.0,0,1,2013-09-12,92,133,27,421,13,195,71,2,7,3,5,4,0,0,0,0,0,0,0,53,1,860,4346,0,50-59,4,1.0816299800881055,1.203698150745498
5011,1963,Graduation,Divorced,68118.0,0,1,2013-10-18,51,595,23,123,10,23,154,2,8,9,4,6,0,0,0,0,0,0,0,62,1,928,4310,0,60-69,4,0.793220166711666,-0.32148879441619616
6653,1970,PhD,Married,55158.0,1,1,2012-07-30,72,293,0,87,4,11,23,4,7,2,5,7,0,0,0,0,0,1,0,55,2,418,4755,1,50-59,4,-0.10142409150489301,0.21995534880731982
9094,1955,2n Cycle,Married,62972.0,0,1,2012-08-03,39,313,15,47,20,0,192,2,7,4,3,6,0,0,0,0,0,1,0,70,1,587,4751,1,60-69,4,0.224878467737356,-0.48565887961811227
810,1975,Graduation,Married,74190.0,0,1,2014-05-12,49,151,81,86,168,91,64,2,4,2,11,2,0,0,0,0,0,0,0,50,1,641,4104,0,40-49,2,1.623293162948854,0.26313414697368764
5493,1976,Graduation,Married,39356.0,1,1,2014-03-19,21,15,0,2,0,0,6,1,1,0,2,6,0,0,1,0,0,0,0,49,2,23,4158,1,40-49,0,-1.8984786058574723,-0.597390270615298
2147,1969,Graduation,Together,76653.0,0,0,2013-08-16,91,736,63,946,219,189,126,1,4,7,11,2,1,0,0,0,1,0,0,56,0,2279,4373,1,50-59,2,3.1348078873711387,1.5725450736270117
5107,1973,PhD,Divorced,35860.0,1,1,2014-05-19,37,15,0,8,4,2,20,2,1,1,2,5,0,0,1,0,0,0,0,52,2,49,4097,1,50-59,0,-1.7476614489902775,0.035916244655473245
3979,1983,PhD,Divorced,90687.0,0,0,2013-05-22,98,982,17,672,23,34,51,1,6,2,8,2,0,0,0,0,1,1,0,42,0,1779,4459,1,40-49,2,2.636484163499039,1.5626108635973377
6049,1982,Master,Together,73450.0,0,0,2013-12-05,85,1142,51,415,90,69,37,1,7,8,11,3,1,0,1,0,0,0,0,43,0,1804,4262,1,40-49,2,2.758279591051,0.8288664401975914
8147,1960,Graduation,Married,31454.0,1,1,2013-07-06,40,28,0,11,0,0,9,3,2,0,3,8,0,0,0,0,0,0,0,65,2,48,4414,0,60-69,1,-1.8549703314809567,-0.24460193278750858
1857,1952,Graduation,Single,47139.0,1,1,2014-03-06,2,46,0,12,0,2,23,2,2,1,2,7,0,0,0,0,0,1,0,73,2,83,4171,1,70+,1,-1.4345251223050797,-1.1728069714293918
3910,1975,Graduation,Divorced,83829.0,0,0,2013-10-08,78,897,161,430,186,161,27,0,4,7,6,1,1,0,1,0,1,1,0,50,0,1862,4320,1,40-49,2,2.2666090879585363,1.3823971226376606
5207,1963,PhD,Married,53378.0,1,1,2012-09-24,41,489,6,152,8,6,132,10,9,4,6,8,0,0,0,0,0,1,0,62,2,793,4699,1,60-69,4,0.516040716645937,-1.0533766788789831
11114,1970,Graduation,Together,19656.0,1,0,2013-02-08,94,25,4,9,6,8,32,3,2,1,3,7,0,0,0,0,0,0,0,55,1,84,4562,0,50-59,3,-2.000691348179741,1.4270421380574334
5429,1948,PhD,Married,45579.0,0,1,2013-08-20,10,145,1,33,2,1,1,1,4,1,4,6,0,0,0,0,0,0,0,77,1,183,4369,0,70+,1,-0.6176702256062798,-1.0432645511827319
9400,1958,2n Cycle,Single,85485.0,0,0,2014-06-21,73,630,26,611,44,18,54,1,6,6,6,2,0,0,0,0,0,0,0,67,0,1383,4064,0,60-69,5,2.211853091477108,1.0713723440659568
1740,1944,Graduation,Married,55956.0,0,0,2014-04-07,22,760,38,104,50,9,38,2,7,3,4,4,0,0,0,1,0,0,0,81,0,999,4139,1,70+,5,1.02356022216266,-0.7298811826872521
7488,1963,Master,Single,64191.0,0,1,2013-01-22,30,420,15,186,151,38,15,3,5,3,13,3,0,0,0,0,0,0,0,62,1,825,4579,0,60-69,5,2.0022637463156374,-0.5183097453771586
195,1972,Graduation,Single,38808.0,1,0,2012-08-26,21,125,17,52,3,19,30,4,5,1,4,8,0,0,1,0,0,1,0,53,1,246,4728,1,50-59,0,-1.157027539185276,-1.2883359953642326
635,1966,Master,Married,57183.0,1,1,2013-03-19,51,464,5,64,7,0,70,8,9,1,7,8,0,0,0,0,0,0,0,59,2,610,4523,0,50-59,4,0.545123889936061,-0.7804454860013947
7527,1968,Master,Divorced,23748.0,1,0,2012-11-21,97,6,6,29,12,15,8,3,2,1,3,8,0,0,0,0,0,0,0,57,1,76,4641,0,50-59,3,-2.0591092722772713,1.4311475645139335
10319,1971,Graduation,Married,66303.0,0,1,2013-02-26,56,1090,12,96,16,12,60,4,3,4,11,8,0,0,0,1,0,0,0,54,1,1286,4544,1,50-59,4,1.0133444866930932,-0.11753373483627053
2296,1975,Master,Married,37368.0,1,0,2013-12-16,4,3,2,11,2,2,10,1,1,0,2,6,0,0,1,0,0,0,0,50,1,30,4251,1,40-49,0,-1.9222226851052555,-1.1204885169913053
10637,1964,Graduation,Married,40800.0,1,2,2013-01-01,77,24,0,27,8,30,10,2,3,0,3,7,0,0,0,0,0,0,1,61,3,99,4600,0,60-69,3,-1.388627305601086,0.8943522597578892
2931,1978,Graduation,Divorced,71847.0,0,0,2012-09-21,95,737,21,106,55,63,210,0,6,7,9,3,1,0,0,0,0,0,0,47,0,1192,4702,1,40-49,2,1.8392798554338758,1.351787190536354
907,1975,Graduation,Married,46149.0,0,1,2013-11-29,36,254,6,71,4,0,27,5,5,1,7,5,0,0,0,0,0,0,0,50,1,362,4268,0,40-49,0,-0.054869905597343206,-0.5588293274862323
3698,1983,Graduation,Together,78687.0,0,0,2012-08-09,13,817,185,687,145,55,241,1,4,6,8,2,0,0,0,0,1,1,0,42,0,2130,4745,1,40-49,2,2.418816603752765,-0.8972462504208414
9516,1971,2n Cycle,Divorced,49118.0,0,0,2012-08-18,90,620,54,239,99,98,119,2,9,7,10,7,0,1,0,1,0,1,0,54,0,1229,4736,1,50-59,4,1.4555928724835763,0.38805861431621597
679,1957,PhD,Married,37633.0,1,1,2012-09-20,49,13,4,20,0,0,1,2,1,0,3,9,0,0,0,0,0,0,0,68,2,38,4703,0,60-69,1,-1.9948059268165221,0.06899791152125179
7384,1951,Master,Together,39767.0,0,0,2013-07-21,18,113,61,204,34,26,47,2,7,1,7,8,0,0,0,0,0,0,0,74,0,485,4399,0,70+,4,0.020973823179735042,-1.4815386816405156
5043,1951,Basic,Married,26997.0,0,0,2012-11-05,89,7,23,78,133,49,144,2,4,2,5,7,0,0,0,0,0,0,0,74,0,434,4657,0,70+,1,-0.7797433480985843,1.1880804906913416
5267,1970,Graduation,Divorced,33986.0,1,0,2013-03-14,43,16,2,18,2,1,5,1,1,0,3,7,0,0,0,0,0,0,0,55,1,44,4528,0,50-59,0,-1.9109038565604988,-0.012911268616178388
339,1972,PhD,Married,57091.0,0,1,2012-11-23,82,462,0,24,6,0,4,2,9,2,5,7,0,0,0,1,0,1,0,53,1,496,4639,1,50-59,4,0.24446156134398475,0.29527519335702235
2516,1969,2n Cycle,Married,46831.0,1,1,2013-06-08,84,22,2,10,6,4,34,2,1,2,2,4,0,0,0,0,0,0,0,56,2,78,4442,0,50-59,3,-1.3017890075738698,1.6738064599815936
9010,1972,Master,Married,83151.0,0,0,2013-02-10,80,968,147,842,137,42,210,1,5,7,10,2,1,0,1,0,1,1,0,53,0,2346,4560,1,50-59,2,3.2610576448243225,1.1307783387948118
378,1971,Graduation,Married,52531.0,0,0,2012-12-30,68,283,112,151,51,72,125,2,7,2,10,6,0,0,0,0,0,0,0,54,0,794,4602,0,50-59,4,1.0356361635938345,0.06334276755817012
4808,1956,Graduation,Married,15759.0,0,0,2013-09-05,12,1,2,5,6,0,3,1,1,0,2,7,0,0,0,0,0,0,0,69,0,17,4353,0,60-69,0,-2.25959948683192,-0.8602742759947156
5068,1971,Graduation,Single,22804.0,1,0,2013-07-31,75,14,1,7,2,1,1,1,2,0,2,9,0,0,0,0,0,0,0,54,1,26,4389,0,50-59,3,-2.4610485590548987,0.6265916100289733
7628,1973,2n Cycle,Married,43050.0,1,0,2014-03-18,10,30,5,24,6,3,8,2,2,0,4,5,0,0,0,0,0,0,0,52,1,76,4159,0,50-59,0,-1.1723457394079158,-0.9443564945402172
7128,1977,PhD,Single,42997.0,1,1,2013-12-07,91,4,0,5,0,1,5,1,1,0,2,7,0,0,0,0,0,0,0,48,2,15,4260,0,40-49,3,-1.9844773490017944,1.4572940591335324
2811,1963,PhD,Single,48918.0,1,1,2014-04-12,21,52,0,9,0,0,1,2,1,0,4,4,0,0,0,0,0,0,0,62,2,62,4134,0,60-69,1,-0.9276910170266227,-0.2688145013911887
3551,1954,Master,Together,60033.0,0,1,2014-03-29,28,62,1,57,19,11,48,2,2,1,5,2,0,0,0,0,0,0,0,71,1,198,4148,0,70+,1,0.09409546674866598,0.15503082098951795
1663,1978,PhD,Together,34043.0,1,0,2013-10-25,97,20,2,14,3,0,10,1,2,0,2,9,0,0,0,0,0,0,0,47,1,49,4303,0,40-49,3,-2.3098865522562986,1.268723778321532
5543,1966,Graduation,Together,57811.0,0,1,2013-06-24,49,545,7,114,37,21,78,5,7,2,11,5,0,0,0,1,0,0,0,59,1,802,4426,1,50-59,4,1.4974412981099066,-0.37468023386643956
1577,1946,Graduation,Married,78569.0,0,0,2014-02-19,14,558,79,622,207,175,95,1,4,6,4,1,0,0,0,0,1,1,0,79,0,1736,4186,1,70+,5,2.1071416772012603,-0.2913223332790848
10641,1978,Graduation,Single,7500.0,1,1,2012-12-27,5,6,5,4,13,4,25,4,2,1,3,6,0,0,0,0,0,0,0,47,2,57,4605,0,40-49,0,-2.2192574332593114,-1.3200684144735428
5336,1971,Master,Together,157733.0,1,0,2013-06-04,37,39,1,9,2,0,8,0,1,0,1,1,0,0,0,0,0,0,0,54,1,59,4446,0,50-59,2,1.0480174451091615,0.8265450278393935
6024,1953,Graduation,Together,94384.0,0,0,2013-03-04,62,1111,24,790,160,45,172,0,5,8,5,2,1,0,0,1,1,1,0,72,0,2302,4538,1,70+,5,2.9336761312459965,0.8989519775373018
1878,1985,2n Cycle,Married,23148.0,0,0,2014-02-18,83,4,6,8,6,3,10,1,2,0,3,7,0,0,0,0,0,0,0,40,0,37,4187,0,30-39,3,-2.1606056955297346,0.9545078185074248
3099,1970,Graduation,Divorced,44267.0,1,1,2013-02-25,48,183,5,65,3,5,49,5,5,2,4,9,0,0,0,0,0,0,0,55,2,310,4545,0,50-59,3,-1.1227448846404982,-0.5385964487513326
6055,1979,Graduation,Married,71626.0,0,0,2012-11-01,94,546,72,376,94,145,72,1,5,5,8,3,0,0,0,1,0,0,0,46,0,1305,4661,1,40-49,2,1.6393637496987785,1.4403347258240524
5841,1966,Graduation,Together,60894.0,0,1,2013-06-28,61,606,7,155,10,0,54,5,10,3,8,7,0,0,0,0,0,0,0,59,1,832,4422,0,50-59,4,1.237147962179387,-0.4851333424736419
3972,1976,Graduation,Together,50200.0,1,1,2013-04-03,70,266,6,51,8,6,64,6,7,1,5,8,0,0,0,0,0,0,0,49,2,401,4508,0,40-49,4,-0.4366831583604197,-0.02652805938839739
4394,1965,PhD,Married,81051.0,0,0,2014-05-23,43,1142,29,249,38,29,14,1,5,5,12,2,0,0,0,1,1,0,0,60,0,1501,4093,1,50-59,5,2.8764850242162505,0.023482073893917297
5758,1982,Graduation,Married,65169.0,0,0,2014-01-14,23,1074,0,69,0,0,46,1,10,4,13,6,1,1,1,0,1,1,0,43,0,1189,4222,1,40-49,4,2.296044197703334,-1.8213950001102932
6658,1972,Graduation,Together,59868.0,0,1,2013-07-22,37,771,51,154,54,10,154,7,11,2,12,6,0,0,0,0,0,0,0,53,1,1194,4398,0,50-59,4,2.3132587552757906,-1.3900417383284587
4603,1960,PhD,Married,65695.0,0,1,2014-01-31,50,371,32,189,0,58,6,2,5,4,10,4,0,0,0,0,0,0,0,65,1,656,4205,0,60-69,5,1.3387424668114818,0.09542161184257908
8427,1956,Master,Single,64857.0,0,0,2012-11-23,78,556,14,717,210,0,43,1,7,5,10,4,0,0,0,0,0,0,0,69,0,1540,4639,0,60-69,5,2.38995407052398,0.7517636528896465
10260,1965,Master,Together,45143.0,0,1,2013-08-26,74,202,5,74,11,5,14,3,6,1,5,7,0,0,0,0,0,0,0,60,1,311,4363,0,50-59,1,-0.4512872228358627,0.4187629198965313
7143,1955,2n Cycle,Together,74805.0,0,1,2013-11-06,14,209,162,209,41,162,37,5,4,7,10,2,0,0,0,0,0,0,0,70,1,820,4291,0,60-69,5,1.8749959910991079,-0.6161614025005561
8789,1989,2n Cycle,Married,59060.0,1,0,2014-01-11,77,35,40,111,36,40,12,3,3,1,7,4,0,0,0,0,0,0,0,36,1,274,4225,0,30-39,3,-0.15799894973808928,0.9505259908700975
6197,1962,PhD,Single,27238.0,1,1,2013-04-20,39,37,0,17,0,0,3,3,3,0,3,9,0,0,0,0,0,0,0,63,2,57,4491,0,60-69,0,-1.9724779035502635,-0.5307653446925316
4554,1965,Graduation,Together,47009.0,0,1,2013-10-01,89,171,45,73,59,10,90,4,3,2,8,4,0,0,0,0,0,0,0,60,1,448,4327,0,50-59,1,0.2038487998295514,1.490287132808513
4937,1973,2n Cycle,Married,46094.0,1,1,2014-06-10,62,12,2,20,3,2,5,1,1,0,3,7,0,0,0,0,0,0,0,52,2,44,4075,0,50-59,3,-1.7147349410053414,0.5763842332946779
1920,1972,Graduation,Married,40321.0,1,1,2013-07-29,59,44,4,21,6,0,27,2,3,0,3,7,0,0,0,0,0,0,0,53,2,102,4391,0,50-59,3,-1.4974826218856891,0.2593936190069728
8749,1984,Graduation,Together,37235.0,1,0,2014-02-01,68,20,2,9,4,6,20,1,1,1,2,4,0,0,0,0,0,0,0,41,1,61,4204,0,40-49,3,-1.683980648094334,1.0151481004598075
1650,1960,Master,Married,81843.0,0,0,2013-04-22,13,779,86,537,34,69,138,1,5,9,12,3,0,0,0,0,0,0,0,65,0,1643,4489,0,60-69,5,2.9104243639309213,-0.9813124821057688
10377,1958,Master,Together,46692.0,0,1,2013-06-06,37,170,6,97,24,12,88,3,6,1,5,6,0,0,0,0,0,0,0,67,1,397,4444,0,60-69,1,-0.1199952449897078,-0.5461252147811314
9206,1968,Graduation,Together,77382.0,0,1,2014-01-07,36,491,48,231,112,105,134,2,5,7,12,1,0,0,0,0,1,0,0,57,1,1121,4229,1,50-59,2,2.6024994578281704,-0.09988633491407428
10971,1977,Graduation,Single,37774.0,2,0,2012-09-03,28,173,8,107,7,2,176,4,7,2,3,9,0,0,1,0,0,1,1,48,2,473,4720,1,40-49,0,-1.0784052837016698,-1.43924223886213
6398,1974,Basic,Married,18393.0,1,0,2014-03-29,2,7,10,13,16,0,4,2,3,0,3,8,0,0,0,0,0,0,0,51,1,50,4148,0,50-59,0,-2.1471106802966755,-1.6943839280260147
9212,1962,Master,Married,72828.0,0,1,2013-02-14,17,1205,0,235,19,14,205,6,6,3,13,7,0,0,0,0,0,0,0,63,1,1678,4556,0,60-69,4,2.410019907029054,-1.5006156175117071
7937,1982,Graduation,Married,24711.0,0,0,2014-04-18,86,10,7,25,6,3,7,1,3,0,3,7,0,0,0,0,0,0,0,43,0,58,4128,0,40-49,3,-1.9433063301653022,0.9695781327554636
839,1975,PhD,Married,45503.0,1,0,2013-09-25,54,97,4,44,6,1,18,1,3,1,4,5,0,0,0,0,0,0,0,50,1,170,4333,0,40-49,3,-0.9270694260818757,0.29602979896733855
4246,1982,Master,Single,6560.0,0,0,2013-12-12,2,67,11,26,4,3,262,0,1,0,1,17,0,0,0,0,0,0,0,43,0,373,4255,0,40-49,0,-4.1370334748042685,-2.5973577523686897
158,1945,PhD,Together,71604.0,0,0,2013-11-17,3,345,53,528,98,75,97,1,8,3,5,4,0,0,1,0,0,1,0,80,0,1196,4280,1,70+,5,1.7454488664783707,-1.4334086229548886
4832,1979,Graduation,Married,27244.0,1,0,2014-03-07,84,6,5,17,3,24,46,2,2,2,2,7,0,0,0,0,0,0,0,46,1,101,4170,0,40-49,3,-2.1018484605593324,1.0732884337716992
5621,1969,Graduation,Married,48752.0,1,1,2012-12-12,8,73,57,100,71,15,0,5,6,1,5,9,0,0,0,0,0,1,0,56,2,316,4620,1,50-59,0,-0.7530002418904814,-1.8941677216887869
1945,1962,Graduation,Married,71434.0,0,1,2013-09-18,4,711,36,217,172,96,168,3,7,4,7,4,1,0,0,1,0,0,0,63,1,1400,4340,1,60-69,5,1.8657395410054185,-1.5087727303934504
5147,1948,Graduation,Single,90842.0,0,0,2013-07-29,57,774,70,118,182,187,93,1,4,9,13,1,0,0,0,0,0,0,0,77,0,1424,4391,0,70+,5,3.3738575615642272,0.8446017718234533
2535,1978,Master,Married,88097.0,1,0,2012-08-18,24,163,0,480,0,126,75,1,6,5,8,9,1,0,0,1,1,1,0,47,1,844,4736,1,40-49,4,0.7640899825954041,-1.4831151220655818
11039,1975,Graduation,Married,51948.0,0,1,2013-09-17,51,82,33,54,71,30,41,2,5,2,4,5,0,0,0,0,0,0,0,50,1,311,4341,0,40-49,0,-0.42215940791092804,-0.005283668870278469
9495,1982,Graduation,Together,71853.0,0,0,2013-05-08,29,358,108,413,141,97,32,1,2,8,6,1,0,0,0,0,0,0,0,43,0,1149,4473,0,40-49,2,1.0763381449037046,0.010929484202194585
9635,1983,Master,Married,35876.0,0,0,2014-04-20,13,66,2,40,4,3,14,1,3,1,3,6,0,0,0,0,0,0,0,42,0,129,4126,0,40-49,0,-1.5508085555798867,-1.1653333542899564
2173,1952,Graduation,Widow,40049.0,0,1,2013-10-16,23,13,6,7,0,3,3,1,1,0,3,6,0,0,0,0,0,0,0,73,1,32,4312,0,70+,1,-1.4385639445082714,-0.33327280116263563
942,1982,Graduation,Single,39660.0,1,0,2012-08-08,36,139,13,78,20,13,36,3,7,1,3,9,0,0,0,0,0,1,0,43,1,299,4746,1,40-49,0,-1.2485577298776074,-1.2275278093919542
9386,1962,Graduation,Together,50127.0,0,1,2014-05-29,88,274,0,21,4,6,15,1,5,1,6,6,0,0,0,1,0,0,0,63,1,320,4087,1,60-69,1,-0.14276831474489138,1.0946603390810574
5510,1977,Master,Married,43263.0,0,1,2012-11-21,2,262,6,61,0,10,102,3,5,2,6,5,0,0,0,0,0,0,0,48,1,441,4641,0,40-49,0,-0.22165786962806708,-1.6179664784148178
873,1949,Master,Married,62845.0,1,1,2012-10-01,3,1099,0,45,0,0,34,11,3,4,10,8,0,0,0,1,0,1,0,76,2,1178,4692,1,70+,5,0.9661581257563849,-1.5362644568779922
2253,1990,Graduation,Married,18929.0,0,0,2013-02-16,15,32,0,8,23,4,18,1,1,0,4,6,0,0,0,0,0,0,0,35,0,85,4554,0,30-39,0,-2.1114845155188933,-1.0123325811712238
5181,1982,Basic,Single,24367.0,1,0,2013-03-20,58,2,4,2,0,11,5,1,1,0,2,9,0,0,0,0,0,0,0,43,1,24,4522,0,40-49,3,-2.704836833258475,0.10841043394348603
979,1975,Graduation,Single,33249.0,1,0,2013-02-20,11,6,10,21,19,14,42,2,2,1,3,6,0,0,0,0,0,0,0,50,1,112,4550,0,40-49,0,-1.6502080138716813,-1.0487707952394747
10390,1959,2n Cycle,Married,26887.0,0,1,2013-02-10,27,6,7,4,3,4,6,1,1,0,3,6,0,0,0,0,0,0,0,66,1,30,4560,0,60-69,1,-1.7723117751459023,-0.3047460896560647
4698,1983,PhD,Married,50150.0,0,0,2013-06-20,32,135,46,92,65,61,11,2,5,2,7,5,0,0,0,0,0,0,0,42,0,410,4430,0,40-49,0,-0.03782997983166147,-0.7505274930586092
7793,1976,Graduation,Together,62061.0,0,1,2013-08-31,12,641,7,84,0,30,38,3,10,4,7,6,0,0,0,1,0,0,0,49,1,800,4358,1,40-49,4,1.1053217195505594,-1.9544514683968988
1745,1962,PhD,Divorced,85696.0,0,0,2013-05-03,88,714,76,395,116,0,12,1,4,6,9,1,0,0,0,0,0,1,0,63,0,1313,4478,1,60-69,5,2.4375451063745546,1.7648846198024915
10590,1956,PhD,Together,76542.0,0,0,2013-03-30,91,794,73,573,0,29,14,1,4,8,10,2,0,0,0,0,0,0,0,69,0,1483,4512,0,60-69,5,2.4745664351758885,1.7458315071564792
5080,1993,Graduation,Single,70515.0,0,0,2013-10-21,12,420,0,452,182,64,140,1,6,6,4,2,0,0,0,0,0,1,0,32,0,1258,4307,1,30-39,2,1.0900116947748562,-1.1316324421618127
8369,1987,Graduation,Together,18227.0,1,0,2012-11-08,21,1,2,7,4,3,11,1,0,1,2,8,0,0,0,0,0,0,0,38,1,28,4654,0,30-39,0,-2.866622102388142,-0.8747254654657413
5232,1965,Graduation,Married,69139.0,0,1,2014-01-27,23,86,12,75,33,15,6,1,4,1,5,4,0,0,0,0,0,0,0,60,1,227,4209,0,50-59,1,0.11210573370275123,-0.5363902069612062
2407,1982,Graduation,Married,69109.0,0,0,2012-11-09,10,823,25,459,124,29,95,1,6,6,7,4,0,0,0,0,1,1,0,43,0,1555,4653,1,40-49,2,1.5773031670888384,-1.4116813222290872
3834,1962,Graduation,Single,69627.0,0,1,2013-03-17,35,231,161,215,171,30,53,2,8,2,11,5,0,0,0,0,0,0,0,63,1,861,4525,0,60-69,4,1.947455615836237,-0.8558161949863953
7912,1978,Graduation,Married,38136.0,1,0,2013-04-22,69,8,15,27,0,20,33,2,3,1,2,8,0,0,1,0,0,0,0,47,1,103,4489,1,40-49,3,-1.908027726878495,0.4154294965618393
7712,1946,PhD,Single,62159.0,0,0,2014-04-28,68,182,17,259,77,70,29,1,6,2,10,4,0,0,0,0,0,0,0,79,0,634,4118,0,70+,5,1.562058770357112,0.6690956306536822
1065,1963,Graduation,Single,80695.0,0,0,2013-12-29,85,557,129,984,193,37,18,1,5,8,5,2,0,0,0,0,0,0,0,62,0,1918,4238,0,60-69,5,2.2363098104757477,1.5010257456213536
7275,1971,Master,Single,33316.0,1,1,2013-10-04,34,79,1,31,4,4,12,3,2,1,4,6,0,0,0,0,0,0,0,54,2,131,4324,0,50-59,0,-1.4323038156134698,-0.3221282894592557
1343,1968,Graduation,Together,58554.0,1,1,2012-09-26,55,368,24,68,38,0,88,6,8,2,6,7,0,0,0,0,0,0,0,57,2,586,4697,0,50-59,4,0.4026313782324528,-0.4203416187765038
1384,1992,Basic,Married,17256.0,1,0,2013-11-23,10,6,4,14,8,8,22,2,2,1,2,8,0,0,1,0,0,0,0,33,1,62,4274,1,30-39,0,-2.6545897507378435,-1.4845220897230886
9967,1974,Graduation,Divorced,53034.0,1,1,2013-05-30,30,160,15,196,15,11,50,8,6,1,7,8,0,0,0,0,0,0,0,51,2,447,4451,0,50-59,4,-0.17185155681603229,-1.1841052607204032
6181,1950,2n Cycle,Together,52203.0,0,0,2012-07-31,36,488,21,238,56,108,28,1,8,7,11,6,0,0,0,0,0,0,0,75,0,939,4754,0,70+,4,1.678255495078136,-0.8721000282688111
10507,1977,2n Cycle,Divorced,59601.0,0,1,2013-07-25,14,691,7,69,0,7,23,4,2,2,7,8,0,0,0,1,0,0,0,48,1,797,4395,1,40-49,0,-0.3251363420355205,-1.26976292219263
2674,1958,Master,Single,75154.0,0,1,2012-09-04,79,543,10,205,160,143,82,1,6,3,6,3,0,0,0,0,0,1,0,67,1,1143,4719,1,60-69,5,1.6628337275442555,1.1248658498750903
2698,1976,Graduation,Single,47025.0,0,1,2013-11-07,52,254,7,108,20,0,26,3,6,3,5,6,0,0,0,0,0,0,0,49,1,415,4290,0,40-49,4,-0.31437094377942715,-0.24917399209268468
3231,1973,Graduation,Married,37971.0,1,0,2013-11-25,97,5,4,10,2,2,7,1,1,0,3,8,0,0,0,0,0,0,0,52,1,30,4272,0,50-59,3,-2.0240899127414957,1.527353256470719
4096,1968,Master,Divorced,41335.0,1,0,2013-12-26,24,112,19,21,16,14,5,3,4,1,4,7,0,0,0,0,0,0,0,57,1,187,4241,0,50-59,0,-1.088514080560117,-0.9234762090943068
10476,1958,Graduation,Married,67267.0,0,1,2014-05-13,0,134,11,59,15,2,30,1,3,2,5,2,0,0,0,0,0,0,0,67,1,251,4103,0,60-69,1,0.3515121980897523,-0.8459615130449554
5948,1975,Graduation,Single,57338.0,0,1,2014-04-29,96,143,6,52,11,8,17,2,4,1,5,5,0,0,0,0,0,0,0,50,1,237,4117,0,40-49,3,-0.3583568554212981,1.4911304648984844
9140,1960,2n Cycle,Together,50523.0,1,1,2013-12-25,89,51,4,24,4,7,1,2,2,0,4,6,0,0,0,0,0,0,0,65,2,91,4242,0,60-69,1,-0.9935878482779082,1.5289519741378363
10258,1965,Master,Single,35791.0,2,1,2013-05-06,94,27,0,5,0,0,3,2,1,0,3,8,0,0,0,0,0,0,0,60,3,35,4475,0,50-59,3,-1.964015311897618,1.504105056842507
5675,1960,PhD,Divorced,50611.0,0,1,2012-10-04,98,459,0,24,6,0,4,6,4,5,7,6,0,0,0,1,0,0,0,65,1,493,4689,1,60-69,1,0.05221934609038231,1.503718555195984
4743,1969,PhD,Married,56242.0,0,1,2013-03-03,72,689,8,167,11,8,88,5,8,4,11,6,0,0,0,0,0,0,0,56,1,971,4539,0,50-59,4,1.5587001988276183,0.07531618853591444
8805,1960,Graduation,Single,48904.0,0,1,2012-12-02,1,283,10,38,0,13,27,4,7,2,4,8,0,0,0,0,0,0,0,65,1,371,4630,0,60-69,4,-0.45486375784211874,-1.9959212598064955
1542,1975,Graduation,Single,56243.0,1,2,2013-12-30,26,347,0,35,4,3,7,6,4,2,8,5,0,0,0,0,0,0,0,50,3,396,4237,0,40-49,0,0.17410375808705558,-0.7626298492353785
6770,1985,Graduation,Married,21355.0,1,0,2013-08-20,5,5,13,14,0,5,31,2,2,1,2,6,0,0,1,0,0,1,0,40,1,68,4369,1,30-39,0,-2.1805225138863333,-1.3301382320538673
8773,1971,Master,Together,57420.0,0,1,2013-06-25,22,280,0,18,0,0,24,3,5,1,6,7,0,0,0,1,0,0,0,54,1,322,4425,1,50-59,0,-0.2848641135431723,-1.1392511808891885
10420,1955,Master,Divorced,46390.0,0,1,2014-05-05,56,95,14,64,2,9,38,1,4,2,3,7,0,0,0,0,0,0,0,70,1,222,4111,0,60-69,1,-0.942596332236078,0.22640551426138641
7514,1956,2n Cycle,Together,54342.0,1,1,2013-07-03,74,84,10,34,11,10,28,4,3,1,4,6,0,0,0,0,0,0,0,69,2,177,4417,0,60-69,1,-0.6715423397560576,0.997585352194275
793,1973,Graduation,Married,20895.0,1,0,2012-10-06,24,18,3,17,3,0,4,1,2,0,3,9,0,0,0,0,0,0,0,52,1,45,4687,0,50-59,0,-2.3729312028788234,-1.004577004420892
10909,1948,Graduation,Married,92344.0,0,0,2014-01-15,9,992,24,694,51,19,119,0,5,10,5,1,0,0,1,0,1,0,0,77,0,1899,4221,1,70+,5,2.756579083360268,-0.5727655817768695
8702,1976,2n Cycle,Together,26907.0,1,1,2013-08-20,10,9,1,7,0,3,2,2,1,0,3,7,0,0,0,0,0,0,0,49,2,22,4369,0,40-49,0,-2.144528617306424,-1.1089429481018467
4791,1980,Graduation,Together,44964.0,1,1,2012-12-16,35,19,1,17,2,0,2,1,1,0,3,8,0,0,0,0,0,0,0,45,2,41,4616,0,40-49,0,-1.984912617639654,-0.44723894194981245
2963,1979,Graduation,Together,75507.0,0,0,2014-05-02,56,709,93,374,104,80,80,1,8,6,6,3,0,0,0,0,0,0,0,46,0,1440,4114,0,40-49,2,1.9230390441181922,-0.013471910897037611
8216,1972,Master,Married,53761.0,1,1,2013-10-11,7,158,0,76,13,7,71,6,4,4,3,5,0,0,0,0,0,0,0,53,2,325,4317,0,50-59,0,-0.6296857784247538,-1.205942257938015
8140,1973,Graduation,Together,22682.0,1,0,2013-10-03,51,10,14,29,4,2,36,3,2,1,4,4,0,0,0,0,0,0,0,52,1,95,4325,0,50-59,0,-1.3749729940281188,0.3985477104980126
10146,1972,PhD,Together,38887.0,1,0,2014-03-02,17,25,1,13,0,0,3,1,1,0,3,7,0,0,0,0,0,0,0,53,1,42,4175,0,50-59,0,-1.8515915657258215,-0.8274706105731716
5289,1975,2n Cycle,Single,41658.0,1,1,2012-11-09,30,8,4,12,15,4,29,2,1,1,2,4,0,0,0,0,0,0,0,50,2,72,4653,0,40-49,0,-1.491555899311699,-0.07028114228499298
2587,1972,PhD,Married,29791.0,1,0,2014-05-15,21,14,0,6,0,0,0,2,2,0,3,5,0,0,0,0,0,0,0,53,1,20,4101,0,50-59,0,-1.5997269594797559,-0.5975743999638795
4405,1956,Master,Married,63915.0,0,2,2013-07-30,2,622,7,115,30,0,15,2,6,3,12,5,0,0,0,0,0,0,0,69,2,789,4390,0,60-69,4,1.724114278754248,-1.640714244482883
8663,1974,Graduation,Divorced,39996.0,1,1,2014-05-22,85,11,0,3,0,0,1,1,1,0,2,6,0,0,0,0,0,0,0,51,2,15,4094,0,50-59,3,-1.8520216508806424,1.409722391607035
2589,1972,Graduation,Divorced,26759.0,1,0,2014-02-07,65,25,3,16,8,5,2,2,2,1,3,6,0,0,0,0,0,0,0,53,1,59,4198,0,50-59,3,-1.766253842803551,0.6425712745728847
3421,1968,Master,Divorced,63841.0,0,1,2013-04-21,64,635,15,100,20,7,131,1,9,3,9,6,0,0,0,0,0,0,0,57,1,908,4490,0,50-59,4,1.4999073626575623,-0.20452770903617357
10490,1969,PhD,Married,51039.0,1,1,2012-12-10,11,100,64,79,65,0,109,2,6,2,4,7,0,0,0,0,0,0,0,56,2,417,4622,0,50-59,0,-0.46207486017789673,-1.5401881243571038
4094,1961,Graduation,Married,60544.0,1,1,2012-08-25,92,201,2,43,3,5,35,4,5,1,5,6,0,0,0,0,0,0,0,64,2,289,4729,0,60-69,1,-0.10542165577002531,1.2773685806058788
9958,1972,Graduation,Married,65685.0,0,1,2014-03-29,54,642,14,49,0,7,57,1,9,2,9,5,0,0,0,0,0,0,0,53,1,769,4148,0,50-59,4,1.5198386398881627,-0.42607569212442653
2534,1953,Graduation,Married,37716.0,0,1,2014-04-21,4,97,1,41,6,2,41,2,4,1,3,7,0,0,0,0,0,0,0,72,1,188,4125,0,70+,1,-1.1236572443947048,-1.387610153317242
4188,1957,Graduation,Single,36864.0,0,1,2012-08-13,53,204,5,39,17,0,89,3,5,2,4,8,0,0,0,0,0,1,0,68,1,354,4741,1,60-69,1,-0.9110655042905739,-0.16249959618441415
6613,1970,Master,Married,44511.0,1,0,2012-10-12,39,513,7,133,46,14,14,6,8,4,8,8,0,0,0,0,0,0,0,55,1,727,4681,0,50-59,4,0.3663569285558567,-1.138680454687448
10827,1967,PhD,Married,36947.0,1,1,2012-08-07,49,88,3,21,4,1,29,4,3,0,4,9,0,0,0,0,0,0,0,58,2,146,4747,0,50-59,3,-1.6274089340679887,-0.2724396995527337
5491,1951,Master,Together,47352.0,0,1,2013-04-11,70,172,12,112,8,0,15,4,6,1,5,7,0,0,0,0,0,0,0,74,1,319,4500,0,70+,1,-0.23311562016054102,0.4306629127129162
8402,1953,Master,Married,67087.0,0,1,2013-12-17,40,329,35,222,130,35,43,2,7,5,8,4,0,0,0,0,0,0,0,72,1,794,4250,0,70+,5,1.5381169235354004,-0.32034334392231245
8783,1950,Graduation,Married,57045.0,0,1,2012-09-08,40,296,13,104,11,13,17,3,4,2,9,3,0,0,0,0,0,0,0,75,1,454,4715,0,70+,5,1.0004629584127256,0.11671127041629147
10010,1953,PhD,Divorced,36957.0,1,1,2012-09-06,43,100,2,16,2,1,31,4,3,2,2,9,0,0,0,0,0,1,0,72,2,152,4717,1,70+,1,-1.7443762131342309,-0.278949616247411
618,1977,PhD,Married,69389.0,0,1,2012-09-28,17,422,7,238,69,46,15,1,7,2,12,4,0,0,0,0,0,0,0,48,1,797,4695,0,40-49,2,1.868062257745478,-1.3514558738427156
9121,1972,Graduation,Married,80134.0,1,0,2013-05-20,40,1218,16,272,104,0,80,2,5,3,6,6,1,0,0,1,1,1,0,53,1,1690,4461,1,50-59,2,1.4421968020816438,-0.46756358574685847
361,1969,Master,Married,43142.0,1,1,2014-02-18,84,5,1,7,2,1,4,1,1,0,2,7,0,0,0,0,0,0,0,56,2,20,4187,0,50-59,3,-1.8817025166370258,1.3151918521927666
4310,1944,Graduation,Married,80589.0,0,0,2014-01-22,25,507,93,520,242,40,26,1,5,10,5,1,1,0,0,0,0,1,0,81,0,1428,4214,1,70+,5,2.191334220043571,-0.049283095780464886
2678,1990,Graduation,Single,34412.0,1,0,2013-02-13,62,52,12,50,4,36,55,3,5,0,3,9,0,0,0,0,0,0,0,35,1,209,4557,0,30-39,3,-1.7795943604881543,-0.2863136694918304
6376,1979,Graduation,Single,57537.0,1,0,2013-06-10,83,191,56,139,51,8,100,4,4,3,8,4,0,0,0,0,0,0,0,46,1,545,4440,0,40-49,2,0.444016930200567,1.0844275722548589
524,1966,Basic,Together,22634.0,0,0,2013-01-16,47,2,23,11,8,6,46,1,2,1,2,8,0,0,0,0,0,0,0,59,0,96,4585,0,50-59,0,-2.197650985488171,-0.08106105503726072
10341,1948,Graduation,Together,51315.0,0,0,2014-02-23,45,68,28,39,16,30,41,1,2,2,5,2,0,0,0,0,0,0,0,77,0,222,4182,0,70+,1,0.027987381887307292,0.7182620757386527
5654,1972,Graduation,Married,36026.0,2,1,2014-03-16,34,20,4,10,6,4,17,2,2,0,3,6,0,0,0,0,0,0,0,53,3,61,4161,0,50-59,0,-1.5983120188451554,-0.29860288805933505
4098,1973,Graduation,Married,24639.0,1,1,2014-01-28,3,20,3,16,0,4,1,3,2,0,4,6,0,0,0,0,0,0,0,52,2,44,4208,0,50-59,0,-1.7014407477858322,-1.3199848979264985
5824,1972,PhD,Together,34578.0,2,1,2014-04-11,1,7,0,1,0,0,0,1,1,0,2,6,0,0,0,0,0,0,0,53,3,8,4135,0,50-59,0,-1.957427513232672,-1.1910939094897692
7000,1972,2n Cycle,Single,65704.0,0,0,2013-10-13,18,279,172,74,38,8,246,1,2,10,10,1,0,0,0,0,0,0,0,53,0,817,4315,0,50-59,2,1.3830506604206179,-0.336642098251006
2561,1966,Graduation,Single,63810.0,0,1,2012-11-11,45,977,12,253,16,12,101,4,4,3,12,8,0,0,0,1,0,0,0,59,1,1371,4651,1,50-59,4,1.3748127617745993,-0.5540520096073384
5229,1969,PhD,Together,54132.0,0,1,2014-02-16,81,30,1,8,0,0,3,1,1,0,3,7,0,0,0,0,0,0,0,56,1,42,4189,0,50-59,3,-1.5113776670321115,1.2221001194432028
4086,1959,Graduation,Married,18690.0,0,0,2012-12-28,77,6,1,7,23,4,19,1,1,1,2,8,0,0,0,0,0,0,0,66,0,60,4604,0,60-69,3,-2.3416849968712325,1.017077774776614
2428,1970,Graduation,Married,28164.0,1,0,2013-05-04,23,3,18,26,11,8,12,3,2,0,4,7,0,0,0,0,0,0,0,55,1,78,4477,0,50-59,0,-1.7184632298051221,-0.7815413185240354
8254,1974,PhD,Married,34596.0,1,0,2013-04-13,48,14,0,2,0,0,7,1,1,0,2,8,0,0,0,0,0,0,0,51,1,23,4498,0,50-59,3,-2.26429866158479,0.013814084384993633
2836,1972,PhD,Married,43269.0,1,0,2013-09-16,61,10,1,7,0,0,1,1,1,0,2,8,0,0,0,0,0,0,0,53,1,19,4342,0,50-59,3,-2.076664851329966,0.45604692763908383
8418,1958,2n Cycle,Single,38741.0,1,1,2014-03-30,60,7,10,17,8,6,13,2,2,0,3,7,0,0,0,0,0,0,0,67,2,61,4147,0,60-69,1,-1.5233836575707433,0.5285621939304533
1362,1972,Graduation,Single,31907.0,0,0,2013-03-04,75,33,87,64,175,16,74,1,6,1,6,7,0,0,0,0,0,0,0,53,0,449,4538,0,50-59,3,-0.5234067310362965,0.32488151361945355
7152,1983,Master,Married,27100.0,1,0,2013-04-05,64,12,0,13,2,0,10,1,1,0,3,7,0,0,0,0,0,0,0,42,1,37,4506,0,40-49,3,-2.1995784807996026,0.5015473681910363
10033,1973,2n Cycle,Divorced,31163.0,1,0,2014-02-13,54,2,3,10,11,2,10,1,1,0,3,6,0,0,0,0,0,0,0,52,1,38,4192,0,50-59,3,-1.8489567056841056,0.4115568719531256
9349,1985,Graduation,Married,92533.0,0,0,2013-12-19,84,693,21,118,110,147,42,1,6,5,11,2,1,0,0,0,1,0,0,40,0,1131,4248,1,30-39,2,2.5341656446357232,1.062793094958963
274,1973,Graduation,Single,34853.0,1,1,2013-12-23,75,9,3,15,2,3,2,2,2,0,3,6,0,0,0,0,0,0,0,52,2,34,4244,0,50-59,3,-1.644627014760517,0.9629452250451026
3388,1967,Graduation,Divorced,70844.0,1,1,2013-10-30,16,129,26,67,3,67,2,5,6,1,5,7,0,0,0,0,0,0,0,58,2,294,4298,0,50-59,4,-0.021624278650749246,-1.341089514573816
922,1979,2n Cycle,Married,31086.0,1,1,2013-05-04,79,16,2,11,3,0,16,2,1,1,2,8,0,0,1,0,0,0,0,46,2,48,4477,1,40-49,3,-2.362194398421762,0.9203189967775552
8588,1961,Graduation,Married,60544.0,1,1,2012-08-25,92,201,2,43,3,5,35,4,5,1,5,6,0,0,0,0,0,0,0,64,2,289,4729,0,60-69,1,-0.10542165577002531,1.2773685806058788
2518,1986,2n Cycle,Together,20491.0,0,0,2013-01-25,16,5,4,5,4,2,10,1,0,1,2,7,0,0,0,0,0,0,0,39,0,30,4576,0,30-39,0,-2.6575691644626493,-0.8980569658391414
574,1964,Graduation,Married,42523.0,0,0,2014-04-23,96,14,36,11,3,26,35,1,1,1,4,2,0,0,0,0,0,0,0,61,0,125,4123,0,60-69,1,-0.6797550620423061,2.267898360670722
3220,1983,Graduation,Married,39922.0,1,0,2013-02-14,30,29,12,59,19,1,36,2,3,0,4,8,0,0,0,0,0,0,0,42,1,156,4556,0,40-49,0,-1.6094291217393768,-0.8884228456649051
5967,1952,Graduation,Together,33402.0,1,1,2013-07-18,60,26,2,19,10,5,8,3,2,1,3,8,0,0,0,0,0,0,0,73,2,70,4402,0,70+,1,-1.6968748144095158,0.45493566493344517
1183,1949,Master,Married,36408.0,1,1,2013-09-21,11,9,1,4,3,2,3,1,1,0,2,6,0,0,0,0,0,0,0,76,2,22,4337,0,70+,1,-1.627795639747592,-0.6612892254368445
6856,1979,Graduation,Together,21645.0,1,0,2012-09-03,75,14,0,23,4,5,19,3,3,0,3,9,0,0,0,0,0,1,0,46,1,65,4720,1,40-49,3,-2.269084752707861,0.41423327764384377
4530,1948,Master,Widow,78427.0,0,0,2012-10-24,36,972,19,595,180,26,138,3,3,7,10,3,1,0,0,0,0,1,0,77,0,1930,4669,1,70+,5,2.683510819049319,0.09421464230873117
1553,1946,Graduation,Together,82657.0,0,0,2013-09-27,71,966,168,672,246,105,126,1,7,5,10,4,1,0,0,1,0,0,0,79,0,2283,4331,1,70+,5,3.4715174859186098,0.6434157289510124
4682,1958,Graduation,Married,51876.0,0,0,2013-10-15,88,99,27,102,28,48,6,1,2,2,8,1,0,0,0,0,0,0,0,67,0,310,4313,0,60-69,5,0.5931025374562723,2.0019586421167106
8204,1971,2n Cycle,Married,78041.0,0,0,2012-12-16,93,482,35,553,72,160,17,1,4,4,9,2,0,0,0,0,0,0,0,54,0,1319,4616,0,50-59,2,2.036138168780157,1.7006050195931377
5221,1957,Graduation,Married,52852.0,0,1,2012-12-01,93,714,8,99,11,0,47,4,10,7,5,8,0,0,1,0,0,0,0,68,1,879,4631,1,60-69,4,0.6524990294028111,0.5281457877099666
1232,1982,PhD,Together,70038.0,0,0,2013-10-25,54,587,54,348,71,54,130,1,4,4,8,2,0,0,0,0,0,0,0,43,0,1244,4303,0,40-49,2,1.5320596760967393,0.39545816549017315
1927,1973,2n Cycle,Together,69401.0,0,1,2014-03-23,41,399,27,159,58,8,39,4,4,4,5,2,0,0,0,0,0,0,0,52,1,690,4154,0,50-59,2,0.7221563093994444,0.166820657928558
5788,1972,Graduation,Together,46053.0,1,0,2013-02-17,46,56,10,92,19,7,25,3,3,2,4,5,0,0,0,0,0,0,0,53,1,209,4553,0,50-59,0,-0.849310800513104,0.07575448196585513
6652,1965,Graduation,Married,77343.0,0,0,2014-06-09,28,227,151,573,98,54,31,1,3,4,9,1,0,0,0,0,0,0,0,60,0,1134,4076,0,50-59,5,1.9443702777633896,-0.029605032189324386
6246,1953,Graduation,Single,73892.0,0,0,2013-11-13,40,703,102,601,0,58,43,1,3,11,8,1,0,0,0,0,0,1,0,72,0,1507,4284,1,70+,5,2.1977558209653845,0.45905670090495665
5975,1967,PhD,Single,40304.0,1,0,2013-09-30,82,37,0,17,0,0,3,1,2,0,3,7,0,0,0,0,0,0,0,58,1,57,4328,0,50-59,3,-1.6014615725291634,1.1307668136735336
6875,1965,PhD,Together,32727.0,0,0,2012-08-28,38,167,13,180,86,13,70,2,7,3,5,8,0,0,0,0,0,0,0,60,0,529,4726,0,50-59,4,-0.531625277440177,-0.9609753112208704
4399,1969,Graduation,Together,68695.0,0,0,2014-06-25,3,458,81,356,106,50,40,1,4,4,7,2,0,0,0,0,0,0,0,56,0,1091,4060,0,50-59,2,1.3773837441916692,-1.0392193863234465
4042,1971,Graduation,Divorced,43300.0,0,1,2012-10-13,87,91,3,52,2,1,31,3,4,0,4,8,0,0,0,0,0,1,0,54,1,180,4680,1,50-59,3,-1.231452012286788,0.8913034080620106
2157,1972,Graduation,Together,26290.0,1,1,2013-01-12,49,15,8,16,11,5,22,4,2,0,4,6,0,0,0,0,0,0,0,53,2,77,4589,0,50-59,0,-1.618312453201357,0.11991480890600842
10133,1970,Graduation,Single,93790.0,0,0,2014-02-12,16,1302,68,731,89,114,45,0,6,7,12,2,1,0,0,1,1,1,0,55,0,2349,4193,1,50-59,2,3.8957712032854617,-0.9705528946378611
2525,1974,PhD,Married,38410.0,0,0,2012-09-14,65,153,64,123,116,64,14,2,5,2,9,6,0,0,0,0,0,1,0,51,0,534,4709,1,50-59,4,0.10200171071199869,0.16114180588855515
8233,1950,Master,Widow,64866.0,0,1,2014-01-26,9,508,5,21,7,5,10,4,7,3,7,5,0,0,0,1,0,0,0,75,1,556,4210,1,70+,4,1.0245464600588998,-1.3444649970940428
9483,1959,Graduation,Together,57957.0,0,1,2013-08-19,24,290,59,177,77,5,29,7,4,6,8,3,0,0,0,0,0,0,1,66,1,637,4370,0,60-69,5,0.9120702876474953,-0.4442302463497095
2945,1955,PhD,Together,46015.0,1,1,2014-04-13,25,38,0,2,0,0,6,1,1,0,3,7,0,1,1,0,0,0,0,70,2,46,4133,1,60-69,1,-1.5044744295207795,-0.40357388901041014
10403,1978,Graduation,Together,16531.0,1,0,2014-06-18,43,2,13,6,7,5,11,3,3,0,3,7,0,0,0,0,0,0,0,47,1,44,4067,0,40-49,0,-2.0714407640165544,-0.3458708932581397
5074,1986,Master,Married,28072.0,1,0,2013-07-08,10,30,0,10,2,0,5,1,1,0,3,7,0,0,0,0,0,0,0,39,1,47,4412,0,30-39,0,-2.223609873765452,-1.200921149957021
10524,1963,Master,Divorced,49476.0,0,1,2013-06-20,29,386,23,95,54,41,196,4,2,11,5,2,0,0,0,0,0,0,0,62,1,795,4430,0,60-69,1,0.2891567294270774,0.05707514336323655
4690,1953,Graduation,Married,50725.0,0,1,2013-02-13,45,443,10,75,0,10,48,4,8,1,8,8,0,0,0,0,0,0,0,72,1,586,4557,0,70+,4,0.5735091226033605,-0.7739778196935674
7521,1952,Graduation,Together,83844.0,0,0,2013-05-12,57,901,31,345,75,31,191,1,4,4,11,1,0,0,0,0,1,0,0,73,0,1574,4469,1,70+,5,3.028259161628491,0.8345861885432876
7196,1950,PhD,Married,41145.0,1,1,2014-02-08,20,9,0,3,0,0,1,1,0,0,3,3,0,0,0,0,0,0,0,75,2,13,4197,0,70+,1,-1.0815024594940394,0.05673115585628061
4406,1970,Graduation,Together,67419.0,0,1,2013-01-16,29,846,84,352,91,56,42,4,9,4,8,5,0,0,0,0,0,0,0,55,1,1471,4585,0,50-59,4,2.01639346281941,-1.1791569907192567
9672,1970,2n Cycle,Married,23162.0,1,1,2013-12-21,82,8,3,9,19,4,22,3,1,1,3,6,0,0,0,0,0,0,0,55,2,65,4246,0,50-59,3,-1.9327903213908475,1.2896387269926284
4864,1977,Graduation,Married,34380.0,1,0,2013-05-02,68,72,7,58,13,1,24,4,4,1,3,8,0,0,0,0,0,0,0,48,1,175,4479,0,40-49,3,-1.6274986907414835,0.24936989774883148
4706,1966,Graduation,Single,34704.0,0,1,2013-04-27,65,29,0,5,0,1,5,1,1,0,3,5,0,0,0,0,0,0,0,59,1,40,4484,0,50-59,1,-1.538443146976906,0.9440654387725455
4070,1969,PhD,Married,94871.0,0,2,2012-09-01,99,169,24,553,188,0,144,1,8,5,4,7,0,0,0,1,1,1,0,56,2,1078,4722,1,50-59,4,1.2085011007635507,1.0507655593224823
25,1958,Graduation,Married,65148.0,0,1,2012-11-16,9,460,35,422,33,12,153,2,6,6,7,4,0,0,0,0,0,0,0,67,1,1115,4646,0,60-69,5,1.4245523998030611,-1.211596808695756
3697,1954,Graduation,Together,39898.0,0,1,2013-02-12,20,69,8,26,12,7,12,2,3,0,4,7,0,0,0,0,0,0,0,71,1,134,4558,0,70+,1,-1.1231493107448254,-0.8087740326026005
217,1956,Master,Single,64857.0,0,0,2012-11-23,78,556,14,717,210,0,43,1,7,5,10,4,0,0,0,0,0,0,0,69,0,1540,4639,0,60-69,5,2.38995407052398,0.7517636528896465
4220,1970,PhD,Married,59892.0,0,1,2013-11-02,26,73,0,13,0,1,0,1,2,1,3,3,0,0,0,0,0,0,0,55,1,87,4295,0,50-59,0,-0.6434076241968124,-0.1223820312394175
5286,1987,Master,Single,41020.0,0,0,2013-10-28,68,112,1,54,7,7,36,1,3,2,4,3,0,0,0,0,0,0,0,38,0,217,4300,0,30-39,3,-0.8068915627386896,0.8410015783657161
9559,1961,PhD,Married,57072.0,0,1,2014-01-24,79,944,0,60,0,0,30,2,7,5,13,5,0,0,1,0,0,0,0,64,1,1034,4212,1,60-69,4,2.0395682514093014,0.5451652275621172
2849,1979,Graduation,Single,60474.0,0,1,2013-04-01,25,265,199,303,234,9,170,7,10,2,12,7,0,0,0,0,0,0,0,46,1,1180,4510,0,40-49,4,1.9376182640790134,-1.83467290864766
7787,1960,Graduation,Together,62807.0,0,1,2012-08-31,83,526,28,135,10,21,99,3,5,3,12,5,0,0,0,0,0,0,0,65,1,819,4723,0,60-69,5,1.568140580475561,0.9415657878370104
3102,1981,2n Cycle,Together,19414.0,1,0,2013-10-16,32,2,3,12,3,5,7,1,1,0,3,8,0,0,0,0,0,0,0,44,1,32,4312,0,40-49,0,-2.4862363132793632,-0.6077813887275122
5868,1980,Graduation,Married,19107.0,1,0,2013-08-22,49,2,4,9,10,5,16,2,1,0,3,7,0,0,0,0,0,0,0,45,1,46,4367,0,40-49,3,-2.309686373502248,0.0455045482195914
8370,1976,2n Cycle,Together,75484.0,0,1,2012-08-02,50,378,97,259,197,194,34,2,7,3,6,4,0,0,0,0,0,0,0,49,1,1159,4752,0,40-49,2,1.4341136601951607,-0.17035174109451204
9988,1976,Master,Single,70379.0,0,1,2013-03-03,84,553,25,142,65,67,8,3,6,3,13,4,0,0,0,0,0,0,0,49,1,860,4539,0,40-49,2,1.982538370551977,0.8224878472696431
2939,1970,Master,Together,79419.0,0,0,2014-06-22,96,751,127,687,20,15,31,1,4,6,4,2,0,0,0,0,0,0,0,55,0,1631,4063,0,50-59,2,1.6092105437135995,1.917111210246518
5529,1946,PhD,Together,64014.0,2,1,2014-06-10,56,406,0,30,0,0,8,7,8,2,5,7,1,0,0,0,0,0,0,79,3,444,4075,1,70+,4,0.5087076134734972,-0.14132816499083697
9743,1955,Graduation,Married,76998.0,0,1,2013-01-11,85,1449,89,161,69,35,107,2,11,8,8,6,0,0,0,0,1,0,0,70,1,1910,4590,1,60-69,4,2.8761895914060878,0.37115592255676716
5763,1972,Master,Together,49854.0,1,0,2013-11-10,63,123,17,171,39,0,30,5,6,2,5,6,0,0,0,0,0,0,0,53,1,380,4287,0,50-59,4,-0.2389391502424171,0.13745047123031393
3478,1971,PhD,Married,60585.0,1,1,2013-06-24,17,267,42,309,55,42,21,10,7,4,9,5,0,0,0,0,0,1,0,54,2,736,4426,1,50-59,4,1.133029620004532,-1.3576558161377075
7494,1950,PhD,Divorced,42873.0,1,1,2013-01-21,11,209,0,40,3,2,15,4,6,1,4,8,0,0,0,0,0,0,0,75,2,269,4580,0,70+,1,-0.6624173953860615,-1.4929686591006195
1763,1988,Graduation,Together,87679.0,0,0,2013-07-27,62,1259,172,815,97,148,33,1,7,11,10,4,1,0,1,0,1,1,0,37,0,2524,4393,1,30-39,2,3.2541053679489202,-0.02663296200233755
7250,1978,Graduation,Together,57867.0,1,0,2013-10-01,48,344,35,178,15,23,17,7,7,2,9,6,0,0,0,0,0,0,0,47,1,612,4327,0,40-49,4,0.746135883861754,-0.5803792304401917
2005,1990,Graduation,Married,35765.0,1,0,2013-12-11,86,22,3,30,0,5,15,2,2,0,4,6,0,0,0,0,0,0,0,35,1,75,4256,0,30-39,3,-1.651779796175157,1.1213312329434013
10770,1959,Graduation,Married,65492.0,0,0,2014-01-26,73,247,161,295,210,85,47,2,4,7,13,2,0,0,0,0,0,0,0,66,0,1045,4210,0,60-69,5,2.2933883114709235,1.0758149575823264
6885,1977,Graduation,Divorced,32952.0,1,0,2013-12-01,36,38,0,12,3,1,1,1,2,0,3,7,0,0,0,0,0,0,0,48,1,55,4266,0,40-49,0,-1.8755941449900926,-0.40761922720739074
2072,1969,PhD,Together,53374.0,0,1,2012-08-16,34,896,10,101,13,10,34,6,4,2,9,9,0,0,1,0,0,1,0,56,1,1064,4738,1,50-59,4,0.2889311492331155,-0.981391718910552
9463,1959,Graduation,Together,71706.0,0,1,2012-11-13,16,931,56,253,91,98,14,4,9,5,7,5,0,0,0,0,0,0,0,66,1,1443,4649,0,60-69,4,2.0585591821724303,-1.4444662184651227
6318,1988,Graduation,Married,68487.0,0,0,2013-01-13,48,758,12,385,33,89,89,1,9,7,13,4,0,0,0,0,0,0,0,37,0,1366,4588,0,30-39,2,2.6159492830717874,-0.7563132390748888
4093,1975,Master,Together,53253.0,1,1,2013-02-11,61,216,9,57,20,9,125,7,4,3,5,5,0,0,0,0,0,0,0,50,2,436,4559,0,40-49,3,-0.2766066282696674,0.38854027222953313
5751,1973,2n Cycle,Divorced,31163.0,1,0,2014-02-13,54,2,3,10,11,2,10,1,1,0,3,6,0,0,0,0,0,0,0,52,1,38,4192,0,50-59,3,-1.8489567056841056,0.4115568719531256
3340,1977,Graduation,Married,42014.0,1,0,2012-08-17,56,244,15,108,4,15,50,6,7,1,6,8,0,0,0,0,0,1,0,48,1,436,4737,1,40-49,4,-0.43129574240774315,-0.5146878869342627
3594,1973,Master,Married,54108.0,1,1,2012-11-05,74,539,6,91,8,6,97,13,8,2,9,8,0,0,0,0,0,0,0,52,2,747,4657,0,50-59,4,0.6821033674452458,-0.08346332134473088
3584,1955,PhD,Single,49667.0,0,0,2012-08-20,35,1181,26,120,17,13,39,2,5,10,5,8,0,0,1,0,0,1,0,70,0,1396,4734,1,60-69,4,0.37378750459770865,-0.7333065128619181
3643,1974,Master,Married,63206.0,0,0,2014-03-20,65,750,8,125,11,8,26,1,4,3,6,2,0,0,0,0,1,0,0,51,0,928,4157,1,50-59,2,0.9460892361723937,0.855798421431441
851,1972,Master,Married,57136.0,1,1,2013-07-09,48,306,5,109,21,109,92,9,5,2,10,6,0,0,0,0,0,0,0,53,2,642,4411,0,50-59,4,0.7111418526248511,-0.33305047238293956
7706,1975,2n Cycle,Together,46772.0,0,1,2012-11-07,88,350,104,189,197,151,57,6,11,8,5,8,0,0,1,0,0,0,0,50,1,1048,4655,1,40-49,4,0.5923053464973913,0.07541549063029218
3967,1971,PhD,Married,78931.0,0,0,2013-10-25,19,331,197,170,58,152,35,1,2,8,13,1,0,0,0,0,0,0,0,54,0,943,4303,0,50-59,2,2.1879528336171212,-0.34327692283816286
10128,1958,Graduation,Together,53977.0,0,1,2013-06-08,21,620,16,165,0,24,82,5,5,5,12,5,0,0,0,0,0,0,0,67,1,907,4442,0,60-69,5,1.4843818311435835,-0.9874015796035573
486,1988,Graduation,Married,84219.0,0,0,2014-02-02,27,434,137,400,45,137,45,1,3,4,10,1,0,0,0,0,0,0,0,37,0,1198,4203,0,30-39,2,1.9924389354476817,-0.28714770570039355
9,1975,Master,Single,46098.0,1,1,2012-08-18,86,57,0,27,0,0,36,4,3,2,2,8,0,0,0,0,0,0,0,50,2,120,4736,0,40-49,3,-1.7028133270996015,0.9888599111981679
9451,1965,Graduation,Married,73538.0,0,1,2012-11-25,92,811,76,428,99,137,107,3,10,4,9,7,0,0,0,0,0,0,0,60,1,1658,4637,0,50-59,4,2.337519329468752,0.4627360116835092
9264,1986,Graduation,Married,79529.0,0,0,2014-04-27,1,423,42,706,73,197,197,1,4,8,9,2,0,0,0,0,0,0,0,39,0,1638,4119,0,30-39,2,2.1258866147310793,-1.303380366493991
3865,1977,2n Cycle,Together,20981.0,0,0,2013-04-30,14,2,12,10,6,13,30,1,3,1,2,8,0,0,0,0,0,1,0,48,0,73,4481,1,40-49,0,-2.258285791806659,-1.3205929991185594
2853,1980,Graduation,Single,51766.0,1,0,2014-03-11,74,60,51,87,6,20,51,2,4,2,4,5,0,0,0,0,0,0,0,45,1,275,4166,0,40-49,3,-0.6437336172035453,0.7716228937587338
1490,1962,Graduation,Married,55759.0,0,1,2012-11-28,84,675,0,85,10,7,77,5,10,3,8,8,0,0,0,0,0,0,0,63,1,854,4634,0,60-69,4,1.0600566658508264,0.1364454575020421
6310,1978,Graduation,Married,33039.0,1,0,2013-09-09,4,30,8,12,8,8,12,1,2,0,4,5,0,0,0,0,0,0,0,47,1,78,4349,0,40-49,0,-1.42163332454551,-1.2004240994411206
10380,1972,Master,Married,37787.0,1,0,2013-09-20,50,40,1,40,4,3,18,1,3,0,3,8,0,0,0,0,0,0,0,53,1,106,4338,0,50-59,3,-1.6980123121208301,-0.14329246966695502
3887,1970,Graduation,Single,27242.0,1,0,2012-11-11,2,3,17,26,20,1,39,2,2,0,3,9,0,0,0,0,0,1,0,55,1,106,4651,1,50-59,0,-2.1712127489492894,-1.6469413630610372
4278,1983,PhD,Single,87188.0,0,0,2013-06-03,73,910,111,724,49,74,55,1,10,2,6,3,0,0,0,0,0,1,0,42,0,1923,4447,1,40-49,2,2.771197053309926,0.2687443713613514
8643,1971,Graduation,Together,69930.0,0,0,2013-05-26,21,252,98,827,219,70,196,1,4,5,12,3,0,0,0,0,0,0,0,54,0,1662,4455,0,50-59,2,2.4373193191583904,-0.7549667054999138
1998,1976,Graduation,Single,37697.0,1,0,2014-02-07,82,34,6,21,11,4,8,1,2,1,3,6,0,0,0,0,0,0,0,49,1,84,4198,0,40-49,3,-1.5837539011052082,1.156876991823765
10795,1973,PhD,Married,37401.0,1,0,2014-05-06,14,19,3,19,3,1,3,2,2,0,3,7,0,0,0,0,0,0,0,52,1,48,4110,0,50-59,0,-1.7547084929389738,-1.0426068994672804
11110,1973,Graduation,Single,3502.0,1,0,2013-04-13,56,2,1,1,0,0,1,0,0,0,0,14,0,0,0,0,0,0,0,52,1,5,4498,0,50-59,3,-4.197771293081783,-0.3455727260822653
2408,1976,Graduation,Married,58597.0,1,1,2012-11-20,20,490,0,184,10,28,21,12,7,4,9,7,0,0,0,0,0,0,0,49,2,733,4642,0,40-49,4,0.725104107147053,-1.5506472548612718
202,1948,PhD,Widow,82032.0,0,0,2014-04-05,54,332,194,377,149,125,57,0,4,6,7,1,0,0,0,0,0,0,0,77,0,1234,4141,0,70+,5,2.172462925052818,0.8837542028808409
7998,1958,Graduation,Together,28087.0,1,1,2012-12-11,77,53,8,17,13,0,21,3,2,2,2,7,0,0,0,0,0,0,0,67,2,112,4621,0,60-69,1,-1.8221801501834114,1.0544897379407367
830,1987,PhD,Single,74004.0,0,0,2014-02-24,5,784,48,560,42,176,48,1,4,6,4,3,1,0,0,0,1,1,0,38,0,1658,4181,1,30-39,2,1.1448771584288084,-1.1977286263845806
3536,1960,Graduation,Together,19740.0,0,1,2013-03-24,65,7,11,3,10,4,20,2,1,1,3,5,0,0,0,0,0,0,0,65,1,55,4518,0,60-69,1,-1.7341097697719208,0.9656450381084798
6050,1975,2n Cycle,Married,57036.0,0,1,2012-12-11,33,1171,43,219,19,14,47,4,6,3,13,9,0,0,1,0,0,0,0,50,1,1513,4621,1,40-49,4,1.5115235811563508,-1.3910663005529056
125,1958,2n Cycle,Together,53083.0,1,1,2013-05-15,65,215,7,33,3,0,13,6,5,1,5,7,0,0,0,1,0,0,0,67,2,271,4466,1,60-69,1,-0.38528982477350476,0.33358253720612485
3463,1975,PhD,Married,69283.0,0,1,2014-06-14,41,674,62,134,0,26,8,4,7,3,13,5,0,0,0,0,0,0,0,50,1,904,4071,0,40-49,4,1.9788786618559822,-0.7333364114079853
2804,1975,Master,Single,46098.0,1,1,2012-08-18,86,57,0,27,0,0,36,4,3,2,2,8,0,0,0,0,0,1,0,50,2,120,4736,1,40-49,3,-1.7028133270996015,0.9888599111981679
3745,1988,2n Cycle,Married,23331.0,1,0,2012-09-04,92,5,36,7,0,10,45,2,3,0,3,8,0,0,0,0,0,0,0,37,1,103,4719,0,30-39,3,-2.1568796573130147,0.9774662856754546
9771,1988,2n Cycle,Single,23331.0,1,0,2012-10-05,97,104,20,101,24,15,5,6,5,1,5,9,0,0,0,0,0,0,0,37,1,269,4688,0,30-39,3,-1.6123824337857158,0.7428850325522495
451,1989,Graduation,Single,9255.0,1,0,2013-12-20,91,9,0,7,2,0,4,1,1,1,2,8,0,0,0,0,0,0,0,36,1,22,4247,0,30-39,3,-2.9138203203937616,1.1500644254167225
10530,1959,PhD,Widow,67786.0,0,0,2013-12-07,0,431,82,441,80,20,102,1,3,6,6,1,0,0,0,0,0,1,0,66,0,1156,4260,1,60-69,5,1.4116863126827262,-0.7921256300079853
1079,1971,PhD,Married,71969.0,0,1,2012-10-16,59,1000,0,76,0,0,10,3,3,4,9,8,0,0,0,1,0,0,0,54,1,1086,4677,1,50-59,4,0.6605735165818435,0.04401659494448978
8920,1967,Master,Single,59235.0,1,0,2013-01-12,4,448,40,469,80,0,91,3,11,2,12,7,0,0,0,0,0,0,0,58,1,1128,4589,0,50-59,4,2.144243723219721,-2.4840767068559106
6678,1989,Graduation,Together,31928.0,1,0,2014-03-28,5,33,4,24,4,2,5,2,3,0,4,7,0,0,0,0,0,0,0,36,1,72,4149,0,30-39,0,-1.7565791019417147,-1.618696035745876
3852,1961,Master,Together,74881.0,1,1,2013-03-08,48,505,72,270,36,27,54,4,9,2,12,5,0,0,0,0,0,0,0,64,2,964,4534,0,60-69,4,2.427312549856028,-0.5677894803126556
528,1978,Graduation,Married,65819.0,0,0,2012-11-29,99,267,38,701,149,165,63,1,5,4,10,3,0,0,0,0,0,0,0,47,0,1383,4633,0,40-49,2,1.9009288479665964,1.5403540307833723
73,1953,PhD,Single,51411.0,1,2,2013-05-26,81,14,0,3,0,0,1,1,0,0,3,5,0,0,0,0,0,0,0,72,3,18,4455,0,70+,1,-1.2125251470663496,1.7105814405144866
5589,1964,Graduation,Divorced,51983.0,0,1,2012-08-31,95,631,0,115,10,7,30,3,9,2,10,7,0,0,0,0,0,0,0,61,1,793,4723,0,60-69,4,1.228687697131218,0.6304128421685079
10212,1986,Master,Together,42386.0,1,0,2013-01-13,43,65,4,16,0,4,11,1,3,0,3,8,0,0,0,0,0,0,0,39,1,100,4588,0,30-39,0,-1.7892777117702614,-0.48116355389141363
6365,1987,2n Cycle,Married,30390.0,0,0,2013-09-02,5,10,12,12,25,1,20,1,2,0,3,6,0,0,0,0,0,0,0,38,0,80,4356,0,30-39,0,-1.8790439423339682,-1.3529849921912318
5636,1963,Graduation,Single,30983.0,0,0,2012-11-09,50,51,4,50,12,1,49,1,4,0,3,8,0,0,0,0,0,1,0,62,0,167,4653,1,60-69,1,-1.53196009659007,-0.18555714253697525
591,1957,Graduation,Widow,66033.0,0,1,2013-01-20,76,293,35,179,46,59,65,2,8,3,7,7,0,0,0,0,0,0,0,68,1,677,4581,0,60-69,4,0.9056302299816262,0.3243225809542028
2217,1975,2n Cycle,Married,37284.0,1,1,2013-03-29,46,11,1,2,2,1,6,1,0,0,3,6,0,0,0,0,0,0,0,50,2,23,4513,0,40-49,0,-1.905717441225005,0.2680025618368319
2544,1951,Master,Divorced,57530.0,0,1,2013-10-12,68,50,1,27,6,7,1,1,1,1,4,1,0,0,0,0,0,0,0,74,1,92,4316,0,70+,1,-0.11996310354209917,1.6734653591829536
7725,1965,2n Cycle,Married,76800.0,0,0,2014-03-08,33,173,26,255,35,71,81,1,4,4,7,1,0,0,0,0,0,0,0,60,0,641,4169,0,50-59,5,1.3610556247213519,0.08086471340402772
8091,1956,Graduation,Married,63943.0,0,1,2012-09-02,50,423,184,368,13,97,21,1,6,4,6,5,0,0,0,0,0,0,0,69,1,1106,4721,0,60-69,5,1.1297889496915026,-0.015685681419735482
7321,1962,Graduation,Together,76081.0,0,0,2014-05-23,85,292,30,415,63,33,200,1,4,5,4,2,1,0,0,0,0,0,0,63,0,1033,4093,1,60-69,5,1.137036782366774,1.6635806856269422
5462,1974,Graduation,Married,67445.0,0,1,2012-08-12,63,757,80,217,29,80,11,5,9,6,12,6,0,0,0,0,0,0,0,51,1,1174,4742,0,50-59,4,2.155795946814716,-0.3656714497139843
7791,1967,Master,Married,37054.0,1,1,2013-09-15,89,12,1,6,0,1,5,2,1,0,3,7,0,0,0,0,0,0,0,58,2,25,4343,0,50-59,3,-1.8205371957076946,1.4507649386429766
955,1962,Master,Together,47175.0,1,1,2012-10-28,81,167,2,44,6,2,19,7,4,2,4,8,0,0,1,0,0,1,0,63,2,240,4665,1,60-69,3,-0.9996563990911425,0.7962515748429192
4037,1976,Graduation,Divorced,31859.0,1,0,2013-06-14,77,3,1,3,8,0,5,1,1,0,2,7,0,0,0,0,0,0,0,49,1,20,4436,0,40-49,3,-2.1812871761335626,1.0064907705843107
6642,1961,Graduation,Divorced,27215.0,2,1,2013-01-23,50,30,5,22,8,9,28,4,2,1,4,6,0,0,0,0,0,0,0,64,3,102,4578,0,60-69,1,-1.4452836252160595,0.2553695593118814
2793,1976,PhD,Divorced,70179.0,0,1,2013-07-21,10,532,88,168,69,44,133,3,7,3,13,5,0,0,0,0,0,0,0,49,1,1034,4399,0,40-49,4,2.0850176865629804,-1.70739798231307
5424,1983,Graduation,Married,39922.0,1,0,2013-02-14,30,29,12,59,19,1,36,2,3,0,4,8,0,0,0,0,0,0,0,42,1,156,4556,0,40-49,0,-1.6094291217393768,-0.8884228456649051
879,1976,Master,Married,49681.0,0,2,2013-11-04,66,411,0,26,0,0,21,6,7,1,7,7,0,0,0,0,0,0,0,49,2,458,4293,0,40-49,4,0.04598126528023422,-0.08506494416333152
9530,1988,Graduation,Married,24645.0,1,0,2012-11-01,16,5,3,4,4,1,0,1,1,0,2,8,0,0,0,0,0,0,0,37,1,17,4661,0,30-39,0,-2.6358743247175402,-1.133309428179429
4828,1954,Graduation,Divorced,79865.0,0,1,2014-06-18,12,71,99,278,185,121,38,1,5,10,5,1,0,0,0,0,0,0,0,71,1,792,4067,0,70+,5,1.516044528930365,-0.5264277076484638
10699,1985,Graduation,Married,44322.0,1,0,2014-06-16,30,46,0,40,3,0,3,2,3,0,3,8,0,0,0,0,0,0,0,40,1,92,4069,0,30-39,0,-1.7507880852019382,-0.870621842749604
1497,1952,Graduation,Single,47958.0,0,1,2013-01-19,8,268,11,88,15,3,22,2,6,3,5,5,0,0,0,0,0,0,0,73,1,407,4582,0,70+,1,0.13178425250640333,-1.270102539650462
7476,1964,Master,Single,63972.0,0,1,2012-12-02,93,928,63,254,0,12,12,4,5,4,10,4,0,0,0,1,0,0,0,61,1,1269,4630,1,60-69,5,1.785538589551314,1.3677018856757541
4390,1954,Graduation,Together,75315.0,0,1,2014-04-15,14,459,15,171,142,23,31,2,5,4,12,2,0,0,0,0,0,0,0,71,1,841,4131,0,70+,5,2.3388354168188585,-0.7640002920673907
10478,1950,PhD,Married,55517.0,1,1,2012-09-27,53,483,0,108,0,6,36,5,11,1,6,9,0,0,0,0,0,1,0,75,2,633,4696,1,70+,4,0.6949259587343167,-0.8840601306254613
1081,1957,PhD,Married,75283.0,1,2,2013-03-27,26,733,9,180,12,19,66,11,6,3,5,4,0,0,0,0,0,0,0,68,3,1019,4515,0,60-69,5,1.2594182096889472,-0.5994574021164463
4261,1946,PhD,Single,82800.0,0,0,2012-11-24,23,1006,22,115,59,68,45,1,7,6,12,3,1,0,0,0,1,1,0,79,0,1315,4638,1,70+,5,3.090987558445418,-0.7442415236700363
9916,1954,Graduation,Married,38998.0,1,1,2012-11-03,92,34,1,14,0,0,5,3,2,0,3,8,0,0,0,0,0,0,1,71,2,54,4659,0,70+,1,-1.6211144410383165,1.4428186017150415
5350,1991,Master,Single,90638.0,0,0,2014-02-13,29,1156,120,915,94,144,96,1,3,4,10,1,0,0,0,0,1,1,0,34,0,2525,4192,1,30-39,2,3.19586126583502,-0.2840719424670724
8135,1986,Master,Married,27161.0,1,0,2013-10-28,41,7,4,23,7,0,11,1,1,0,3,7,0,0,0,0,0,0,0,39,1,52,4300,0,30-39,0,-2.2284255136400097,-0.24090398665144563
8685,1977,Graduation,Married,42014.0,1,0,2012-08-17,56,244,15,108,4,15,50,6,7,1,6,8,0,0,0,0,0,1,0,48,1,436,4737,1,40-49,4,-0.43129574240774315,-0.5146878869342627
4967,1960,PhD,Together,38201.0,0,1,2013-03-29,19,233,0,23,0,0,12,4,5,1,5,8,0,0,0,0,0,0,0,65,1,268,4513,0,60-69,0,-0.8581539334979303,-1.2643344562915515
2130,1982,Graduation,Together,45203.0,2,0,2014-03-23,4,35,3,67,10,8,24,1,3,1,3,6,0,0,0,0,0,1,0,43,2,147,4154,1,40-49,0,-1.3502853129115038,-1.4146406263366882
9298,1947,PhD,Together,81574.0,0,0,2014-04-28,89,1252,0,465,46,35,0,1,4,5,8,1,0,0,0,1,1,0,0,78,0,1798,4118,1,70+,5,2.8064738992305345,1.9348549853210006
8175,1992,Graduation,Married,34935.0,0,0,2013-06-21,71,34,4,66,3,10,20,1,2,1,4,7,0,0,0,0,0,0,0,33,0,137,4429,0,30-39,3,-1.7973351173957008,0.515544762309257
6257,1976,Master,Single,60482.0,0,1,2013-01-23,81,255,43,134,37,14,24,1,7,2,7,7,0,0,0,0,0,0,0,49,1,507,4578,0,40-49,4,0.29444499031536214,0.40353493751599495
3790,1956,Graduation,Together,34633.0,2,1,2014-01-23,31,8,1,5,0,0,1,1,1,0,2,6,0,0,0,0,0,0,0,69,3,15,4213,0,60-69,1,-1.747317448968395,-0.10993057988326421
9952,1947,Master,Together,78093.0,0,0,2013-12-11,53,368,32,639,13,43,10,1,4,7,5,1,0,0,0,0,0,0,0,78,0,1105,4256,0,70+,5,1.7099850667214094,0.9061471360335396
3503,1950,Graduation,Divorced,82460.0,0,0,2013-12-02,78,255,47,573,52,32,15,1,5,3,6,1,0,0,0,0,0,0,0,75,0,974,4265,0,70+,5,1.9301839178847846,1.535155948312224
5223,1966,Master,Together,45903.0,0,1,2014-04-23,80,33,8,10,2,10,3,2,2,1,3,4,0,0,0,0,0,0,0,59,1,66,4123,0,50-59,1,-1.0152353872260276,1.4427208991843956
4608,1987,Graduation,Divorced,81361.0,0,0,2014-02-25,18,163,23,424,27,65,76,1,3,10,13,1,0,0,0,0,0,1,0,38,0,778,4180,1,30-39,2,2.0317607642473803,-0.6221923289240312
1626,1973,PhD,Divorced,35860.0,1,1,2014-05-19,37,15,0,8,4,2,20,2,1,1,2,5,0,0,1,0,0,1,0,52,2,49,4097,1,50-59,0,-1.7476614489902775,0.035916244655473245
4764,1952,Master,Together,40442.0,1,1,2012-08-19,52,45,12,52,25,22,13,4,3,1,4,7,0,0,0,0,0,1,0,73,2,169,4735,1,70+,1,-1.0506188353770074,0.20333381573575596
2471,1965,Graduation,Married,61482.0,0,0,2014-06-27,39,48,58,68,16,66,43,1,3,2,6,2,0,0,0,0,0,0,0,60,0,299,4058,0,50-59,1,0.3536550923164606,0.2598173201494146
5892,1980,Graduation,Married,34968.0,1,0,2013-04-10,11,158,6,45,8,2,2,7,3,2,5,7,0,0,0,0,0,0,0,45,1,221,4501,0,40-49,0,-1.3165458665281329,-1.3705299039133771
2612,1987,Graduation,Married,75794.0,0,0,2013-12-24,33,754,160,625,63,32,48,1,7,5,12,3,1,0,0,0,0,0,0,38,0,1682,4243,1,30-39,2,2.7706636008720373,-0.8469266267492892
4971,1962,PhD,Together,31497.0,0,1,2012-12-06,22,108,1,28,13,1,4,2,3,1,4,8,0,0,0,0,0,0,0,63,1,155,4626,0,60-69,0,-1.5145239296006108,-0.9590167259393872
5185,1955,Graduation,Married,74268.0,0,0,2013-02-14,83,199,66,315,97,174,41,1,4,3,5,2,0,0,0,0,0,0,0,70,0,892,4556,0,60-69,5,1.2147602420400416,1.6435302668555274
10069,1988,Basic,Together,13724.0,1,0,2012-08-31,43,2,7,5,2,15,27,1,2,0,2,9,0,0,1,0,0,0,0,37,1,58,4723,1,30-39,0,-2.8208227567652195,-0.5479808773754213
2262,1965,Master,Together,45143.0,0,1,2013-08-26,74,202,5,74,11,5,14,3,6,1,5,7,0,0,0,0,0,0,0,60,1,311,4363,0,50-59,1,-0.4512872228358627,0.4187629198965313
1131,1967,PhD,Single,52569.0,0,1,2014-04-05,54,85,0,3,0,0,7,1,2,0,4,3,0,0,0,0,0,0,0,58,1,95,4141,0,50-59,1,-0.5847255260395153,0.733587456173615
1041,1973,PhD,Single,48432.0,0,1,2012-10-18,3,322,3,50,4,3,42,5,7,1,6,8,0,0,0,0,0,1,0,52,1,424,4675,1,50-59,4,-0.2856873440235327,-2.107276493973463
24,1960,Master,Together,17144.0,1,1,2014-02-15,96,18,2,19,0,2,6,5,3,0,4,7,0,0,0,0,0,0,0,65,2,47,4190,0,60-69,3,-1.677994030013148,1.4450892359465766
3409,1984,Graduation,Single,36108.0,1,0,2013-10-15,68,141,8,129,3,11,47,3,7,1,4,9,0,0,1,0,0,0,0,41,1,339,4313,1,40-49,3,-1.1519359103903617,-0.2867709243405985
7022,1971,Graduation,Married,76445.0,1,0,2012-09-28,2,739,107,309,140,80,35,1,2,5,13,6,0,0,0,0,0,0,0,54,1,1410,4695,0,50-59,2,1.7610987220787926,-1.479640281436342
7943,1975,PhD,Married,36663.0,1,0,2014-04-25,40,18,0,6,3,3,5,1,1,1,3,2,0,0,0,0,0,0,0,50,1,35,4121,0,40-49,0,-1.1606048005441552,0.4404642655302168
5272,1965,Master,Married,53843.0,0,1,2013-06-27,64,378,0,88,19,4,73,4,8,5,3,7,0,0,0,0,0,0,0,60,1,562,4423,0,50-59,4,-0.10459565228680372,-0.04983614801753867
5453,1956,Master,Married,90226.0,0,0,2012-09-26,26,1083,108,649,253,151,108,1,4,7,12,2,1,0,0,0,0,0,0,69,0,2352,4697,1,60-69,5,3.7392113294073526,-0.31902072876079746
2565,1955,Master,Divorced,70638.0,0,0,2013-06-01,69,1016,12,215,16,12,63,1,4,5,10,3,0,0,0,1,0,0,0,70,0,1334,4449,1,60-69,5,2.090445717836989,0.9465446119049794
800,1960,Graduation,Together,44512.0,1,1,2013-08-30,57,23,1,6,0,0,2,2,1,0,3,4,0,0,0,0,0,0,0,65,2,32,4359,0,60-69,1,-1.135620263349144,0.8920734872921493
11092,1961,Graduation,Married,27116.0,1,1,2014-03-02,78,12,1,21,2,2,3,2,2,0,3,7,0,0,0,0,0,0,0,64,2,41,4175,0,60-69,3,-1.7908927716765033,1.0333022720509824
5062,1963,PhD,Married,54072.0,1,1,2013-07-27,71,35,0,4,0,0,0,1,2,0,2,8,0,0,0,0,0,0,0,62,2,39,4393,0,60-69,3,-1.6112723708235945,0.7658087924632362
8969,1977,Graduation,Married,71855.0,0,1,2013-01-16,59,548,31,422,0,112,28,4,5,5,11,3,0,0,0,0,0,0,0,48,1,1141,4585,0,40-49,2,1.9579996260888897,0.3058699411266925
4656,1990,2n Cycle,Single,51250.0,1,0,2013-03-30,28,342,32,230,34,32,40,5,10,5,4,9,0,0,1,0,0,0,0,35,1,710,4512,1,30-39,4,-0.23962981601072214,-1.889933392550906
4480,1973,Master,Married,60432.0,0,1,2014-03-09,61,365,3,15,4,3,11,5,7,2,5,6,0,0,0,0,0,0,0,52,1,401,4168,0,50-59,4,0.09784517893794467,-0.019608147106734385
9971,1964,PhD,Married,65526.0,0,1,2014-04-11,22,397,19,69,12,0,9,1,4,4,8,2,0,0,0,0,0,0,0,61,1,506,4135,0,60-69,5,1.0363516080830177,-0.41402869491398464
6729,1988,Graduation,Single,68655.0,0,0,2012-08-10,95,456,19,832,75,118,38,1,4,5,11,3,0,0,0,0,0,0,0,37,0,1538,4744,0,30-39,2,1.9748395775114387,1.408290869439702
1773,1978,2n Cycle,Married,12393.0,0,0,2012-12-04,38,5,6,15,11,7,13,1,2,0,3,9,0,0,0,0,0,0,0,47,0,57,4628,0,40-49,0,-2.5801627264044806,-0.6367226540826646
9242,1990,Graduation,Single,64509.0,0,0,2013-08-17,19,836,185,575,24,25,77,1,6,3,9,4,0,0,1,0,0,1,0,35,0,1722,4372,1,30-39,2,1.8277875780935997,-1.2721983628546887
1764,1975,Graduation,Single,33955.0,1,0,2013-08-09,92,100,2,128,23,7,10,4,5,1,5,8,0,0,0,0,0,0,0,50,1,270,4380,0,40-49,3,-1.1003786896541987,0.8512173677856216
6215,1977,Graduation,Married,31353.0,1,1,2013-12-29,24,10,0,10,3,1,7,2,1,1,2,8,0,0,0,0,0,1,0,48,2,31,4238,1,40-49,0,-2.361476124788084,-0.7669836087966043
10099,1984,Graduation,Married,55434.0,1,0,2013-10-05,21,238,115,215,169,69,76,3,5,3,13,4,0,0,0,0,0,0,0,41,1,882,4323,0,40-49,2,1.4729614521507222,-1.1339663566082623
5423,1983,Graduation,Together,28359.0,1,0,2013-10-27,35,6,0,5,2,1,2,1,1,0,2,7,0,0,0,0,0,0,0,42,1,16,4301,0,40-49,0,-2.34695750181744,-0.37073149151137896
940,1987,Graduation,Single,57100.0,1,0,2014-05-18,9,158,11,99,15,11,17,2,3,2,7,3,0,0,0,0,0,0,0,38,1,311,4098,0,30-39,0,-0.0031909864185025545,-1.0298543679679395
3011,1965,Graduation,Married,69139.0,0,1,2014-01-27,23,86,12,75,33,15,6,1,4,1,5,4,0,0,0,0,0,0,0,60,1,227,4209,0,50-59,1,0.11210573370275123,-0.5363902069612062
3298,1956,Master,Married,52973.0,0,1,2012-11-08,92,856,0,76,12,9,199,7,9,6,9,8,0,0,0,0,0,0,0,69,1,1152,4654,0,60-69,4,1.3472075549013742,0.5091773271126696
8286,1965,PhD,Together,51717.0,0,1,2013-08-20,55,98,1,17,0,1,5,1,3,0,4,7,0,0,0,1,0,0,0,60,1,122,4369,1,50-59,1,-1.0360115555293834,0.20190348138212622
9668,1971,Graduation,Married,18793.0,1,0,2013-01-12,14,4,16,20,0,17,20,3,2,0,4,8,0,0,0,0,0,0,0,54,1,77,4589,0,50-59,0,-2.0640596147200356,-1.2090480850669463
5120,1982,2n Cycle,Together,66664.0,0,0,2012-09-25,78,398,96,447,220,96,32,1,5,7,6,3,0,0,0,0,0,0,0,43,0,1289,4698,0,40-49,2,1.2001478123791978,0.9533876159979509
6097,1959,Graduation,Single,50664.0,1,1,2013-01-16,64,313,8,104,6,4,126,9,8,1,6,9,0,0,0,0,0,0,0,66,2,561,4585,0,60-69,4,0.03758691825694063,-0.3085179469264311
7019,1963,Graduation,Together,54414.0,1,1,2013-01-23,49,109,18,16,24,26,18,4,3,1,5,4,0,0,0,0,0,0,0,62,2,211,4578,0,60-69,1,-0.28000565499311625,0.36538679456523127
7408,1952,PhD,Married,54549.0,0,1,2014-03-03,8,216,2,6,0,0,9,2,5,1,4,7,0,0,0,0,0,0,0,73,1,233,4174,0,70+,1,-0.4771844821412575,-1.3505180887896642
8041,1971,PhD,Widow,47111.0,0,1,2012-09-08,35,595,71,153,120,112,41,6,3,2,10,9,0,0,0,0,0,0,0,54,1,1092,4715,0,50-59,4,0.1835387320294199,-0.8996478231670738
252,1963,PhD,Divorced,41003.0,0,0,2013-03-17,11,123,133,142,71,44,88,1,6,2,8,6,0,0,0,0,0,0,0,62,0,601,4525,0,60-69,4,0.31443563083174764,-1.493010192879139
9986,1982,Graduation,Together,19444.0,1,0,2014-02-22,8,16,0,23,3,2,10,3,4,1,2,7,0,0,0,0,0,1,0,43,1,54,4183,1,40-49,0,-2.0791868922284724,-1.548229922756469
3276,1976,2n Cycle,Together,36301.0,1,0,2013-10-25,53,11,12,35,3,5,12,1,3,0,3,7,0,0,0,0,0,0,0,49,1,78,4303,0,40-49,3,-1.6437566100259753,0.02727827867666233
3859,1947,PhD,Together,73059.0,0,1,2013-08-31,36,410,112,420,0,82,71,1,9,3,13,4,0,0,0,0,0,0,0,78,1,1095,4358,0,70+,5,2.970886369624547,-0.7245626204993483
3570,1969,PhD,Together,42731.0,1,0,2013-10-21,64,159,2,51,6,2,24,3,4,1,5,5,0,0,0,0,0,0,0,56,1,244,4307,0,50-59,1,-0.5624225943730806,0.5204896838047385
3783,1959,PhD,Married,52854.0,1,1,2014-03-24,43,105,0,10,0,1,0,2,2,1,4,5,0,0,0,0,0,0,0,66,2,116,4153,0,60-69,1,-0.7746102506250357,0.23230565645224807
10207,1978,Graduation,Together,22775.0,1,0,2013-06-19,40,5,1,8,0,0,1,1,1,0,2,8,0,0,0,0,0,0,0,47,1,15,4431,0,40-49,0,-2.544388872351945,-0.29874781461307665
10906,1948,PhD,Together,46681.0,0,2,2013-10-08,52,269,15,69,15,19,38,2,4,6,4,5,0,0,0,0,0,0,0,77,2,425,4320,0,70+,1,-0.22805788847969605,0.3720616750999936
3427,1955,PhD,Married,59821.0,0,1,2013-04-12,11,629,0,70,0,0,35,6,11,2,7,8,0,0,0,0,0,0,0,70,1,734,4499,0,60-69,4,1.0886762126449359,-2.135225756684838
5209,1954,Graduation,Divorced,50002.0,0,1,2013-06-17,21,443,5,71,21,16,82,2,8,2,7,7,0,0,0,0,0,0,0,71,1,638,4433,0,70+,4,0.5933491940224022,-1.3900679526993147
10711,1945,Graduation,Married,69755.0,0,0,2013-10-02,23,217,77,373,111,23,93,1,3,6,12,1,0,0,0,0,0,0,0,80,0,894,4326,0,70+,5,2.2794397669380446,-0.07928026919468965
10785,1969,Graduation,Married,44078.0,1,1,2014-06-19,17,24,1,10,2,0,4,2,2,0,3,5,0,0,0,0,0,0,0,56,2,41,4066,0,50-59,0,-1.2776244625313355,-0.6616961912249189
2814,1976,Master,Together,30560.0,1,0,2013-06-27,6,9,1,5,4,5,7,1,1,0,3,7,0,0,0,0,0,0,0,49,1,31,4423,0,40-49,0,-2.0692534529773723,-1.2250729123813635
6866,1969,Master,Together,35924.0,1,1,2014-03-23,56,8,0,14,2,3,7,1,1,0,3,5,0,0,0,0,0,0,0,56,2,34,4154,0,50-59,1,-1.5595243061969617,0.6395547173251127
1665,1964,PhD,Divorced,64140.0,0,2,2013-09-23,71,1459,0,61,0,15,215,5,2,5,6,5,0,1,1,0,1,1,0,61,2,1750,4335,1,60-69,5,1.0531488130146902,0.975645856776506
6575,1981,Graduation,Together,56386.0,1,1,2012-10-27,51,230,48,214,13,32,75,8,9,1,7,9,0,0,0,0,0,0,0,44,2,612,4666,0,40-49,4,0.19482836243667814,-1.0403990658056657
3829,1979,Basic,Together,24594.0,1,0,2013-12-10,94,1,3,6,10,0,9,1,1,0,3,5,0,0,0,0,0,0,0,46,1,29,4257,0,40-49,3,-1.8890591670290144,1.6996259919819914
3091,1981,2n Cycle,Together,75774.0,1,0,2014-05-02,27,340,21,134,258,14,56,1,7,5,8,4,0,0,0,0,0,0,0,44,1,823,4114,0,40-49,2,1.3807984399077298,-0.9676183465675855
10141,1960,Master,Divorced,39228.0,0,0,2013-05-10,1,7,1,6,0,3,3,1,0,0,3,4,0,0,0,0,0,0,0,65,0,20,4471,0,60-69,0,-1.3925880394649328,-0.7488392185796369
5177,1974,Master,Married,58494.0,0,1,2013-12-12,56,298,7,68,4,0,19,2,6,2,6,6,0,0,0,0,0,0,0,51,1,396,4255,0,50-59,4,0.05664809133685879,-0.10372222541465911
7005,1981,Graduation,Single,58684.0,0,0,2014-06-16,71,479,35,179,28,7,85,1,5,3,12,2,0,0,0,1,0,0,0,44,0,813,4069,1,40-49,2,1.687605431916223,0.7151040896018055
6409,1967,Graduation,Divorced,57136.0,0,0,2013-05-18,18,267,140,599,34,12,127,1,7,5,7,6,0,0,0,0,0,1,0,58,0,1179,4463,1,50-59,4,1.0452818359412446,-1.3809470989351047
7485,1950,PhD,Widow,56551.0,1,1,2014-05-07,48,67,4,32,17,2,16,3,2,1,4,4,0,0,0,0,0,0,0,75,2,138,4109,0,70+,1,-0.4214542569556337,0.5969948046119297
8079,1982,Graduation,Married,22448.0,1,0,2014-02-26,86,3,1,8,23,2,18,3,2,1,3,3,0,0,0,0,0,0,0,43,1,55,4179,0,40-49,3,-1.5057207237489705,1.5431218331634668
8395,1961,Graduation,Single,82014.0,0,0,2012-08-20,48,980,37,265,35,163,31,1,3,6,12,6,0,0,0,0,0,1,0,64,0,1511,4734,1,60-69,5,2.072146780694658,-0.03344616547626308
10352,1963,Graduation,Widow,34213.0,1,1,2012-09-07,2,50,4,28,6,3,26,3,3,1,2,9,0,0,0,0,0,1,0,62,2,117,4716,1,60-69,0,-1.9583185843715096,-1.6504750512316162
4931,1977,Graduation,Together,157146.0,0,0,2013-04-29,13,1,0,1725,2,1,1,0,0,28,0,1,0,0,0,0,0,0,0,48,0,1730,4482,0,40-49,2,2.087649824521885,0.09996721687553457
13,1947,PhD,Widow,25358.0,0,1,2013-07-22,57,19,0,5,0,0,8,2,1,0,3,6,0,0,0,0,0,0,0,78,1,32,4398,0,70+,1,-1.645052522346929,0.7354589032326635
1834,1978,Master,Single,35544.0,1,0,2014-03-08,77,30,5,23,4,1,4,1,2,0,3,7,0,0,0,0,0,0,0,47,1,67,4169,0,40-49,3,-1.818188250107577,0.8611891315817086
2285,1954,Master,Together,36634.0,0,1,2013-05-28,0,213,9,76,4,3,30,3,5,2,5,7,0,0,0,0,0,0,0,71,1,335,4453,0,70+,1,-0.6090088017518933,-1.6863280251487422
2295,1954,PhD,Married,62670.0,0,1,2014-02-02,57,539,30,92,80,46,38,1,5,3,13,3,0,0,0,0,0,0,0,71,1,825,4203,0,70+,5,2.090579074303405,0.40072500944295725
1378,1972,2n Cycle,Together,50334.0,0,1,2013-07-24,24,284,16,160,84,16,134,6,7,4,6,6,0,0,0,0,0,0,0,53,1,694,4396,0,50-59,4,0.30316531317277795,-1.216172394826687
2781,1981,Graduation,Single,72066.0,0,0,2014-06-23,55,1003,34,536,134,51,34,1,4,6,6,2,1,0,0,0,1,1,0,44,0,1792,4062,1,40-49,2,1.7531322226992576,0.47033136471188686
1165,1958,PhD,Single,50729.0,1,1,2013-05-02,62,239,13,143,45,4,52,9,6,2,7,6,0,0,0,0,0,0,0,67,2,496,4479,0,60-69,4,0.33752139593444314,0.18709574032102178
1404,1968,Graduation,Together,34916.0,2,0,2013-05-15,89,51,23,82,33,0,42,4,5,1,3,9,0,0,0,0,0,0,0,57,2,231,4466,0,50-59,3,-1.47592799967093,0.758506175310842
6457,1976,Graduation,Divorced,64892.0,0,1,2014-05-29,77,527,24,230,32,24,65,2,6,4,12,4,0,0,0,0,0,0,0,49,1,902,4087,0,40-49,2,1.7670966153071828,0.6155417999639127
2639,1966,Graduation,Single,43602.0,1,1,2014-01-10,45,19,5,12,10,3,19,3,3,1,2,6,0,0,0,0,0,0,0,59,2,68,4226,0,50-59,1,-1.3867365482438536,0.03145462355488226
8299,1989,PhD,Single,33996.0,0,0,2013-09-11,46,40,2,15,8,0,6,1,1,1,3,4,0,0,0,0,0,0,0,36,0,71,4347,0,30-39,0,-1.6575123292992169,0.25330392239017663
6437,1985,2n Cycle,Single,41473.0,1,0,2013-06-19,80,21,8,20,15,3,9,1,2,0,3,7,0,0,0,0,0,0,0,40,1,76,4431,0,30-39,3,-1.7837117547687056,0.9018969243501419
6912,1967,PhD,Married,63246.0,0,2,2013-08-20,60,593,30,91,29,22,7,1,6,3,12,4,0,0,0,0,0,0,0,58,2,772,4369,0,50-59,5,1.7319505409287503,0.1729500815592837
7327,1959,PhD,Married,36732.0,1,1,2013-12-29,71,21,5,3,10,1,7,3,1,1,4,2,0,0,0,0,0,0,0,66,2,47,4238,0,60-69,1,-0.7999775859373718,1.528216271757088
5299,1970,PhD,Married,69084.0,1,0,2013-11-19,43,1181,107,199,39,30,30,2,7,3,13,8,0,0,0,0,0,0,0,55,1,1586,4278,0,50-59,4,2.15006089265165,-1.0003987712937286
4127,1967,PhD,Married,77766.0,0,1,2013-02-22,97,1004,59,265,115,59,27,2,11,10,11,6,0,0,1,0,0,1,0,58,1,1529,4548,1,50-59,4,2.8634092637673185,0.5729985967717458
8143,1985,PhD,Single,37929.0,0,0,2013-07-30,49,202,2,46,3,2,10,2,4,2,5,7,1,0,0,1,0,1,0,40,0,265,4390,1,30-39,0,-1.142057445998034,-0.3416478414906094
1964,1951,Graduation,Together,86610.0,0,0,2013-09-05,66,446,107,768,33,196,53,1,5,6,6,2,0,0,0,0,0,0,0,74,0,1603,4353,0,70+,5,2.369340378563166,1.0237889698918206
3690,1986,Master,Married,80141.0,0,0,2013-01-11,20,1184,102,673,52,40,40,1,7,4,10,6,0,0,0,0,1,1,0,39,0,2091,4590,1,30-39,2,2.452917156664233,-1.548741118624277
3433,1955,2n Cycle,Married,72635.0,0,0,2013-06-03,54,390,22,323,104,35,107,1,6,8,6,3,1,0,0,0,0,0,0,70,0,981,4447,1,60-69,5,1.5089435736777295,0.3767822193429175
3389,1970,Graduation,Married,69016.0,0,1,2012-11-22,61,726,53,363,123,107,161,4,8,9,13,5,0,0,0,0,0,0,0,55,1,1533,4640,0,50-59,4,2.7031903466925464,-0.19685454503825386
4712,1991,2n Cycle,Together,20193.0,0,0,2012-11-28,18,8,8,22,24,11,9,1,1,1,4,4,0,0,0,0,0,0,0,34,0,82,4634,0,30-39,0,-1.7939172175194211,-0.6908116685166663
1170,1975,Graduation,Married,27573.0,1,0,2013-03-25,45,50,15,110,39,15,15,4,5,1,4,8,0,0,0,0,0,0,0,50,1,244,4517,0,40-49,0,-1.4004536467338387,-0.5970771953082026
6347,1979,Basic,Single,15862.0,1,0,2013-06-27,26,1,1,4,11,9,10,1,1,0,3,8,0,0,0,0,0,0,0,46,1,36,4423,0,40-49,0,-2.526851830562469,-0.7835200423290349
4065,1976,PhD,Married,49544.0,1,0,2013-02-12,0,308,0,73,0,0,23,2,5,1,8,7,0,0,0,0,0,0,0,49,1,404,4558,0,40-49,0,-0.13916731653206643,-1.938468308538778
8230,1980,Graduation,Married,33228.0,1,0,2014-01-23,28,22,2,31,7,4,5,1,2,0,3,7,0,0,0,0,0,0,0,45,1,71,4213,0,40-49,0,-1.8956284141865973,-0.6839997370039054
1215,1978,Graduation,Together,70440.0,0,0,2013-10-08,49,690,117,499,76,102,88,1,5,10,7,3,1,0,0,0,0,0,0,47,0,1572,4320,1,40-49,2,1.6968040281082588,0.0653133528798265
5939,1971,Graduation,Together,38232.0,1,1,2014-01-17,84,43,5,28,7,6,33,4,3,1,3,5,0,0,0,0,0,0,0,54,2,122,4219,0,50-59,3,-1.193442939096706,1.274124835942957
2156,1955,PhD,Married,22554.0,1,1,2012-11-03,38,27,0,10,0,0,4,4,2,0,4,5,0,0,0,0,0,0,0,70,2,41,4659,0,60-69,1,-1.3604352122401613,0.047988477932011546
7788,1983,PhD,Married,23536.0,1,0,2014-06-04,53,6,0,3,0,0,1,1,0,0,3,3,0,0,0,0,0,0,0,42,1,10,4081,0,40-49,0,-1.8095835434784597,0.7314929858789289
10323,1952,Graduation,Married,49413.0,0,1,2013-10-25,88,205,7,41,3,2,46,2,4,2,5,5,0,0,0,0,0,0,0,73,1,304,4303,0,70+,1,-0.17229987184198015,1.4381014899552522
7947,1969,Graduation,Married,42231.0,1,1,2014-03-25,99,24,0,8,0,1,4,1,1,0,3,5,0,0,0,0,0,0,0,56,2,37,4152,0,50-59,3,-1.4270742496842281,1.9886160713529806
1891,1980,Master,Divorced,78789.0,0,0,2012-08-08,12,667,50,850,21,83,83,1,4,6,5,2,0,0,0,0,0,1,0,45,0,1754,4746,1,40-49,2,1.7027757542042423,-0.8140807834427406
2570,1968,Graduation,Together,56534.0,0,1,2013-07-23,35,691,7,61,10,0,46,4,10,4,7,8,0,1,0,1,0,1,0,57,1,815,4397,1,50-59,4,0.8099163385942177,-1.4134086054338981
9256,1971,Graduation,Single,58350.0,0,1,2013-01-04,5,493,26,206,116,80,80,4,8,3,12,6,0,0,0,0,0,0,0,54,1,1001,4597,0,50-59,4,1.7274883473014142,-2.0437110377341576
295,1989,Graduation,Single,81217.0,0,0,2013-07-19,77,493,70,324,146,40,84,1,3,7,11,1,0,0,0,0,0,0,0,36,0,1157,4401,0,30-39,2,2.0480383627408383,1.225759558887241
7397,1951,Graduation,Single,49090.0,0,1,2013-07-19,45,494,5,82,7,0,100,3,7,2,9,7,0,0,0,0,0,0,0,74,1,688,4401,0,70+,4,0.8200206218634821,-0.5603389449516403
6349,1987,Master,Divorced,61787.0,0,0,2013-07-06,71,621,73,414,78,48,85,1,8,4,6,5,0,0,0,0,0,0,0,38,0,1319,4414,0,30-39,2,1.1614012759014487,0.11514923218619459
10790,1985,PhD,Married,18169.0,1,0,2013-02-19,40,9,0,5,0,0,7,1,1,0,2,8,0,0,0,0,0,0,0,40,1,21,4551,0,30-39,0,-2.711450779874383,-0.3751194322114386
10398,1981,2n Cycle,Single,24336.0,1,0,2012-08-27,82,1,6,2,8,2,12,1,1,0,2,7,0,0,0,0,0,0,0,44,1,31,4727,0,40-49,3,-2.3732956868740365,1.0972467555086394
2431,1990,Graduation,Married,18222.0,0,0,2012-12-31,70,12,4,19,12,6,14,1,2,0,3,8,0,0,0,0,0,0,0,35,0,67,4601,0,30-39,3,-2.44630872044689,0.37441257810958845
550,1952,Graduation,Divorced,62335.0,0,1,2013-05-23,87,243,131,217,85,6,26,2,3,3,13,2,0,0,0,0,0,0,0,73,1,708,4458,0,70+,5,1.906214575331469,1.6894237819996882
1890,1971,2n Cycle,Together,42033.0,1,1,2012-09-19,95,11,1,4,2,0,7,1,1,0,2,7,0,0,0,0,0,0,0,54,2,25,4704,0,50-59,3,-1.9198917344299027,1.635181766390191
10742,1983,PhD,Married,86580.0,0,0,2013-02-27,72,532,21,127,26,20,20,0,4,2,5,1,0,0,0,0,1,0,0,42,0,746,4543,1,40-49,2,1.1325044384925975,1.1900136081689818
10356,1957,PhD,Divorced,41437.0,1,1,2012-09-22,5,29,0,2,0,0,1,1,1,0,3,7,0,0,0,0,0,0,0,68,2,32,4701,0,60-69,0,-1.632064045884051,-1.0531236893840903
4676,1951,Master,Widow,73705.0,0,2,2014-03-05,86,612,91,520,258,107,107,2,9,6,8,5,0,0,0,0,0,0,0,74,2,1695,4172,0,70+,5,2.570376506001423,0.7750306816751903
8852,1976,Graduation,Married,61064.0,0,1,2012-08-31,80,387,126,342,0,45,180,5,8,4,11,6,0,0,0,0,0,0,0,49,1,1080,4723,0,40-49,4,1.6579619703051585,0.26526941495568096
3565,1955,Master,Married,38452.0,1,1,2014-03-30,62,56,0,14,0,0,2,3,3,0,3,7,0,0,0,0,0,0,0,70,2,72,4147,0,60-69,1,-1.3496233822417647,0.5087051381488694
5294,1989,Graduation,Single,18358.0,1,0,2013-11-20,49,6,8,19,16,4,4,3,3,0,4,7,0,0,0,0,0,0,0,36,1,57,4277,0,30-39,3,-2.0130440206206046,-0.28337062571010696
1958,1973,PhD,Together,55012.0,0,1,2014-03-21,85,582,0,65,0,0,13,6,8,2,9,5,0,0,0,0,0,0,0,52,1,660,4156,0,50-59,4,1.0902486554366833,0.6152165263148741
7349,1973,Basic,Together,9722.0,1,0,2012-10-02,7,6,17,16,6,16,42,4,3,1,3,8,0,0,0,0,0,1,0,52,1,103,4691,1,50-59,0,-2.252064162193779,-1.5514221892694486
8799,1984,PhD,Married,38175.0,1,0,2013-09-23,6,70,6,69,2,3,3,3,3,1,4,7,0,0,0,0,0,0,0,41,1,153,4335,0,40-49,0,-1.5094480636102008,-1.5292771091855895
1351,1956,Master,Together,58656.0,0,1,2012-09-20,25,962,12,194,16,24,12,4,7,8,13,6,0,0,0,0,1,0,0,69,1,1220,4703,1,60-69,4,2.119225559378488,-1.2043129216208095
1045,1965,Graduation,Together,52117.0,0,1,2012-08-16,55,112,10,107,30,0,20,2,5,2,4,7,0,0,0,0,0,0,0,60,1,279,4738,0,50-59,1,-0.6305691296451137,-0.02064152988938716
7732,1978,Graduation,Married,64813.0,1,0,2014-01-02,81,293,0,124,179,97,52,1,7,2,10,5,0,0,0,0,0,0,0,47,1,745,4234,0,40-49,4,1.2972360965707572,0.5483521293695491
8070,1973,PhD,Married,54222.0,0,1,2014-03-01,98,199,12,31,3,12,7,1,3,3,5,3,0,0,0,0,0,0,0,52,1,264,4176,0,50-59,3,-0.19432664475734718,1.907748287993443
477,1986,Graduation,Married,83512.0,0,0,2014-06-17,31,1060,61,835,80,20,101,1,4,7,10,1,1,1,1,0,1,1,0,39,0,2157,4068,1,30-39,2,2.9458729202416256,-0.2877828789780951
7832,1959,Master,Married,77520.0,0,1,2013-08-28,30,940,44,396,0,88,58,1,8,7,7,4,1,0,1,0,1,1,0,66,1,1526,4361,1,60-69,5,2.2626815636666247,-0.7730339403184703
2202,1978,Graduation,Together,41154.0,0,1,2013-04-09,98,44,2,11,2,3,7,1,1,0,4,5,0,0,0,0,0,0,0,47,1,69,4502,0,40-49,3,-1.3847160735239183,1.8453019528452508
7396,1966,Graduation,Married,80398.0,0,0,2012-11-10,92,342,51,936,207,35,26,1,5,8,12,3,0,0,0,0,1,0,0,59,0,1597,4652,1,50-59,5,2.7918757521189588,1.4129316970232415
4055,1992,Basic,Single,18746.0,1,0,2014-05-29,41,2,10,11,12,9,20,2,3,0,3,6,0,0,0,0,0,0,0,33,1,64,4087,0,30-39,0,-2.030467136962402,-0.4174805858460052
10340,1984,Graduation,Together,35196.0,1,0,2012-11-13,68,75,12,141,43,39,187,6,6,1,5,8,0,0,0,0,0,0,0,41,1,497,4649,0,40-49,3,-0.8690247353351613,-0.0921585284332013
10091,1956,Graduation,Single,60230.0,0,1,2013-05-20,78,520,20,367,39,81,40,2,6,3,6,5,0,0,0,0,0,0,0,69,1,1067,4461,0,60-69,5,1.0343718514312115,0.8463192348096744
7629,1977,Graduation,Married,22108.0,1,1,2014-05-08,46,5,3,9,6,2,6,2,2,0,3,7,0,0,0,0,0,0,0,48,2,31,4108,0,40-49,0,-2.0972498752451103,-0.12115152142074133
10640,1974,Graduation,Together,44392.0,1,1,2013-09-05,71,87,5,71,7,12,29,5,4,1,4,7,0,0,0,0,0,0,0,51,2,211,4353,0,50-59,3,-1.0717114781260397,0.4853375199522253
3498,1976,PhD,Married,55424.0,0,1,2012-11-25,6,462,61,184,10,53,107,4,7,5,9,6,0,0,1,0,0,1,0,49,1,877,4637,1,40-49,4,0.9370080673806886,-1.8800144310837197
6742,1979,Graduation,Married,17688.0,1,0,2013-01-13,82,2,2,1,3,1,2,1,1,0,2,8,0,0,0,0,0,0,1,46,1,11,4588,0,40-49,3,-2.644696813793274,0.9841134021333554
1172,1983,PhD,Married,92491.0,0,0,2013-05-01,71,979,44,935,29,25,22,1,7,5,12,3,1,0,0,1,1,1,0,42,0,2034,4480,1,40-49,2,3.4403617336439165,0.3961960755529855
569,1991,Graduation,Single,90273.0,0,0,2013-12-14,32,704,129,853,120,74,111,1,5,6,7,2,1,0,0,1,1,1,0,34,0,1991,4253,1,30-39,2,2.413939724145401,-0.43598720967094645
4686,1962,PhD,Widow,82571.0,0,0,2014-04-02,28,861,31,558,62,95,79,0,6,5,13,2,0,0,0,0,1,0,0,63,0,1686,4144,1,60-69,5,3.3723051964365407,-0.5502225544073617
1381,1982,PhD,Single,38513.0,1,0,2014-01-28,20,172,3,115,16,0,18,5,6,1,5,8,0,0,0,0,0,1,0,43,1,324,4208,1,40-49,0,-0.9406047142065251,-1.5498564428650288
2634,1979,Master,Single,16653.0,1,0,2014-04-18,10,5,7,31,15,4,7,3,2,1,3,6,0,0,0,0,0,1,0,46,1,69,4128,1,40-49,0,-2.0478194709178714,-1.153750191961754
10905,1955,Graduation,Together,42586.0,1,1,2012-10-29,7,194,2,56,0,0,0,5,4,1,6,8,0,0,0,0,0,1,0,70,2,252,4664,1,60-69,1,-0.7182368782903116,-1.494648828841521
1744,1965,Basic,Single,23529.0,0,1,2013-01-07,67,9,7,13,3,2,20,1,1,1,2,6,0,0,0,0,0,0,0,60,1,54,4594,0,50-59,3,-2.0238206084411754,0.896443335984499
1000,1961,Master,Together,74881.0,1,1,2013-03-08,48,505,72,270,36,27,54,4,9,2,12,5,0,0,0,0,0,0,0,64,2,964,4534,0,60-69,4,2.427312549856028,-0.5677894803126556
3828,1951,Graduation,Married,71107.0,0,1,2013-02-17,61,533,10,217,198,174,195,2,7,6,13,4,0,0,0,0,0,0,0,74,1,1327,4553,0,70+,5,2.8219023897040003,0.2196019865378527
8605,1964,PhD,Together,46910.0,1,1,2014-03-23,36,48,0,14,0,0,6,2,2,0,3,6,0,0,0,0,0,0,0,61,2,68,4154,0,60-69,1,-1.2894337024304496,-0.13687982569175222
10304,1959,Graduation,Married,18690.0,0,0,2012-12-28,77,6,1,7,23,4,19,1,1,1,2,8,0,0,0,0,0,0,0,66,0,60,4604,0,60-69,3,-2.3416849968712325,1.017077774776614
4351,1955,Graduation,Divorced,37244.0,1,1,2013-04-27,90,18,2,10,0,0,25,1,1,1,2,7,0,0,1,0,0,0,0,70,2,55,4484,1,60-69,1,-1.7906916356437066,1.6180603432382752
10129,1966,Graduation,Together,82427.0,0,0,2014-03-12,35,482,147,509,104,107,107,1,3,5,12,1,0,0,0,0,1,0,0,59,0,1456,4165,1,50-59,5,2.7384498057274884,0.10592781128448855
2499,1958,2n Cycle,Single,75342.0,0,1,2013-05-06,38,204,97,97,21,118,26,1,5,2,10,4,0,0,0,0,0,0,0,67,1,563,4475,0,60-69,5,1.4631297805883967,-0.23309100761895665
10092,1954,Graduation,Divorced,70044.0,0,1,2013-02-18,46,1073,0,250,153,14,14,4,7,10,5,5,0,0,0,0,0,0,0,71,1,1504,4552,0,70+,5,1.5904929908957801,-0.2055390694148873
7500,1967,Graduation,Single,79146.0,1,1,2014-04-24,33,245,16,223,21,43,16,2,8,1,8,6,0,0,0,0,0,0,0,58,2,564,4122,0,50-59,4,1.2234126706732804,-0.9773141050308181
5796,1963,Graduation,Married,77437.0,0,0,2013-11-26,70,560,21,442,29,44,29,1,4,5,13,1,0,0,0,0,1,0,0,62,0,1125,4271,1,60-69,5,2.689839929353402,1.0871077203860324
10556,1959,Graduation,Married,54984.0,0,1,2014-05-24,51,173,13,131,32,3,6,4,6,1,6,7,1,0,0,0,0,0,0,66,1,358,4092,1,60-69,4,-0.013490631570139818,-0.24236090890013387
1064,1971,PhD,Married,42403.0,1,0,2013-12-11,18,22,1,11,0,5,3,1,1,0,3,8,0,0,0,0,0,0,0,54,1,42,4256,0,50-59,0,-1.9268339472920546,-0.896415114237879
48,1964,Graduation,Together,55761.0,0,1,2014-04-24,97,136,1,12,0,3,32,2,4,1,3,6,0,0,0,1,0,0,0,61,1,184,4122,1,60-69,3,-0.7435857495244717,1.5547796001937246
7610,1983,Graduation,Together,37292.0,1,0,2013-04-18,32,275,0,86,10,23,66,5,6,3,5,8,0,0,0,0,0,0,0,42,1,460,4493,0,40-49,0,-0.8579906654020336,-1.194198071610448
263,1945,PhD,Single,45576.0,0,0,2014-05-28,9,56,19,29,2,14,25,1,3,1,3,8,0,0,0,0,0,1,0,80,0,145,4088,1,70+,1,-1.199691933232741,-1.146312281811617
10814,1947,Graduation,Together,70321.0,0,0,2013-01-16,6,303,23,751,82,26,191,1,6,5,13,4,0,0,0,0,0,1,0,78,0,1376,4585,1,70+,5,2.7500877616862525,-1.3445779772606112
9710,1969,PhD,Divorced,58086.0,0,1,2013-01-20,80,708,7,62,0,0,15,2,11,3,7,8,0,0,0,0,0,0,0,56,1,792,4581,0,50-59,4,0.9520707490764123,-0.1306465011820776
9292,1952,Graduation,Married,81795.0,0,0,2012-10-26,74,324,132,693,27,118,88,1,4,11,7,2,0,0,0,0,0,0,0,73,0,1382,4667,0,70+,5,2.0953098174205618,1.344048026149077
10250,1947,Basic,Together,28389.0,0,0,2012-11-20,49,1,5,3,7,4,8,1,1,0,2,7,0,0,0,0,0,0,0,78,0,28,4642,0,70+,1,-1.8931320139602195,0.4011101106505245
7881,1946,Master,Married,66835.0,0,0,2013-09-28,21,620,26,195,34,17,141,1,6,4,13,2,0,0,0,0,0,0,0,79,0,1033,4330,0,70+,5,2.7191938778254503,-0.6309915486927337
5847,1969,Graduation,Divorced,69901.0,0,1,2013-05-29,95,312,21,206,102,92,149,3,7,3,10,5,0,0,0,0,0,0,0,56,1,882,4452,0,50-59,4,1.6220034877382716,1.0742473860559392
737,1949,PhD,Married,80360.0,0,0,2013-03-03,56,1493,86,454,112,43,43,2,4,4,5,2,1,0,0,1,1,0,0,76,0,2231,4539,1,70+,5,2.5244299620589223,0.8296630565646174
3571,1961,PhD,Together,63342.0,0,1,2012-10-16,48,918,21,118,13,10,21,3,8,3,5,6,0,0,0,1,0,1,0,64,1,1101,4677,1,60-69,4,1.0186133488661213,-0.437011275798991
7807,1974,Graduation,Married,44989.0,0,1,2012-09-12,26,98,0,106,49,10,106,5,5,1,5,6,0,0,0,0,0,0,0,51,1,369,4711,0,50-59,0,-0.506624903016116,-0.9315179296024895
3878,1980,2n Cycle,Single,31859.0,1,0,2014-02-27,3,3,4,7,15,8,11,1,1,0,3,7,0,0,0,0,0,0,0,45,1,48,4178,0,40-49,0,-2.0800958254117323,-1.3533248224106353
5092,1949,PhD,Widow,51569.0,0,1,2013-02-12,39,380,0,47,6,0,34,4,7,1,7,8,0,0,0,1,0,1,0,76,1,467,4558,1,70+,4,0.2577723298961386,-0.7833520171337979
2154,1971,Graduation,Widow,30372.0,1,1,2012-12-25,33,15,0,12,7,3,7,3,2,0,3,7,0,0,0,0,0,0,0,54,2,44,4607,0,50-59,0,-1.8609505042922954,-0.4499881523653943
5394,1979,Basic,Single,16014.0,1,1,2013-03-17,42,3,9,4,7,8,7,4,1,1,4,3,0,0,0,0,0,0,0,46,2,38,4525,0,40-49,0,-1.6030022658996637,0.2760672863562402
3798,1968,Graduation,Married,41120.0,1,1,2013-11-06,80,24,2,23,0,8,24,3,2,1,3,6,0,0,0,0,0,0,0,57,2,81,4291,0,50-59,3,-1.4247373054453878,1.1777401897392294
3524,1971,Master,Single,39763.0,1,0,2013-08-04,9,80,1,60,4,6,16,2,5,1,2,9,0,0,0,0,0,1,0,54,1,167,4385,1,50-59,0,-1.6420137589886303,-1.7153255226785606
5247,1955,PhD,Married,38725.0,1,1,2014-05-10,52,31,0,6,2,1,5,2,1,0,4,4,0,0,0,0,0,0,0,70,2,45,4106,0,60-69,1,-1.0280396283593556,0.7457843679226906
5883,1972,Graduation,Married,77981.0,1,0,2013-05-26,78,138,120,204,16,126,60,3,7,4,7,5,0,0,0,0,0,0,0,53,1,664,4455,0,50-59,4,1.1118460412319906,0.6172878614949554
2118,1964,2n Cycle,Married,62905.0,0,1,2013-09-10,68,166,75,96,119,107,59,3,7,2,8,4,0,0,0,0,0,0,0,61,1,622,4348,0,60-69,4,1.1874618635730065,0.4419948043399298
8812,1979,2n Cycle,Divorced,13533.0,1,0,2013-03-10,45,12,3,8,8,0,17,2,2,0,3,7,0,0,0,0,0,0,0,46,1,48,4532,0,40-49,0,-2.2689404800653152,-0.19111528771770386
6616,1975,Graduation,Together,59481.0,0,1,2013-10-23,47,178,3,85,71,66,58,2,3,3,8,2,0,0,0,0,0,0,0,50,1,461,4305,0,40-49,2,0.6241491667596497,0.3556102104499821
2797,1977,Graduation,Married,72117.0,0,1,2013-08-20,34,707,20,171,65,60,50,1,9,7,9,5,0,0,0,0,0,0,0,48,1,1073,4369,0,40-49,4,1.8308813019063754,-1.089526540206084
4328,1986,2n Cycle,Married,21955.0,1,0,2013-09-07,81,5,1,7,17,14,11,2,2,1,3,6,0,0,0,0,0,0,0,39,1,55,4351,0,30-39,3,-2.026740727026232,0.9970989698031325
9167,1956,Graduation,Married,67131.0,0,1,2013-03-26,72,465,71,250,93,35,62,3,9,2,12,6,0,0,0,0,0,0,0,69,1,976,4516,0,60-69,4,2.205056777686302,0.08857942001911474
10560,1980,PhD,Single,36802.0,1,0,2014-06-16,23,16,1,2,0,0,1,1,1,0,3,5,0,0,0,0,0,0,0,45,1,20,4069,0,40-49,0,-1.697726428810011,-0.4854700004757622
2631,1982,Graduation,Together,71853.0,0,0,2013-05-08,29,358,108,413,141,97,32,1,2,8,6,1,0,0,0,0,0,0,0,43,0,1149,4473,0,40-49,2,1.0763381449037046,0.010929484202194585
8312,1961,Basic,Married,28249.0,0,0,2014-06-15,80,1,9,7,2,14,10,1,2,0,3,6,0,0,0,0,0,0,0,64,0,43,4070,0,60-69,1,-1.6134969716756749,1.2152963287557759
5534,1975,Master,Married,47808.0,0,1,2013-10-20,30,123,1,26,2,0,72,2,3,2,3,7,0,0,1,0,0,0,0,50,1,224,4308,1,40-49,0,-1.29796562405563,-0.6560154479820182
5093,1974,PhD,Divorced,25509.0,1,0,2012-09-18,15,40,3,30,10,7,11,3,3,0,3,9,0,0,0,0,0,1,0,51,1,101,4705,1,50-59,0,-2.1206884027107282,-1.393743529706275
7592,1946,PhD,Married,51012.0,0,0,2013-04-18,86,102,9,63,2,9,24,1,4,1,4,6,0,0,0,0,0,0,0,79,0,209,4493,0,70+,1,-0.4492256149090198,1.346118946382031
8895,1985,Graduation,Single,70596.0,0,0,2012-10-05,68,347,44,534,17,0,26,1,3,5,12,2,0,0,0,0,0,0,0,40,0,968,4688,0,30-39,2,1.72724238568859,0.8244264605804003
8584,1952,PhD,Together,85431.0,0,0,2013-06-08,54,376,53,462,168,53,53,1,2,7,7,0,0,0,0,0,0,0,0,73,0,1165,4442,0,70+,5,2.017728048362623,1.1918367248924935
2694,1967,Graduation,Married,42664.0,0,1,2014-03-18,44,21,0,3,0,0,0,1,1,0,3,6,0,0,0,0,0,0,0,58,1,24,4159,0,50-59,1,-1.5737284479834537,0.1841620433680944
8910,1955,Graduation,Together,42586.0,1,1,2012-10-29,7,194,2,56,0,0,0,5,4,1,6,8,0,0,0,0,0,1,0,70,2,252,4664,1,60-69,1,-0.7182368782903116,-1.494648828841521
7433,1985,Graduation,Single,29760.0,1,0,2012-08-29,87,64,4,68,7,5,17,4,3,1,4,8,0,0,0,0,0,0,0,40,1,165,4725,0,30-39,3,-1.8025509029225308,0.8386382350191111
164,1977,PhD,Married,28973.0,0,0,2012-10-13,59,206,0,46,3,2,12,2,5,1,5,8,0,0,0,0,0,0,0,48,0,269,4680,0,40-49,3,-1.2280111376677885,-0.2032333847866232
10477,1973,PhD,Together,39435.0,1,0,2013-08-06,16,71,0,18,0,0,13,1,3,1,2,7,0,0,0,0,0,0,0,52,1,102,4383,0,50-59,0,-1.6833877076675812,-1.0624557718507874
2681,1984,2n Cycle,Married,65370.0,0,0,2013-08-01,1,71,22,112,138,89,29,1,2,3,13,1,0,0,0,0,0,0,0,41,0,461,4388,0,40-49,2,1.363024903276574,-1.0383612744931467
5150,1979,Basic,Single,20194.0,1,0,2012-12-17,64,0,4,7,11,10,15,2,2,0,3,6,0,0,0,0,0,0,0,46,1,47,4615,0,40-49,3,-1.9856126302997306,0.5313024154431795
5283,1976,PhD,Single,42473.0,1,1,2014-02-17,72,93,1,21,0,4,25,3,2,1,4,5,0,0,0,0,0,0,0,49,2,144,4188,0,40-49,3,-1.1462771971896057,0.9483967574768012
9645,1968,Graduation,Married,64590.0,0,0,2012-10-14,98,920,138,168,36,46,30,1,9,4,10,6,0,0,0,0,0,0,0,57,0,1338,4679,0,50-59,4,2.031189173319884,0.8135082788114499
10678,1959,Graduation,Together,71232.0,0,1,2013-11-28,91,653,17,170,34,26,17,2,11,2,10,7,0,0,0,0,0,0,0,66,1,917,4269,0,60-69,4,2.0209605225944096,0.3747736192837499
7261,1971,Graduation,Together,34600.0,1,1,2013-01-01,8,199,33,60,8,3,15,5,5,2,5,8,0,0,0,0,0,1,0,54,2,318,4600,1,50-59,0,-1.0209203304967722,-1.7188833668766446
9648,1967,Graduation,Single,46904.0,1,1,2012-11-03,20,153,4,56,0,9,31,4,5,1,4,8,0,0,0,0,0,0,0,58,2,253,4659,0,50-59,0,-0.9380159730233166,-1.2542372146005243
2870,1973,Graduation,Married,49094.0,0,1,2012-09-21,6,376,0,38,11,8,69,5,6,3,6,6,0,0,0,0,0,0,0,52,1,502,4702,0,50-59,4,-0.031728909577461224,-1.671495732260313
8008,1983,Graduation,Together,36075.0,1,0,2013-12-09,54,46,0,30,12,1,30,1,2,0,4,6,0,0,0,0,0,0,0,42,1,119,4258,0,40-49,3,-1.5317692509958072,0.1928660227982753
1513,1979,2n Cycle,Together,60839.0,1,1,2012-08-28,72,600,21,128,223,150,128,13,2,2,12,8,0,0,0,0,0,0,0,46,2,1250,4726,0,40-49,2,0.799707259901371,0.3775763700521471
6173,1979,Graduation,Together,77298.0,0,1,2013-11-02,46,425,115,292,23,35,79,1,6,6,11,3,0,0,0,0,0,0,0,46,1,969,4295,0,40-49,2,2.020368153630621,-0.20712219343658334
1419,1950,Graduation,Together,34026.0,1,1,2013-08-05,11,18,6,15,12,8,17,3,2,1,3,5,0,0,0,0,0,0,0,75,2,76,4384,0,70+,1,-1.2068747125589037,-0.6939152937156641
9150,1963,PhD,Single,48918.0,1,1,2014-04-12,21,52,0,9,0,0,1,2,1,0,4,4,0,0,0,0,0,0,0,62,2,62,4134,0,60-69,1,-0.9276910170266227,-0.2688145013911887
7960,1962,2n Cycle,Together,82122.0,0,0,2013-08-15,89,734,22,350,151,25,100,1,3,9,13,1,0,0,0,0,1,0,0,63,0,1382,4374,1,60-69,5,2.87905994603599,1.7971809577978881
1250,1976,Graduation,Single,37697.0,1,0,2014-02-07,82,34,6,21,11,4,8,1,2,1,3,6,0,0,0,0,0,0,0,49,1,84,4198,0,40-49,3,-1.5837539011052082,1.156876991823765
9905,1952,Graduation,Together,34074.0,1,1,2013-07-13,69,135,1,41,10,1,67,5,3,3,3,6,0,0,1,0,0,0,0,73,2,255,4407,1,70+,1,-1.0853955171142702,0.8552419777445881
10691,1960,Master,Married,28520.0,1,1,2013-06-14,55,11,0,10,0,2,20,1,1,1,2,6,0,0,0,0,0,0,0,65,2,43,4436,0,60-69,1,-1.881285022365389,0.5826182442700648
7002,1955,Graduation,Single,62535.0,0,1,2013-10-03,13,163,48,90,0,45,52,1,3,2,8,3,0,0,0,0,0,0,0,70,1,398,4325,0,60-69,5,0.7098928460089585,-0.6204768660997612
2952,1977,Master,Single,36273.0,1,0,2014-04-16,80,29,3,30,3,2,9,2,3,0,3,6,0,0,0,0,0,0,0,48,1,76,4130,0,40-49,3,-1.4972455044943564,0.9734036005098047
8439,1964,Graduation,Together,63404.0,0,2,2014-06-06,97,734,26,70,11,44,17,2,6,3,4,4,1,0,0,0,0,0,0,61,2,902,4079,1,60-69,5,0.7246106171449158,1.5400010741409604
762,1981,2n Cycle,Together,75774.0,1,0,2014-05-02,27,340,21,134,258,14,56,1,7,5,8,4,0,0,0,0,0,0,0,44,1,823,4114,0,40-49,2,1.3807984399077298,-0.9676183465675855
2831,1976,Graduation,Together,78416.0,0,1,2014-06-27,99,453,38,279,188,38,183,2,7,7,10,3,0,0,0,0,0,0,0,49,1,1179,4058,0,40-49,2,2.2559375370494195,1.3768068078382436
6977,1974,Graduation,Together,75702.0,0,1,2012-10-14,87,1073,0,629,145,37,37,1,10,5,13,6,0,0,0,0,1,0,0,51,1,1921,4679,1,50-59,4,3.225758980565851,0.2391891030463554
6289,1951,Master,Together,59385.0,1,1,2013-04-28,85,135,0,10,0,4,36,2,3,1,4,5,0,0,0,0,0,0,0,74,2,185,4483,0,70+,1,-0.35212473152182067,1.5145620711279086
4168,1966,Graduation,Single,37070.0,1,1,2013-03-20,30,231,7,137,4,15,39,9,5,1,8,7,0,0,0,0,0,1,0,59,2,433,4522,1,50-59,4,-0.21949984644594558,-0.9429417883237108
8397,1951,Graduation,Married,44689.0,1,1,2014-01-10,82,18,0,5,0,0,11,2,1,1,2,7,0,0,1,0,0,0,0,74,2,34,4226,1,70+,1,-1.6215740648328063,1.42496840924082
9284,1958,Graduation,Together,53977.0,0,1,2013-06-08,21,620,16,165,0,24,82,5,5,5,12,5,0,0,0,0,0,0,0,67,1,907,4442,0,60-69,5,1.4843818311435835,-0.9874015796035573
6237,1966,PhD,Single,7144.0,0,2,2013-12-07,92,81,4,33,5,2,291,0,23,1,1,0,0,0,0,0,0,0,0,59,2,416,4260,0,50-59,4,1.6659442499576675,-0.05686691724319892
3130,1964,Graduation,Single,18701.0,1,1,2013-06-04,95,12,4,2,10,6,10,4,2,0,4,5,0,0,0,0,0,0,0,61,2,44,4446,0,60-69,3,-1.5253612970237964,1.7240170270000936
1619,1956,Graduation,Married,90369.0,0,0,2014-04-28,2,292,51,981,224,23,17,1,4,6,6,1,0,0,0,0,0,1,0,69,0,1588,4118,1,60-69,5,2.370730681283399,-0.774193436149621
1990,1974,PhD,Single,63159.0,0,0,2012-11-05,74,965,34,586,89,86,37,1,3,5,8,3,0,0,1,0,0,0,0,51,0,1797,4657,1,50-59,2,1.6850886312809041,1.0482600541671825
5513,1966,Graduation,Together,37758.0,1,1,2012-10-04,49,27,2,10,0,0,1,2,1,0,3,8,0,0,0,0,0,0,0,59,2,40,4689,0,50-59,3,-1.94677007903782,0.10220513607475311
269,1963,PhD,Single,46757.0,0,1,2012-11-16,71,777,30,163,0,51,122,6,4,4,7,9,0,0,0,0,0,0,0,62,1,1143,4646,0,60-69,4,0.022402296152037975,0.2541948296540088
8093,1969,Master,Married,79734.0,0,0,2014-06-28,72,572,8,232,23,62,17,1,4,3,6,1,1,0,0,0,0,0,0,56,0,914,4057,1,50-59,2,1.4620123419106463,1.275595317750231
10513,1992,Graduation,Together,63207.0,0,0,2013-01-20,68,438,169,565,91,169,70,1,2,3,6,7,1,0,0,0,0,0,0,33,0,1502,4581,1,30-39,2,0.17617401677098432,0.3915281352375273
10177,1954,Graduation,Divorced,72071.0,0,1,2013-02-14,4,531,69,300,150,138,150,3,5,4,8,2,0,0,0,0,0,0,0,71,1,1338,4556,0,70+,5,2.1110756872686087,-1.0016203527148535
2549,1983,PhD,Together,21840.0,1,0,2013-07-21,80,17,0,9,0,0,1,1,1,0,3,9,0,0,0,0,0,0,0,42,1,27,4399,0,40-49,3,-2.610530524964436,0.7517463780292866
5782,1982,2n Cycle,Together,58582.0,0,1,2013-09-28,15,402,35,106,101,77,42,2,9,2,9,5,0,0,0,1,0,0,0,43,1,763,4330,1,40-49,4,1.2488502919722075,-1.7464692268992872
10057,1951,Graduation,Single,72282.0,0,0,2013-07-19,70,503,27,419,90,139,153,1,5,7,9,7,0,0,0,0,0,1,0,74,0,1331,4401,1,70+,5,1.5394708724707038,0.4646591543814836
10307,1956,Graduation,Married,50387.0,0,2,2013-08-31,91,369,9,87,12,14,34,3,6,2,8,5,0,0,0,0,0,0,0,69,2,525,4358,0,60-69,4,0.6871827838416188,1.197343808724998
8566,1961,PhD,Together,32583.0,1,1,2014-06-15,10,5,0,3,0,0,1,1,1,0,2,7,0,0,0,0,0,0,0,64,2,9,4070,0,60-69,0,-2.0113494749211274,-0.9305500292255731
2415,1962,Graduation,Together,62568.0,0,1,2014-04-07,99,362,17,398,80,35,61,3,5,3,5,4,1,0,0,0,0,0,0,63,1,953,4139,1,60-69,5,0.7898148408773149,1.701903170575413
5684,1971,Master,Divorced,44635.0,1,1,2013-10-11,25,56,0,9,0,0,3,2,2,0,3,7,0,0,0,0,0,0,0,54,2,68,4317,0,50-59,0,-1.5744403451476536,-0.6665657628198882
8334,1971,Master,Single,33316.0,1,1,2013-10-04,34,79,1,31,4,4,12,3,2,1,4,6,0,0,0,0,0,0,0,54,2,131,4324,0,50-59,0,-1.4323038156134698,-0.3221282894592557
9166,1968,Graduation,Married,63967.0,0,1,2013-08-09,57,387,84,141,73,35,162,3,4,4,12,2,0,0,0,0,0,0,0,57,1,882,4380,0,50-59,5,1.8674419191394083,0.5211796672174859
1440,1978,2n Cycle,Together,52513.0,0,0,2012-09-04,84,367,17,241,104,188,232,2,9,5,9,7,0,0,0,0,0,0,0,47,0,1149,4719,0,40-49,4,1.219226208285457,0.17097725053041282
78,1969,Graduation,Married,25293.0,1,0,2013-09-15,51,15,0,11,0,2,9,1,1,1,2,8,0,0,0,0,0,0,0,56,1,37,4343,0,50-59,3,-2.365715116700577,0.13210114499626446
5441,1965,PhD,Widow,54111.0,0,1,2013-08-25,97,267,6,54,8,3,50,2,5,2,6,5,0,0,0,0,0,0,0,60,1,388,4364,0,50-59,1,0.10912131013289185,1.4700531652041204
5302,1986,Graduation,Together,78394.0,0,0,2013-02-15,13,298,27,697,216,24,166,1,4,6,5,2,0,0,0,0,0,1,0,39,0,1428,4555,1,30-39,2,1.347519818665979,-0.8290249895690013
4687,1958,Master,Married,80739.0,0,0,2013-05-23,92,674,92,736,39,0,92,1,3,11,9,1,0,0,0,0,0,0,0,67,0,1633,4458,0,60-69,5,2.5311553689693236,2.0132962805667534
1087,1975,Master,Together,22669.0,1,0,2013-05-22,30,16,14,36,37,22,48,3,4,1,2,9,0,0,0,0,0,1,0,50,1,173,4459,1,40-49,0,-2.1347074113711892,-1.0311869439636585
6859,1987,Graduation,Single,29236.0,1,0,2013-10-08,30,37,4,24,16,9,9,2,4,0,3,9,0,0,0,0,0,0,0,38,1,99,4320,0,30-39,0,-2.074247805809459,-1.1505002671447577
9860,1959,Graduation,Together,44911.0,0,1,2013-03-15,11,159,0,22,2,1,31,3,4,1,4,7,0,0,0,0,0,0,0,66,1,215,4527,0,60-69,1,-0.8911537329863198,-1.235399523476748
7129,1962,PhD,Married,54693.0,0,1,2013-02-17,72,686,17,142,23,26,35,8,6,4,13,6,0,0,0,0,0,0,0,63,1,929,4553,0,60-69,4,1.6055989655434153,0.3083126685709735
5866,1974,Graduation,Together,48186.0,1,0,2014-03-20,39,97,3,66,12,7,34,3,4,1,4,7,0,0,0,0,0,0,0,51,1,219,4157,0,50-59,0,-1.0019517212910563,-0.4995825271714149
10521,1977,Graduation,Married,54809.0,1,1,2013-09-11,0,63,6,57,13,13,22,4,2,1,5,4,0,0,0,0,0,1,0,48,2,174,4347,1,40-49,0,-0.6202732795097364,-1.1757054029246667
7393,1978,Graduation,Together,41580.0,1,1,2012-12-10,15,56,5,24,4,0,3,3,2,1,3,5,0,0,0,0,0,0,0,47,2,92,4622,0,40-49,0,-1.3920237530615658,-0.8156357261894258
7849,1970,PhD,Married,80336.0,0,0,2013-09-09,12,209,19,456,160,142,66,1,2,9,13,1,0,0,0,0,0,0,0,55,0,1052,4349,0,50-59,2,2.31665931535021,-0.5517166787645156
332,1957,Graduation,Married,47743.0,0,1,2013-03-22,56,198,2,43,0,12,20,3,4,1,6,6,0,0,0,1,0,0,0,68,1,275,4520,1,60-69,1,-0.3056733641912459,0.25337598176269366
9847,1955,2n Cycle,Married,62972.0,0,1,2012-08-03,39,313,15,47,20,0,192,2,7,4,3,6,0,0,0,0,0,0,0,70,1,587,4751,0,60-69,4,0.224878467737356,-0.48565887961811227
531,1954,PhD,Divorced,57333.0,0,1,2012-09-22,55,941,14,397,76,58,176,11,8,5,9,6,0,0,0,0,0,1,0,71,1,1662,4701,1,70+,4,2.04890062845377,-0.284300612775116
9576,1982,PhD,Together,32313.0,1,0,2013-02-11,60,86,4,56,2,4,7,3,4,0,4,9,0,0,0,0,0,0,0,43,1,159,4559,0,40-49,3,-1.7511033491079329,-0.19172568276803864
6906,1953,Master,Widow,84953.0,0,0,2013-06-03,73,167,48,602,63,72,72,1,3,10,4,2,1,0,0,1,1,1,0,72,0,1024,4447,1,70+,5,1.2703362180965108,1.5050984925724187
7419,1968,Master,Divorced,27071.0,1,0,2014-04-23,90,8,3,19,0,2,3,2,2,0,3,6,0,0,0,0,0,0,0,57,1,35,4123,0,50-59,3,-1.725245020529921,1.4576432657365783
3170,1957,Master,Together,68148.0,0,0,2013-08-31,86,389,66,408,37,57,85,1,4,4,6,2,0,0,0,0,0,0,0,68,0,1042,4358,0,60-69,5,1.3482129991491638,1.6744608186458105
8527,1965,Master,Together,65735.0,1,1,2013-12-07,37,239,7,119,4,15,11,5,6,2,6,7,0,0,0,0,0,0,0,60,2,395,4260,0,50-59,4,0.14308163193322337,-0.7099194308397505
7872,1975,PhD,Married,86836.0,0,0,2012-09-12,7,179,21,273,0,21,63,1,6,10,6,5,1,0,1,0,1,1,0,50,0,557,4711,1,40-49,4,0.8544992197797304,-1.457510797320328
9931,1963,PhD,Married,4023.0,1,1,2014-06-23,29,5,0,1,1,1,1,15,0,0,0,19,0,0,0,0,0,0,0,62,2,9,4062,0,60-69,0,-4.8389222676621015,-1.675810995441503
10595,1990,Graduation,Married,30093.0,0,0,2013-07-08,19,2,6,28,13,4,16,1,2,0,3,7,0,0,0,0,0,0,0,35,0,69,4412,0,30-39,0,-2.0807348425735324,-1.0642402268427391
4609,1966,PhD,Married,57705.0,0,1,2014-01-11,14,383,0,53,6,4,40,3,8,1,6,6,0,0,0,0,0,0,0,59,1,486,4225,0,50-59,4,0.4699078675446404,-1.5553785731163339
5010,1988,Graduation,Single,25008.0,1,0,2014-02-02,72,2,8,8,6,1,9,2,1,0,3,8,0,0,0,0,0,0,0,37,1,34,4203,0,30-39,3,-2.45428459049451,0.5809164150088141
4427,1995,2n Cycle,Single,83257.0,0,0,2012-09-18,56,536,27,590,38,107,67,1,5,10,12,6,0,0,1,0,1,1,1,30,0,1365,4705,1,18-29,2,1.8250299961110932,-0.31419745705834146
11148,1975,Graduation,Together,22280.0,1,0,2013-05-19,85,2,1,4,3,1,2,1,1,0,2,8,0,0,0,0,0,0,0,50,1,13,4462,0,40-49,3,-2.506992430597209,1.1251670822854387
1168,1978,PhD,Married,72159.0,0,0,2012-10-29,62,322,53,899,34,40,53,1,4,6,10,2,0,0,0,0,0,0,0,47,0,1401,4664,0,40-49,2,2.0468066292135867,0.6321297219404529
9595,1961,Graduation,Together,64260.0,0,0,2013-01-11,1,539,169,816,20,0,30,1,4,5,4,3,0,0,0,0,0,1,0,64,0,1574,4590,1,60-69,5,1.2070757213709542,-1.0974326703284452
10163,1984,PhD,Single,82733.0,0,0,2013-09-10,28,712,50,420,65,38,38,1,8,4,7,4,0,0,0,0,0,1,0,41,0,1323,4348,1,40-49,2,1.8839078028294212,-1.0506978194031305
2886,1971,Master,Divorced,74290.0,0,1,2013-08-12,70,1121,0,72,0,12,12,4,10,8,10,6,1,0,0,1,0,0,0,54,1,1217,4377,1,50-59,4,2.200520583422192,-0.16650397977390538
6710,1951,Master,Single,58217.0,2,1,2012-11-17,84,68,1,13,3,5,13,1,2,0,4,6,0,0,0,0,0,0,0,74,3,103,4645,0,70+,1,-0.730140112421569,1.4753097523816971
5316,1976,Master,Together,21024.0,0,0,2013-07-04,89,36,4,18,6,2,18,1,2,0,4,7,0,0,0,0,0,0,0,49,0,84,4416,0,40-49,3,-1.9037295821750881,1.19438033411579
9029,1972,PhD,Married,70116.0,0,0,2013-01-26,73,707,44,603,95,58,29,1,2,8,12,1,0,0,0,0,0,0,0,53,0,1536,4575,0,50-59,2,2.3781706117010235,1.3073904422752827
521,1985,Graduation,Together,54006.0,1,0,2012-09-18,42,174,77,203,6,24,97,2,8,1,7,7,0,0,0,0,0,0,0,40,1,581,4705,0,30-39,4,0.24768461335231842,-1.0178292997201825
1459,1966,PhD,Married,69063.0,0,1,2012-11-07,16,666,35,124,69,8,26,1,5,3,5,3,0,0,0,0,0,0,0,59,1,928,4655,0,50-59,5,0.9742692003130641,-0.7789233519491008
10241,1975,2n Cycle,Divorced,11448.0,0,0,2013-12-15,16,0,0,0,6,2,6,1,1,0,2,6,0,0,0,0,0,0,0,50,0,14,4252,0,40-49,0,-2.4202775333392137,-0.8066435315594067
1630,1979,Graduation,Single,61825.0,0,1,2013-08-07,56,162,50,100,55,30,27,1,4,2,8,4,0,0,0,0,0,0,0,46,1,424,4382,0,40-49,2,0.41562472159175406,0.2602666042650136
3254,1971,Graduation,Married,70886.0,1,0,2013-10-14,65,407,70,239,103,88,53,1,5,4,4,2,0,0,0,0,0,0,0,54,1,960,4314,0,50-59,2,0.9954200271046634,0.8399636640735981
9064,1982,Graduation,Married,69109.0,0,0,2012-11-09,10,823,25,459,124,29,95,1,6,6,7,4,0,0,0,0,1,1,0,43,0,1555,4653,1,40-49,2,1.5773031670888384,-1.4116813222290872
3678,1973,Graduation,Widow,60208.0,1,1,2012-10-07,13,488,23,71,15,0,59,11,8,3,7,7,0,0,0,1,0,1,0,52,2,656,4686,1,50-59,4,0.5665167048668954,-1.793888861258604
4227,1968,Master,Together,32889.0,1,1,2013-09-06,78,28,0,13,4,2,8,3,2,1,3,5,0,0,0,0,0,0,0,57,2,55,4352,0,50-59,3,-1.44818480149131,1.2151459746406488
9467,1984,Graduation,Single,34738.0,1,0,2014-05-11,51,3,2,10,3,0,2,1,1,0,3,6,0,0,0,0,0,0,0,41,1,20,4105,0,40-49,3,-1.9319362789689318,0.2240570194536917
8486,1971,Master,Together,30538.0,1,0,2012-10-01,27,284,0,52,8,3,20,4,9,0,4,10,0,0,0,0,0,0,0,54,1,367,4692,0,50-59,4,-0.9734717216155597,-1.7866804996591374
2186,1977,2n Cycle,Together,82326.0,0,0,2014-03-10,30,938,142,754,159,81,183,1,5,10,6,2,1,0,0,1,1,1,0,48,0,2257,4167,1,40-49,2,2.513274738200944,-0.3697389787139769
3286,1967,PhD,Divorced,26642.0,1,0,2014-03-01,71,13,2,15,2,2,8,2,2,0,3,6,0,0,0,0,0,0,0,58,1,42,4176,0,50-59,3,-1.7201785230429594,0.876023530459175
8602,1964,Graduation,Divorced,69932.0,0,1,2013-06-12,97,412,172,153,150,105,57,2,7,6,11,4,0,0,0,0,0,0,0,61,1,1049,4438,0,60-69,5,2.1245855102773183,1.2706411549645722
3722,1972,Graduation,Single,44503.0,1,1,2014-04-16,83,31,1,8,0,0,8,2,2,0,3,6,0,0,0,0,0,0,0,53,2,48,4130,0,50-59,3,-1.4369509749617124,1.242208888746739
6715,1948,PhD,Single,60200.0,0,1,2013-01-02,3,502,19,132,0,6,26,6,6,2,11,6,0,0,0,0,0,0,0,77,1,685,4599,0,70+,4,1.364814365974862,-1.6326449072739344
4796,1952,Graduation,Divorced,49638.0,0,1,2014-04-19,71,18,10,3,3,5,0,1,1,0,3,2,0,0,0,0,0,0,0,73,1,39,4127,0,70+,1,-0.6242075376427269,1.6479244840782916
9612,1987,2n Cycle,Single,23830.0,0,0,2014-02-07,3,1,8,6,4,8,16,1,1,0,3,7,0,0,0,0,0,0,0,38,0,43,4198,0,30-39,0,-2.3208378721426532,-1.4371363579585286
3766,1959,Master,Widow,33051.0,0,0,2012-08-16,15,100,71,243,108,94,219,3,9,1,8,9,0,0,0,0,0,1,0,66,0,835,4738,1,60-69,4,0.34869537263429823,-2.036810714407596
1399,1958,Graduation,Married,72905.0,0,0,2014-01-21,52,407,114,445,181,165,203,1,3,7,9,1,1,0,0,0,0,0,0,67,0,1515,4215,1,60-69,5,2.273806268988397,0.7578162598429918
1570,1951,PhD,Together,69702.0,0,1,2013-02-19,8,664,9,240,50,19,57,2,7,7,10,4,0,0,0,0,0,0,0,74,1,1039,4551,0,70+,5,2.1014679214508143,-1.3459569397932676
3426,1975,Graduation,Divorced,70300.0,1,0,2013-07-15,89,1045,61,338,60,46,46,3,5,5,13,8,0,0,0,0,0,0,0,50,1,1596,4405,0,40-49,4,1.8668116597861428,0.6010996719730017
3074,1984,PhD,Married,70643.0,0,0,2012-10-15,66,1218,107,304,23,143,33,1,5,8,4,6,0,0,0,0,0,1,0,41,0,1828,4678,1,40-49,2,0.9487134433967999,0.24917884491710032
8341,1969,PhD,Married,30396.0,1,0,2014-04-30,22,15,0,6,0,1,12,2,1,1,2,7,0,0,1,0,0,1,0,56,1,34,4116,1,50-59,0,-2.1259461733689946,-0.6389359095611881
5180,1968,PhD,Divorced,50616.0,0,1,2014-04-18,56,128,0,16,0,1,4,2,4,0,4,7,0,0,0,0,0,0,0,57,1,149,4128,0,50-59,1,-0.9375492515428693,0.09233347365692465
6461,1969,Master,Single,62772.0,0,1,2013-05-19,74,581,49,157,43,8,108,1,5,6,11,2,0,0,0,1,0,0,0,56,1,946,4462,1,50-59,2,1.8781536264941991,0.9498494324112532
7679,1985,PhD,Single,30298.0,0,0,2014-05-19,48,6,3,12,6,1,0,1,1,1,3,3,0,0,0,0,0,0,0,40,0,28,4097,0,30-39,0,-1.5601221417029167,0.4633215062908438
10702,1984,Graduation,Single,52413.0,1,0,2012-11-03,67,185,8,133,56,56,12,2,7,1,7,7,0,0,0,0,0,0,0,41,1,450,4659,0,40-49,4,-0.006759447595543761,-0.12253505524619361
7505,1957,PhD,Married,44155.0,1,1,2014-01-19,24,22,1,9,0,0,14,1,1,1,2,4,0,0,0,0,0,0,0,68,2,46,4217,0,60-69,1,-1.2483214297849943,-0.081126316751917
5113,1971,PhD,Divorced,86979.0,0,0,2013-11-07,67,584,100,835,65,83,35,1,5,5,5,2,0,0,1,0,0,1,0,54,0,1702,4290,1,50-59,2,2.0700749891337358,0.8890264555969573
10858,1975,Graduation,Together,76532.0,1,1,2013-09-09,38,355,30,177,90,138,30,4,9,5,7,5,0,0,0,0,0,0,0,50,2,820,4349,0,40-49,4,1.4345667265983537,-0.8792175534699191
2961,1982,Graduation,Married,42081.0,1,0,2013-02-26,86,175,10,110,54,6,27,2,6,3,4,6,0,0,1,0,0,0,0,43,1,382,4544,1,40-49,3,-0.645345908369308,0.7641034707329838
2747,1988,PhD,Married,67546.0,0,0,2012-08-31,90,864,134,768,150,38,172,1,4,10,5,3,0,0,0,0,0,0,0,37,0,2126,4723,0,30-39,2,1.5737247620475077,1.3762543913394862
3010,1989,Master,Together,88420.0,0,0,2014-05-02,87,957,153,612,99,95,153,1,4,7,8,1,1,0,1,0,1,0,0,36,0,2069,4114,1,30-39,2,2.6505050024671477,1.4852291475569226
5790,1985,Graduation,Married,31158.0,1,0,2013-01-27,62,25,6,16,20,0,5,2,2,0,3,8,0,0,0,0,0,0,0,40,1,72,4574,0,30-39,3,-2.139746195706327,0.20234682656002725
6892,1968,Graduation,Divorced,61671.0,0,1,2014-06-03,23,641,7,56,0,0,28,8,10,4,6,8,1,0,0,1,0,0,0,57,1,732,4082,1,50-59,4,0.6876826228104479,-1.7470076613953454
1743,1974,Graduation,Single,69719.0,0,0,2014-05-26,99,273,86,208,177,14,43,1,2,3,5,1,0,0,0,0,0,0,0,51,0,801,4090,0,50-59,2,0.7129986880876974,2.290199817668109
3578,1949,Graduation,Divorced,49160.0,0,1,2013-10-20,29,122,21,43,25,10,15,2,3,1,6,6,0,0,0,0,0,0,0,76,1,236,4308,0,70+,1,-0.3540696514295385,-0.39609461784157685
8462,1978,Basic,Together,24882.0,1,0,2012-09-09,52,1,4,10,29,0,36,1,1,1,2,6,0,0,1,0,0,0,0,47,1,80,4714,1,40-49,3,-2.139069204670826,0.3111117233789362
5558,1954,PhD,Single,90933.0,0,0,2014-03-31,90,1020,31,430,62,63,79,1,4,6,4,1,0,0,0,0,1,0,0,71,0,1685,4146,1,70+,5,2.219004500677132,2.0227509509247708
4619,1945,PhD,Single,113734.0,0,0,2014-05-28,9,6,2,3,1,262,3,0,27,0,0,1,0,0,0,0,0,0,0,80,0,277,4088,0,70+,4,4.020449078125426,-2.717352583530872
8780,1950,PhD,Together,59292.0,0,1,2013-06-13,71,378,14,68,19,14,14,2,3,5,8,3,0,0,0,0,0,0,0,75,1,507,4437,0,70+,5,0.8169801459764497,1.2156421176269183
10789,1964,PhD,Married,45759.0,1,1,2013-02-23,13,42,1,18,3,0,4,2,2,0,3,7,0,0,0,0,0,0,0,61,2,68,4547,0,60-69,0,-1.470976090145866,-0.9708434176334424
10779,1983,Graduation,Single,22148.0,0,0,2014-04-13,16,15,5,14,0,4,11,1,1,0,3,7,0,0,0,0,0,0,0,42,0,49,4133,0,40-49,0,-2.2951953049404903,-1.0001388652591028
5896,1987,Master,Married,73395.0,0,0,2014-03-18,94,272,7,80,20,7,11,1,4,4,6,2,0,0,0,0,0,0,0,38,0,397,4159,0,30-39,2,0.5390224272401384,1.6755591911640195
2337,1971,Graduation,Divorced,29819.0,1,0,2013-10-24,77,9,1,24,2,1,2,3,3,0,3,6,0,0,0,0,0,0,0,54,1,39,4304,0,50-59,3,-1.5774138627116916,0.9230794494544422
10951,1968,Graduation,Married,45688.0,0,1,2014-01-25,20,279,0,18,0,0,9,2,3,1,8,4,0,0,0,1,0,0,0,57,1,306,4211,1,50-59,0,0.004602986358127558,-0.6778168700468602
544,1954,Graduation,Married,62820.0,0,0,2013-05-11,51,398,61,265,138,61,53,1,3,4,6,1,0,0,0,0,0,0,0,71,0,976,4470,0,70+,5,1.2408775876672402,0.832687835731818
17,1971,PhD,Married,60491.0,0,1,2013-09-06,81,637,47,237,12,19,76,4,6,11,7,5,0,0,0,0,0,0,0,54,1,1028,4352,0,50-59,4,0.9698476668491853,0.7763920840603373
10680,1986,Graduation,Together,33235.0,1,0,2014-02-05,71,45,0,16,2,1,6,1,3,0,3,7,0,0,0,0,0,0,0,39,1,70,4200,0,30-39,3,-1.825559373100926,0.4855067006786511
3265,1959,Graduation,Married,35701.0,0,0,2013-03-19,36,21,1,9,7,3,5,1,1,0,3,6,0,0,0,0,0,0,0,66,0,46,4523,0,60-69,1,-1.5906258124062655,-0.005797438135207605
5623,1980,Master,Married,31535.0,1,0,2013-09-26,95,15,4,13,0,0,19,1,1,1,2,7,0,0,1,0,0,0,0,45,1,51,4332,1,40-49,3,-2.205370672546306,1.5259117456798568
5832,1960,2n Cycle,Together,92556.0,0,0,2014-04-20,32,493,183,352,184,23,28,0,3,5,13,0,0,0,0,0,0,0,0,65,0,1263,4126,0,60-69,5,3.138430885882228,0.19190860806972468
5544,1970,Graduation,Single,67384.0,0,1,2012-11-10,32,957,40,175,158,53,107,2,7,8,5,5,0,0,0,1,0,0,0,55,1,1490,4652,1,50-59,4,1.3296522808378208,-0.7957563500770454
6417,1971,Master,Together,80573.0,0,0,2012-10-14,85,829,138,430,60,92,15,1,4,6,13,2,0,0,0,0,0,0,0,54,0,1564,4679,0,50-59,2,2.871344294954437,1.3524029394981758
5831,1967,Graduation,Married,77870.0,0,1,2012-08-22,93,1017,50,500,65,50,133,3,5,5,5,8,1,0,0,1,0,1,0,58,1,1815,4732,1,50-59,4,1.12637257685597,1.0045636268593099
7101,1963,PhD,Widow,52278.0,0,1,2013-01-25,24,953,0,71,0,0,174,6,10,5,10,8,0,0,0,0,0,0,0,62,1,1198,4576,0,60-69,4,1.548220959748471,-1.8037675443438705
10176,1968,Graduation,Single,57107.0,0,1,2012-08-24,44,159,0,120,0,0,137,7,4,4,8,8,0,1,0,1,0,1,0,57,1,416,4730,1,50-59,4,-0.16421865940127223,-0.4891390687050757
2326,1990,Graduation,Married,18929.0,0,0,2013-02-16,15,32,0,8,23,4,18,1,1,0,4,6,0,0,0,0,0,0,0,35,0,85,4554,0,30-39,0,-2.1114845155188933,-1.0123325811712238
4385,1981,PhD,Single,36038.0,1,0,2013-05-31,82,23,0,15,0,2,7,2,3,0,3,6,0,0,0,0,0,0,0,44,1,47,4450,0,40-49,3,-1.5744240746504738,0.9984314311101022
2929,1976,Graduation,Single,20180.0,0,0,2013-02-20,27,18,42,24,15,20,18,1,2,1,4,7,0,0,0,0,0,0,0,49,0,137,4550,0,40-49,0,-1.8911482599682614,-0.733904146492055
10686,1965,PhD,Together,34230.0,1,1,2012-12-26,72,15,0,4,0,0,2,1,1,0,2,7,0,0,0,0,0,0,0,60,2,21,4606,0,50-59,3,-2.0028539384151656,0.9598256694486699
2546,1977,2n Cycle,Single,31878.0,0,1,2014-06-22,7,23,4,5,10,5,23,1,1,0,4,3,0,0,0,0,0,0,0,48,1,70,4063,0,40-49,0,-1.2622716334559378,-0.7564777618889986
3283,1972,2n Cycle,Married,70932.0,0,1,2014-01-19,57,200,193,100,46,185,185,2,6,2,12,3,0,0,0,0,0,0,0,53,1,909,4217,0,50-59,2,2.084112449971112,0.16318241319879234
3138,1956,Graduation,Single,91249.0,0,0,2012-10-20,84,1324,27,119,71,108,27,0,7,9,6,4,1,1,0,1,1,1,0,69,0,1676,4673,1,60-69,5,2.4196594598192434,1.0908669311389965
4994,1943,Master,Single,77598.0,0,0,2013-10-01,53,1193,33,281,129,66,33,1,7,5,13,3,0,0,0,0,1,0,0,82,0,1735,4327,1,70+,5,3.5374429569900543,0.16451739422939016
7966,1959,Graduation,Single,80982.0,1,1,2013-01-08,48,505,137,401,104,22,22,3,11,5,11,5,0,0,0,0,0,0,1,66,2,1191,4593,0,60-69,4,2.8776770230445745,-0.7366476403057277
3112,1977,Master,Married,22701.0,1,0,2013-09-05,2,2,4,9,0,4,5,1,1,0,3,5,0,0,0,0,0,0,0,48,1,24,4353,0,40-49,0,-1.9285462056823046,-1.1415361878164034
10872,1969,PhD,Married,55212.0,0,1,2012-11-23,65,1103,0,45,0,0,34,3,4,2,11,8,0,1,0,1,0,0,0,56,1,1182,4639,1,50-59,4,0.8765279207298349,0.04979424871238516
2181,1970,Graduation,Married,70617.0,0,0,2013-06-23,45,353,61,753,40,46,27,1,3,3,7,2,0,0,0,0,0,0,0,55,0,1280,4427,0,50-59,2,1.4388891046837273,0.3620624650780277
1867,1957,Graduation,Single,64849.0,0,0,2012-11-13,42,652,48,350,94,84,108,1,9,3,6,5,0,0,0,0,0,1,0,68,0,1336,4649,1,60-69,4,1.7247725915830336,-0.6063212967840493
1518,1965,Master,Married,62694.0,1,1,2013-06-17,29,379,6,157,25,91,91,5,9,3,7,7,0,0,0,0,0,0,0,60,2,749,4433,0,50-59,4,0.9263237213999205,-1.328758291092213
5734,1974,PhD,Married,61917.0,1,1,2013-11-20,83,46,4,36,2,2,1,1,2,0,4,5,0,0,0,0,0,0,0,51,2,91,4277,0,50-59,3,-0.7978118117655512,1.3548274626379273
2878,1947,PhD,Married,67472.0,0,1,2013-09-28,93,162,31,127,8,17,69,2,4,2,7,3,0,0,0,0,0,0,0,78,1,414,4330,0,70+,5,0.9218684594688953,1.8638262464232458
1458,1982,Master,Married,21059.0,1,0,2014-01-07,40,8,3,19,3,3,8,3,3,0,3,6,0,0,0,0,0,0,0,43,1,44,4229,0,40-49,0,-1.8819908684775588,-0.3487719328593524
7007,1968,Master,Married,29543.0,2,0,2014-04-01,47,17,3,18,3,4,18,2,3,1,2,7,0,0,0,0,0,0,0,57,2,63,4145,0,50-59,0,-1.8332436067997264,-0.07454893714417424
6200,1951,Graduation,Married,75903.0,0,1,2013-04-08,50,340,108,185,130,38,100,2,6,6,9,3,0,0,0,0,0,0,0,74,1,901,4503,0,70+,5,1.988103767188613,0.2274010830185008
1403,1975,2n Cycle,Together,34984.0,1,1,2012-09-06,40,8,4,15,3,5,3,2,1,0,3,7,0,0,0,0,0,0,0,50,2,38,4717,0,40-49,0,-1.9590080420633131,-0.15043952990241546
4827,1956,PhD,Single,54998.0,0,1,2013-03-10,3,154,22,202,39,30,8,5,4,2,9,4,0,0,0,0,0,1,0,69,1,455,4532,1,60-69,5,0.7259950694946684,-1.210174697746391
6250,1949,PhD,Widow,54356.0,0,1,2012-11-19,62,710,15,30,20,0,0,3,11,2,8,8,0,0,0,0,0,1,0,76,1,775,4643,1,70+,4,1.2527798478730765,-0.5340693112904183
9291,1959,Master,Married,34242.0,0,1,2014-03-23,25,8,2,4,0,0,1,1,0,0,3,5,0,0,0,0,0,0,0,66,1,15,4154,0,60-69,1,-1.626000316071383,-0.12308708574311837
2478,1973,Graduation,Married,25410.0,1,0,2013-08-31,48,2,2,4,13,13,4,1,1,0,4,4,0,0,0,0,0,0,0,52,1,38,4358,0,50-59,0,-1.5052605886336334,0.4226465682087582
1139,1984,PhD,Married,73356.0,0,0,2014-02-06,56,1050,14,322,0,14,112,1,5,11,5,2,1,0,1,0,1,1,0,41,0,1512,4199,1,40-49,2,1.4919860851777578,0.4010681582514486
5138,1950,Graduation,Together,28320.0,0,1,2013-01-14,68,19,1,14,3,2,4,1,1,0,3,8,0,0,0,0,0,0,0,75,1,43,4587,0,70+,1,-1.9215283896335675,0.8203755104697669
5393,1977,Graduation,Single,23763.0,1,0,2012-08-07,64,22,0,6,6,2,6,1,1,0,3,7,0,0,0,0,0,0,0,48,1,42,4747,0,40-49,3,-2.18490453167702,0.5500234746907102
10413,1984,Graduation,Married,72570.0,0,0,2014-04-25,67,274,83,216,151,141,224,1,4,6,12,1,0,0,0,0,0,0,0,41,0,1089,4121,0,40-49,2,2.1649873137828384,0.8114775644859026
5015,1976,Master,Married,34529.0,1,0,2012-09-14,94,68,6,38,3,6,41,2,2,2,3,7,0,0,0,0,0,0,0,49,1,162,4709,0,40-49,3,-1.7283321458340115,1.402063747618986
10868,1951,Graduation,Widow,70792.0,0,0,2013-02-06,82,344,45,654,104,11,114,2,3,4,10,3,0,0,0,0,0,0,0,74,0,1272,4564,0,70+,5,1.9605281784669235,1.499104095117188
10676,1982,Graduation,Married,63211.0,0,0,2012-11-02,3,145,193,459,205,26,145,2,3,8,7,2,0,0,0,0,0,1,0,43,0,1173,4660,1,40-49,2,1.0518497509340734,-1.0674366225811214
2495,1974,Master,Married,83891.0,0,1,2014-06-20,24,217,38,350,111,85,15,1,4,7,10,1,0,0,0,0,0,0,0,51,1,816,4065,0,50-59,2,1.9671197512128047,-0.3456550231813465
7842,1968,Graduation,Single,36065.0,1,1,2013-03-31,54,18,7,34,10,2,3,3,3,0,3,8,0,0,0,0,0,0,0,57,2,74,4511,0,50-59,3,-1.7075133368481412,0.015549021038115686
9955,1954,Graduation,Together,39898.0,0,1,2013-02-12,20,69,8,26,12,7,12,2,3,0,4,7,0,0,0,0,0,0,0,71,1,134,4558,0,70+,1,-1.1231493107448254,-0.8087740326026005
6663,1940,PhD,Single,51141.0,0,0,2013-07-08,96,144,0,7,0,0,6,1,3,1,4,5,0,0,0,0,0,0,0,85,0,157,4412,0,70+,1,-0.39368399827657985,1.941304874904687
2162,1976,Graduation,Married,56939.0,0,1,2013-09-18,19,256,34,103,90,29,49,2,3,3,10,3,0,0,0,0,0,0,0,49,1,561,4340,0,40-49,2,0.7787779372644072,-0.6981694334276836
3434,1951,Graduation,Single,80872.0,0,0,2014-05-12,60,483,72,567,94,12,108,1,4,4,10,1,0,0,0,0,0,0,0,74,0,1336,4104,0,70+,5,2.638905633411112,0.9627785694226318
7919,1976,PhD,Together,72335.0,0,0,2012-08-13,2,1285,105,653,28,21,0,1,10,4,8,8,0,0,0,0,0,1,0,49,0,2092,4741,1,40-49,4,2.223296263100965,-2.544827131508058
5626,1964,PhD,Single,61798.0,0,0,2013-11-23,13,338,4,89,11,8,13,1,4,2,9,4,0,0,0,0,0,0,0,61,0,463,4274,0,60-69,5,0.7656405771541771,-0.9595349291284812
6428,1950,PhD,Widow,76842.0,0,0,2014-05-03,37,605,10,345,84,54,32,1,1,8,7,0,0,0,0,0,0,0,0,75,0,1130,4113,0,70+,5,1.713802484946317,0.7735183046777221
8514,1976,Graduation,Together,29478.0,1,0,2014-01-17,59,8,0,7,3,1,1,1,1,0,3,6,0,0,0,0,0,0,0,49,1,20,4219,0,40-49,3,-1.9311518014098787,0.535396739775351
10448,1956,Graduation,Single,46998.0,0,1,2012-10-22,55,172,41,86,45,6,27,5,5,3,5,7,0,0,1,0,0,0,0,69,1,377,4671,1,60-69,1,-0.388619841905355,0.02439555084300641
2109,1990,Graduation,Single,96843.0,0,0,2013-04-23,60,448,71,951,40,17,17,1,6,11,10,2,0,0,0,0,1,1,0,35,0,1544,4488,1,30-39,2,2.7503517383928306,0.2909050449466567
7530,1950,PhD,Widow,56551.0,1,1,2014-05-07,48,67,4,32,17,2,16,3,2,1,4,4,0,0,0,0,0,0,0,75,2,138,4109,0,70+,1,-0.4214542569556337,0.5969948046119297
8925,1965,Master,Married,70053.0,0,1,2013-07-03,38,512,53,98,81,179,89,3,8,5,10,5,0,0,0,0,0,0,0,60,1,1012,4417,0,50-59,4,1.9011581868680845,-0.7707231341462117
3009,1962,PhD,Widow,71670.0,0,0,2013-07-09,8,1462,16,128,0,0,160,1,5,3,6,6,0,1,0,1,1,1,0,63,0,1766,4411,1,60-69,4,1.46071906670634,-1.3890302582671372
6355,1978,Graduation,Married,44359.0,1,1,2014-06-17,19,20,0,14,7,3,1,3,2,0,4,3,0,0,0,0,0,0,0,47,2,45,4068,0,40-49,0,-0.9247990460202945,-0.473038834936436
3517,1952,Graduation,Single,40887.0,1,1,2013-05-06,32,50,4,44,10,10,43,3,3,1,3,9,0,0,0,0,0,1,0,73,2,161,4475,1,70+,1,-1.507735799904769,-0.6266681588804812
1158,1966,Graduation,Divorced,48877.0,0,1,2014-01-05,27,102,1,15,2,0,24,1,3,0,4,7,0,0,0,0,0,0,0,59,1,144,4231,0,50-59,0,-1.0904342179330286,-0.6838617842600344
6203,1947,Graduation,Together,74485.0,0,0,2013-08-24,58,499,149,815,173,49,49,1,6,7,12,3,0,0,0,0,0,0,0,78,0,1734,4365,0,70+,5,3.1519487125542747,0.4084831326660984
7165,1972,Graduation,Together,64474.0,0,1,2013-10-22,59,381,35,172,56,86,93,2,8,2,10,5,0,0,0,0,0,0,0,53,1,823,4306,0,50-59,4,1.5568853477801186,-0.19076631597396884
3595,1963,Graduation,Together,77226.0,0,1,2014-02-28,29,631,43,239,128,76,21,2,6,8,12,3,0,0,0,0,0,0,0,62,1,1138,4177,0,60-69,5,2.4981453814198513,-0.6150443690278998
8537,1949,Graduation,Widow,72643.0,0,0,2013-02-27,60,526,80,553,123,94,53,1,3,10,7,2,1,0,0,0,0,1,0,76,0,1429,4543,1,70+,5,1.8629147752503614,1.0241312316456708
4331,1978,Master,Together,85738.0,0,0,2014-01-23,41,913,26,376,17,26,13,1,3,6,11,1,0,0,0,1,1,0,0,47,0,1371,4213,1,40-49,2,2.4383876392576798,0.21442698173236185
6281,1966,Graduation,Divorced,55686.0,0,1,2013-02-14,27,673,0,199,37,47,26,2,6,3,5,4,0,0,1,0,0,0,0,59,1,982,4556,1,50-59,4,0.7498830730723878,-0.6963048783257736
4338,1983,Graduation,Single,39062.0,1,0,2014-03-25,28,23,0,9,0,0,12,1,1,0,3,4,0,0,1,0,0,0,0,42,1,44,4152,1,40-49,0,-1.5164164604554353,-0.23666846057229438
2452,1971,Graduation,Together,34600.0,1,1,2013-01-01,8,199,33,60,8,3,15,5,5,2,5,8,0,0,0,0,0,1,0,54,2,318,4600,1,50-59,0,-1.0209203304967722,-1.7188833668766446
9507,1975,Graduation,Married,40794.0,0,1,2013-04-07,18,261,23,73,4,23,50,2,6,3,5,7,0,0,0,0,0,0,0,50,1,434,4504,0,40-49,0,-0.5661493623247017,-1.4274633262686758
8360,1971,2n Cycle,Married,54690.0,1,1,2013-11-07,76,111,16,37,7,9,18,3,3,1,5,3,0,0,0,0,0,0,0,54,2,198,4290,0,50-59,1,-0.22250298835099144,1.2469371041132187
10311,1969,Graduation,Married,4428.0,0,1,2013-10-05,0,16,4,12,2,4,321,0,25,0,0,1,0,0,0,0,0,0,0,56,1,359,4323,0,50-59,4,1.47200380626187,-3.2561671624342763
5117,1963,2n Cycle,Married,32632.0,0,0,2012-08-02,32,63,151,137,153,19,53,2,4,4,8,5,0,0,0,0,0,0,0,62,0,576,4752,0,60-69,1,0.029658965632566845,-0.5239451405206489
4867,1968,PhD,Single,38236.0,1,1,2013-09-20,2,58,0,18,2,0,10,4,3,0,4,7,0,0,0,0,0,0,0,57,2,88,4338,0,50-59,0,-1.3688207015703726,-1.501021714370696
9289,1979,Graduation,Married,36781.0,1,0,2014-04-10,16,29,1,17,0,3,13,1,2,1,2,8,0,0,0,0,0,1,0,46,1,63,4136,1,40-49,0,-2.126096973300392,-1.1318048273783832
10913,1984,Master,Single,31385.0,1,0,2012-12-05,56,3,2,12,0,1,9,1,1,0,2,8,0,0,1,0,0,1,0,41,1,27,4627,1,40-49,3,-2.441329167862474,0.16089019127152115
3032,1984,Graduation,Married,24570.0,1,0,2013-02-27,97,28,34,62,11,14,44,3,4,0,4,9,0,0,0,0,0,0,0,41,1,193,4543,0,40-49,3,-1.882865577408627,0.9191831887882814
8524,1974,PhD,Divorced,25509.0,1,0,2012-09-18,15,40,3,30,10,7,11,3,3,0,3,9,0,0,0,0,0,1,0,51,1,101,4705,1,50-59,0,-2.1206884027107282,-1.393743529706275
3334,1951,Graduation,Married,94642.0,0,0,2014-02-12,35,879,143,797,106,143,143,0,5,7,9,1,1,0,0,0,1,0,0,74,0,2211,4193,1,70+,5,3.6161391339607016,0.10345682881552962
4470,1962,Master,Married,58646.0,0,1,2013-06-10,3,62,1,44,6,5,22,1,2,1,4,4,0,0,0,0,0,0,0,63,1,140,4440,0,60-69,1,-0.5386158282223342,-0.9076689664732086
1406,1975,Graduation,Single,53201.0,1,1,2013-02-12,49,280,7,81,20,0,27,8,6,3,5,7,0,0,0,0,0,0,0,50,2,415,4558,0,40-49,4,-0.3406098039725871,-0.4362074401622912
8619,1957,Graduation,Together,21994.0,0,1,2012-12-24,4,9,0,6,3,1,3,1,0,0,3,5,0,0,0,0,0,0,0,68,1,22,4608,0,60-69,0,-1.8316330669350684,-0.78440248262595
10821,1978,Graduation,Married,57113.0,1,1,2013-02-06,45,182,4,33,0,2,42,6,4,1,5,7,0,0,0,0,0,0,0,47,2,263,4564,0,40-49,0,-0.6983731745178046,-0.3562844448810101
4552,1991,Graduation,Married,51373.0,0,0,2013-06-22,37,83,2,101,64,26,117,1,3,5,3,4,0,0,0,0,0,0,0,34,0,393,4428,0,30-39,0,-0.820299133639753,-0.23425561158845948
898,1986,Graduation,Married,23477.0,1,0,2013-10-21,39,38,15,54,3,8,29,3,3,0,4,8,0,0,0,0,0,0,0,39,1,147,4307,0,30-39,0,-1.9607112422542539,-0.6744364522673869
9797,1956,Graduation,Married,58116.0,0,1,2014-04-13,38,228,19,130,4,11,51,2,3,3,8,2,0,0,0,0,0,0,0,69,1,443,4133,0,60-69,5,0.8128845137036222,0.2519258963199107
10949,1963,PhD,Divorced,72968.0,0,0,2013-12-16,8,1092,37,592,145,37,55,1,5,5,8,3,1,0,0,0,0,1,0,62,0,1958,4251,1,60-69,5,2.387960171887304,-1.0984773474197569
8212,1971,Master,Married,39791.0,0,1,2013-03-28,89,85,15,27,13,13,21,2,3,1,4,7,0,0,0,0,0,0,0,54,1,174,4514,0,50-59,3,-1.2809212578100222,1.1720065049777786
6248,1947,Master,Single,91712.0,0,0,2013-10-17,47,1276,24,746,94,29,48,0,9,7,11,3,0,0,0,0,1,1,0,78,0,2217,4311,1,70+,5,4.132965860489085,-0.2129919268636154
10164,1958,Graduation,Single,94472.0,0,1,2014-04-03,75,1017,33,417,108,100,16,1,5,5,5,5,0,0,0,1,1,0,0,67,1,1691,4143,1,60-69,5,1.90097823429528,0.924579175951923
4547,1960,Graduation,Together,13672.0,1,1,2013-04-17,86,6,2,9,2,1,5,2,1,0,3,8,0,0,0,0,0,0,0,65,2,25,4494,0,60-69,3,-2.3296862649082337,1.2524964246392132
6815,1980,2n Cycle,Married,96547.0,0,0,2014-05-23,4,448,21,125,52,101,62,0,7,6,8,2,1,0,1,0,1,1,0,45,0,809,4093,1,40-49,2,2.0737828214260556,-1.3894742595377143
4122,1975,Graduation,Married,79205.0,0,0,2012-08-29,73,504,23,117,179,28,44,1,6,5,4,4,1,0,0,0,0,1,0,50,0,895,4725,1,40-49,2,0.8754525591817898,0.7281853613778371
10841,1975,PhD,Together,56559.0,0,1,2012-12-25,46,226,22,133,41,31,31,3,4,3,8,4,0,0,0,0,0,0,0,50,1,484,4607,0,40-49,2,0.4133396032051055,-0.0267154449619328
5370,1973,PhD,Married,32644.0,1,0,2013-01-16,38,239,3,141,0,7,23,4,7,1,6,8,0,0,1,0,0,0,0,52,1,413,4585,1,50-59,4,-0.5828680197619031,-1.0565222190591994
176,1980,2n Cycle,Single,67506.0,0,1,2014-01-02,73,90,38,67,33,36,67,1,4,1,6,3,0,0,0,0,0,0,0,45,1,331,4234,0,40-49,2,0.2986666878861095,0.9607682463168005
4860,1970,Graduation,Single,24206.0,1,0,2013-03-08,66,7,2,8,3,2,3,1,1,0,3,6,0,0,0,0,0,0,0,55,1,25,4534,0,50-59,3,-1.9510550642485747,0.7967403530397785
10757,1967,PhD,Divorced,28420.0,1,0,2013-12-24,36,4,2,5,2,0,0,1,1,0,2,6,0,0,0,0,0,0,0,58,1,13,4243,0,50-59,0,-1.998884016728516,-0.07200541111763364
4023,1970,Graduation,Married,22979.0,1,0,2012-09-06,29,16,17,19,20,21,22,3,3,2,2,8,0,0,0,0,0,1,0,55,1,115,4717,1,50-59,0,-2.0959041579947817,-0.7862102585915712
6679,1966,Graduation,Single,33279.0,0,0,2014-06-12,29,10,3,3,0,0,0,1,0,0,3,3,0,0,0,0,0,0,0,59,0,16,4073,0,50-59,1,-1.4199488428177782,0.16798296454314648
9923,1972,Master,Single,46423.0,1,1,2013-09-18,6,68,0,16,0,0,8,3,2,0,4,7,0,0,0,0,0,0,0,53,2,92,4340,0,50-59,0,-1.3919660237283706,-1.286774558654553
7181,1977,Graduation,Married,30368.0,0,1,2013-11-07,97,35,0,13,2,0,2,2,2,0,3,8,0,0,0,0,0,0,0,48,1,52,4290,0,40-49,3,-2.0646526339906504,1.362686690717023
3599,1970,Graduation,Married,63684.0,0,1,2012-11-26,61,575,80,428,208,93,80,3,8,4,8,5,0,0,0,0,0,0,0,55,1,1464,4636,0,50-59,4,1.8158092549742293,-0.085100704567967
405,1964,Graduation,Divorced,41638.0,0,1,2013-02-13,68,315,0,31,4,0,91,4,5,5,3,8,0,0,1,0,0,0,0,61,1,441,4557,1,60-69,3,-0.9751997200018154,0.26969814521046376
6870,1959,PhD,Divorced,68805.0,0,1,2013-09-17,73,182,2,49,17,13,20,1,3,1,7,2,0,0,0,0,0,0,0,66,1,283,4341,0,60-69,5,0.7058729458962592,1.364438337153179
832,1966,PhD,Together,65814.0,0,1,2014-03-02,90,561,14,113,10,14,35,3,8,2,10,5,0,0,0,0,0,0,0,59,1,747,4175,0,50-59,4,1.5993829162257769,0.8334394475385395
2002,1958,Graduation,Divorced,71964.0,0,0,2013-05-20,81,587,51,932,180,34,86,1,5,6,5,3,0,0,0,0,0,0,0,67,0,1870,4461,0,60-69,5,1.9376866237199275,1.2880665508871376
3657,1986,Graduation,Single,39146.0,1,0,2013-02-14,1,94,1,33,13,12,12,3,4,0,4,8,0,0,0,0,0,0,0,39,1,165,4556,0,30-39,0,-1.5278754238224241,-1.9278613134779679
500,1977,Graduation,Together,96876.0,0,0,2013-08-06,79,908,43,735,40,194,21,1,7,7,9,2,1,0,0,1,1,1,0,48,0,1941,4383,1,40-49,2,3.236341806752596,0.9043288507019231
1951,1981,Basic,Married,34445.0,0,0,2013-01-27,92,228,122,122,208,129,30,6,11,2,8,9,0,0,0,0,0,0,0,44,0,839,4574,0,40-49,4,0.3954248213373506,-0.06800159977678633
3262,1958,Graduation,Single,68281.0,0,0,2012-08-07,31,995,112,417,42,48,41,1,2,9,13,5,0,0,0,0,0,1,0,67,0,1655,4747,1,60-69,5,2.134193746709048,-0.3671953524844445
4102,1975,2n Cycle,Married,37284.0,1,1,2013-03-29,46,11,1,2,2,1,6,1,0,0,3,6,0,0,0,0,0,0,0,50,2,23,4513,0,40-49,0,-1.905717441225005,0.2680025618368319
7042,1983,Graduation,Married,36790.0,0,0,2013-03-01,14,3,3,14,15,21,10,1,2,1,2,9,0,0,0,0,0,1,0,42,0,66,4541,1,40-49,0,-2.326621114151665,-1.3488747789689746
10598,1967,Graduation,Together,27943.0,1,1,2013-04-15,89,12,1,16,4,1,3,3,2,0,3,8,0,0,0,0,0,0,0,58,2,37,4496,0,50-59,3,-2.0029416115270604,1.2031166831506972
255,1951,Graduation,Divorced,22263.0,1,1,2014-03-30,31,17,0,2,0,0,2,2,1,0,3,6,0,0,0,0,0,0,1,74,2,21,4147,0,70+,1,-1.7681944992819938,-0.11580886060436396
2375,1972,Graduation,Together,30261.0,1,2,2012-09-25,75,8,0,5,0,3,6,1,0,0,3,8,0,0,0,0,0,0,0,53,3,22,4698,0,50-59,3,-2.3022296312062935,0.9455330438967834
9829,1978,Graduation,Together,28587.0,1,0,2014-02-12,42,22,4,17,12,10,13,3,2,0,4,6,0,0,0,0,0,0,0,47,1,78,4193,0,40-49,0,-1.6493277921503782,-0.1484288886384318
6214,1982,Master,Married,43815.0,1,0,2013-04-05,53,14,10,29,4,7,15,1,2,0,3,6,0,0,0,0,0,0,0,43,1,79,4506,0,40-49,3,-1.5536881283936572,0.21456470039475
4954,1956,Graduation,Married,48195.0,1,1,2014-01-21,53,106,27,68,52,7,5,6,4,2,5,6,0,0,0,0,0,0,0,69,2,265,4215,0,60-69,1,-0.43995308803486016,0.19531931385574355
7861,1952,Master,Married,77027.0,0,1,2014-02-05,23,820,57,242,45,0,11,2,8,3,6,4,0,0,0,0,0,0,0,73,1,1175,4200,0,70+,5,1.8953370385714374,-0.889443722873656
4837,1965,PhD,Married,71322.0,0,1,2013-02-16,57,753,43,226,69,10,204,2,8,5,13,4,0,0,0,0,0,0,0,60,1,1305,4554,0,50-59,4,2.7682220697842803,-0.14364513995089523
9423,1979,Master,Married,32765.0,1,0,2014-02-23,49,13,3,17,7,3,3,2,2,0,4,5,0,0,0,0,0,0,0,46,1,46,4182,0,40-49,0,-1.4542017557908031,0.18751245247006412
4198,1965,Graduation,Together,29672.0,1,1,2013-03-12,6,9,1,3,0,4,8,1,0,0,3,6,0,0,0,0,0,0,0,60,2,25,4530,0,50-59,0,-1.9356437144500542,-0.8973068334469954
153,1953,Graduation,Divorced,23272.0,0,0,2013-10-17,29,19,3,6,4,2,12,1,1,0,3,4,0,0,0,0,0,0,0,72,0,46,4311,0,70+,1,-1.445335400332452,0.039586153170027505
9323,1949,Master,Together,49912.0,0,1,2012-09-07,5,520,8,223,32,49,42,4,10,5,7,8,0,0,1,0,0,1,0,76,1,874,4716,1,70+,4,0.9591588615739992,-2.1836004864944534
10001,1985,2n Cycle,Together,7500.0,1,0,2012-08-01,98,5,17,17,13,14,34,4,2,1,3,9,0,0,0,0,0,0,0,40,1,100,4753,0,30-39,3,-2.7057342272557503,1.1474373454744666
3945,1947,PhD,Widow,68117.0,0,1,2013-03-10,80,618,44,215,0,17,36,2,11,8,4,6,0,0,1,0,0,1,0,78,1,930,4532,1,70+,4,1.3961325491755543,0.4015698341635881
3799,1955,Graduation,Married,67225.0,0,1,2013-11-26,4,315,35,322,46,7,143,3,7,2,11,5,0,0,0,0,0,0,0,70,1,868,4271,0,60-69,4,1.8527283980184635,-1.6491287129513577
8625,1976,Graduation,Married,17649.0,1,0,2013-11-12,70,15,1,23,0,5,1,3,3,0,3,8,0,0,0,0,0,0,0,49,1,45,4285,0,40-49,3,-2.1719503966884184,0.39611643184716966
3491,1975,Graduation,Together,55914.0,0,1,2013-04-29,32,384,60,364,119,101,232,4,11,6,8,7,0,0,0,0,0,0,0,50,1,1260,4482,0,40-49,4,1.519596352249204,-1.6048178947651286
983,1984,Graduation,Married,40059.0,1,0,2013-09-28,82,110,29,92,28,10,145,1,6,2,3,8,0,0,1,0,0,0,0,41,1,414,4330,1,40-49,3,-1.135388643285412,0.40499386420960826
9119,1950,Graduation,Together,60905.0,0,1,2013-12-05,27,208,17,76,36,17,38,2,3,3,7,2,0,0,0,0,0,0,0,75,1,392,4262,0,70+,5,0.7469578730174276,-0.0008238717470054761
4786,1977,Graduation,Married,75330.0,1,1,2012-10-04,94,555,82,257,93,61,61,4,10,3,12,6,0,0,0,0,0,0,0,48,2,1109,4689,0,40-49,4,2.3536238034542336,0.47966544721959287
5872,1951,Graduation,Single,60689.0,0,1,2013-06-01,23,240,90,216,63,6,24,4,4,4,10,3,0,0,0,0,0,0,0,74,1,639,4449,0,70+,5,1.3541156974254926,-0.44270111137807305
6568,1984,Graduation,Married,38680.0,1,0,2013-03-28,97,11,0,36,15,5,12,1,2,0,3,7,0,0,0,0,0,0,0,41,1,79,4514,0,40-49,3,-1.8170797017495108,1.432489553446907
5628,1982,Graduation,Together,61416.0,0,0,2013-02-08,25,848,154,323,201,61,78,1,10,3,10,6,0,0,1,0,0,0,0,43,0,1665,4562,1,40-49,4,2.1899191583817497,-1.7112783234495053
5631,1991,Graduation,Single,49767.0,0,0,2013-05-02,92,202,47,197,55,42,149,1,5,4,8,4,0,0,0,0,0,0,0,34,0,692,4479,0,30-39,2,0.41038680059482074,1.1194343636742878
4974,1970,Graduation,Single,83273.0,1,2,2012-09-25,98,433,89,650,16,102,102,10,4,6,9,7,0,0,0,0,0,0,0,55,3,1392,4698,0,50-59,2,1.440301157778475,1.2876653698535874
8416,1981,Graduation,Married,29009.0,1,0,2013-11-29,19,6,6,15,10,5,2,2,2,0,3,6,0,0,0,0,0,0,0,44,1,44,4268,0,40-49,0,-1.8584691853392976,-0.8640618580203677
5454,1979,Master,Married,45057.0,1,0,2013-12-01,80,37,0,7,3,0,3,1,2,0,3,5,0,0,0,0,0,0,0,46,1,50,4266,0,40-49,3,-1.3572123710210853,1.2020292227043765
4095,1971,Graduation,Married,37150.0,1,0,2012-09-11,80,167,37,64,49,34,116,8,4,3,6,7,0,0,0,0,0,0,0,54,1,467,4712,0,50-59,3,-0.6616197818771641,0.7188921445281824
5474,1970,Graduation,Single,43020.0,1,0,2013-11-30,79,45,7,99,4,25,43,3,4,1,4,6,0,0,0,0,0,0,0,55,1,223,4267,0,50-59,3,-0.8826175992744482,0.8850256793429371
4268,1959,Graduation,Married,53154.0,0,1,2014-06-09,50,129,0,21,0,1,7,1,3,1,4,4,0,0,0,0,0,0,0,66,1,158,4076,0,60-69,1,-0.44507975523923204,0.45719378072494404
10701,1973,Graduation,Married,65308.0,0,0,2013-09-11,60,713,0,264,120,80,34,1,7,8,12,4,1,0,0,0,1,0,0,52,0,1211,4347,1,50-59,2,2.2003838730613747,-0.002707938667526598
3507,1970,Graduation,Single,76467.0,1,0,2012-08-17,44,676,161,426,210,44,58,2,2,5,5,6,0,0,0,0,0,1,0,55,1,1575,4737,1,50-59,2,0.7575994985997582,0.02234773049644459
2079,1947,2n Cycle,Married,81044.0,0,0,2013-12-27,0,450,26,535,73,98,26,1,5,6,10,1,0,0,0,0,0,0,0,78,0,1208,4240,0,70+,5,2.7001416510440923,-0.9664167416227264
626,1951,Graduation,Married,32871.0,1,1,2013-03-09,28,22,2,12,0,2,5,1,1,0,3,4,0,0,0,0,0,0,0,74,2,43,4533,0,70+,1,-1.2430977911488965,0.049326252902400704
4426,1975,Graduation,Single,55801.0,1,1,2013-09-22,35,367,4,51,6,4,95,6,7,2,6,7,1,0,0,0,0,0,0,50,2,527,4336,1,40-49,4,0.077626012045364,-1.002034217570582
2591,1959,Graduation,Widow,76320.0,0,1,2014-06-22,49,526,35,214,69,53,35,2,6,3,4,2,0,0,0,0,0,0,0,66,1,932,4063,0,60-69,5,1.3491448600142473,0.36018070194341856
10509,1955,Master,Single,36927.0,1,1,2014-06-02,46,51,0,16,0,0,4,2,3,0,3,8,0,0,0,0,0,0,0,70,2,71,4083,0,60-69,1,-1.537214595329314,-0.10879167077104028
6382,1953,Graduation,Together,48794.0,1,1,2014-06-26,97,25,0,11,3,0,15,1,1,0,3,4,0,0,0,0,0,0,0,72,2,54,4059,0,70+,1,-0.9405841044561162,2.208382164576462
6673,1965,Graduation,Single,23478.0,0,0,2013-03-19,51,28,6,27,12,17,39,1,3,0,3,8,0,0,0,0,0,0,0,60,0,129,4523,0,50-59,3,-1.8621406497101203,-0.08007244920647294
7441,1973,Graduation,Divorced,71128.0,1,0,2012-10-06,80,958,159,447,20,0,31,3,2,10,12,7,0,0,0,0,0,0,0,52,1,1615,4687,0,50-59,2,1.5302287938641965,0.8105398172951968
1071,1976,PhD,Divorced,70179.0,0,1,2013-07-21,10,532,88,168,69,44,133,3,7,3,13,5,0,0,0,0,0,0,0,49,1,1034,4399,0,40-49,4,2.0850176865629804,-1.70739798231307
10061,1950,Graduation,Married,59462.0,0,1,2013-01-05,29,724,17,143,0,8,196,2,9,2,12,7,0,0,0,0,0,0,0,75,1,1088,4596,0,70+,4,2.0633105931191977,-1.3286629275589625
8775,1969,Graduation,Together,38361.0,1,0,2013-12-27,74,39,0,56,20,8,14,3,3,1,3,7,0,0,0,0,0,0,0,56,1,137,4240,0,50-59,3,-1.4643066115178225,0.7474649761049565
2345,1982,PhD,Together,70038.0,0,0,2013-10-25,54,587,54,348,71,54,130,1,4,4,8,2,0,0,0,0,0,0,0,43,0,1244,4303,0,40-49,2,1.5320596760967393,0.39545816549017315
322,1978,Graduation,Together,42554.0,1,1,2013-01-12,93,29,1,11,0,0,0,2,2,0,3,4,0,0,0,0,0,0,0,47,2,41,4589,0,40-49,3,-1.242418827529803,1.7269253928803183
10897,1974,Graduation,Married,67445.0,0,1,2012-08-12,63,757,80,217,29,80,11,5,9,6,12,6,0,0,0,0,0,0,0,51,1,1174,4742,0,50-59,4,2.155795946814716,-0.3656714497139843
123,1951,Graduation,Widow,67046.0,0,1,2013-01-06,92,544,35,133,23,151,107,2,4,5,4,2,0,0,0,0,0,0,0,74,1,993,4595,0,70+,5,1.0694309930967427,1.964764992977174
6103,1948,Graduation,Married,42192.0,0,0,2013-09-06,40,40,15,15,17,6,7,1,2,1,3,4,0,0,0,0,0,0,0,77,0,100,4352,0,70+,1,-0.8471206870628784,0.3602473279978944
7899,1952,PhD,Married,77610.0,0,1,2012-10-29,70,1245,33,332,21,33,16,2,4,7,4,7,0,0,0,0,0,0,0,73,1,1680,4664,0,70+,5,1.0600807847374967,0.686073488672922
10500,1984,Graduation,Married,31761.0,1,0,2014-04-05,96,19,1,20,16,14,28,2,3,0,4,5,0,0,0,0,0,0,0,41,1,98,4141,0,40-49,3,-1.3452188609872795,1.486433363073764
1655,1979,Graduation,Together,34350.0,1,0,2013-10-19,81,16,3,15,2,1,11,1,1,0,3,7,0,0,0,0,0,0,0,46,1,48,4309,0,40-49,3,-2.0006114775795814,1.0829357082483608
2406,1949,Graduation,Together,54591.0,0,1,2013-08-05,63,376,4,94,12,9,24,3,6,2,8,5,0,0,0,0,0,0,0,76,1,519,4384,0,70+,5,0.8393553721152354,0.4036509449535298
2712,1956,Graduation,Married,71866.0,0,1,2013-12-25,85,184,178,178,103,39,33,1,6,3,10,3,0,0,0,0,0,0,0,69,1,715,4242,0,60-69,5,1.849229189921688,1.2397932623496701
5517,1969,Graduation,Married,25293.0,1,0,2013-09-15,51,15,0,11,0,2,9,1,1,1,2,8,0,0,0,0,0,0,0,56,1,37,4343,0,50-59,3,-2.365715116700577,0.13210114499626446
10643,1987,PhD,Single,42000.0,0,0,2013-01-10,23,124,83,267,85,59,35,2,5,2,11,5,0,0,0,0,0,1,0,38,0,653,4591,1,30-39,2,0.5456068391872171,-1.1916095257015202
2254,1983,Graduation,Married,69520.0,0,0,2013-07-07,95,627,120,414,121,80,93,1,9,6,5,5,0,0,0,0,0,0,0,42,0,1455,4413,0,40-49,4,1.463671315757613,0.8259151727334524
10281,1970,Graduation,Divorced,64713.0,1,0,2014-02-07,11,180,60,241,13,54,54,2,5,5,7,4,0,0,0,0,0,1,0,55,1,602,4198,1,50-59,4,0.7051281826639896,-1.136407970877551
6958,1977,Master,Married,27889.0,1,0,2013-07-05,42,14,0,4,0,0,8,1,1,1,2,6,0,0,0,0,0,0,0,48,1,26,4415,0,40-49,0,-2.1184238821182233,0.01880050953670018
954,1960,Basic,Widow,22123.0,0,0,2014-03-27,77,3,3,24,34,7,31,1,2,1,3,5,0,0,0,0,0,0,0,65,0,102,4150,0,60-69,1,-1.5137307111486977,1.2329301306696172
4643,1973,Graduation,Married,27803.0,1,0,2012-08-26,40,8,26,46,38,9,49,2,3,0,4,8,0,0,0,0,0,0,0,52,1,176,4728,0,50-59,0,-1.6959020170372507,-0.5125956451289309
6497,1960,Graduation,Married,51651.0,0,1,2012-11-07,32,293,6,23,13,6,92,4,6,2,5,8,0,0,0,0,0,0,0,65,1,433,4655,0,60-69,4,-0.3297975197876379,-0.9447826946247873
5396,1988,Graduation,Married,68487.0,0,0,2013-01-13,48,758,12,385,33,89,89,1,9,7,13,4,0,0,0,0,0,0,0,37,0,1366,4588,0,30-39,2,2.6159492830717874,-0.7563132390748888
1052,1969,Graduation,Married,56796.0,0,1,2013-02-16,24,656,38,161,62,47,37,3,8,9,7,7,0,0,0,0,0,0,0,56,1,1001,4554,0,50-59,4,0.8448829155735322,-1.4345557697675337
2802,1992,2n Cycle,Married,87000.0,0,0,2012-12-15,61,196,25,607,67,17,49,1,4,6,7,2,0,0,0,0,0,0,0,33,0,961,4617,0,30-39,2,1.3466027472741982,0.5917238967796914
6343,1959,Graduation,Married,79823.0,0,1,2014-03-31,6,835,73,380,114,73,43,1,6,9,7,2,0,0,0,1,0,0,0,66,1,1518,4146,1,60-69,5,2.335171935581306,-1.0596243793131706
6507,1980,Graduation,Single,30828.0,1,0,2013-10-04,16,16,11,15,2,0,12,2,1,1,4,3,0,0,0,0,0,0,0,45,1,56,4324,0,40-49,0,-1.3280999703443,-0.5071611738657534
7901,1971,Master,Married,34109.0,0,1,2013-11-06,39,9,1,5,2,1,4,1,0,0,3,4,0,0,0,0,0,0,0,54,1,22,4291,0,50-59,0,-1.6115644086663417,0.31579826970680425
4865,1974,Master,Divorced,53367.0,1,1,2013-08-31,2,229,7,140,10,3,11,7,5,1,8,7,0,0,0,0,0,1,0,51,2,400,4358,1,50-59,0,-0.04566791519322466,-1.8487621229104514
2686,1969,Basic,Together,22390.0,0,0,2013-10-21,49,0,1,4,15,1,5,1,1,0,2,7,0,0,0,0,0,0,0,56,0,26,4307,0,50-59,3,-2.2762661422664374,0.1811601835190377
3107,1976,Graduation,Together,71322.0,0,1,2014-05-02,31,121,24,124,24,15,42,1,4,1,7,2,0,0,0,0,0,0,0,49,1,350,4114,0,40-49,2,0.7239741019367839,-0.2042954117402862
7734,1993,Graduation,Absurd,79244.0,0,0,2012-12-19,58,471,102,125,212,61,245,1,4,10,7,1,1,0,0,0,1,1,0,32,0,1216,4613,1,30-39,2,1.5565238843210851,0.5801539015382358
1146,1949,Master,Together,49912.0,0,1,2012-09-07,5,520,8,223,32,49,42,4,10,5,7,8,0,0,1,0,0,1,0,76,1,874,4716,1,70+,4,0.9591588615739992,-2.1836004864944534
11031,1950,PhD,Married,48699.0,1,1,2013-05-21,90,26,1,10,2,0,1,1,1,0,3,5,0,0,0,0,0,0,0,75,2,40,4460,0,70+,1,-1.0732505015405696,1.9020999854715548
7428,1975,Graduation,Together,80144.0,0,0,2013-09-30,47,240,132,445,250,192,108,1,3,7,8,1,0,0,0,0,0,0,0,50,0,1367,4328,0,40-49,2,1.9306226552705477,0.4891068248045591
975,1956,Graduation,Single,54252.0,1,1,2013-05-28,25,178,4,26,8,4,44,5,4,1,5,6,0,0,0,0,0,0,0,69,2,264,4453,0,60-69,1,-0.33415427831844924,-0.6599599864161877
1103,1976,Master,Married,81929.0,1,0,2012-09-29,60,1486,55,278,49,0,185,2,4,4,10,6,0,0,1,0,1,1,0,49,1,2053,4694,1,40-49,2,2.188733510443793,0.11917225191909073
3422,1975,Graduation,Married,76068.0,0,1,2012-11-29,67,1115,12,128,33,12,76,1,2,3,4,6,0,1,0,1,0,0,0,50,1,1376,4633,1,40-49,2,0.3815239172906816,0.7196283607248579
1055,1976,Master,Married,53204.0,1,1,2014-03-20,40,29,0,8,2,0,6,1,1,0,3,4,0,0,0,0,0,0,0,49,2,45,4157,0,40-49,0,-1.1608862910400508,0.23373232295625676
6544,1949,PhD,Together,67911.0,0,1,2014-05-22,63,529,0,356,63,28,0,3,6,7,11,3,0,0,0,0,0,0,0,76,1,976,4094,0,70+,5,2.2203279602320807,0.5802389304593045
1241,1984,2n Cycle,Married,14796.0,1,0,2012-09-17,1,13,3,8,7,4,16,2,1,0,3,9,0,0,0,0,0,1,0,41,1,51,4706,1,40-49,0,-2.7557112867914033,-1.7267765755556186
2909,1974,PhD,Married,78128.0,0,1,2014-02-19,89,934,24,230,16,24,36,2,8,4,6,3,0,0,0,1,1,0,0,51,1,1264,4186,1,50-59,2,1.8936488052381226,1.0697942957273736
5802,1972,Basic,Married,14188.0,0,0,2013-02-28,40,2,7,11,16,12,27,1,2,0,4,6,0,0,0,0,0,0,0,53,0,75,4542,0,50-59,0,-1.8500618598439051,-0.18702323874005095
1407,1986,Basic,Married,20425.0,1,0,2012-10-29,5,4,12,5,3,16,17,2,2,0,3,7,0,0,0,0,0,0,0,39,1,57,4664,0,30-39,0,-2.2275940559226273,-1.4829687764491306
6183,1962,Master,Married,58646.0,0,1,2013-06-10,3,62,1,44,6,5,22,1,2,1,4,4,0,0,0,0,0,0,0,63,1,140,4440,0,60-69,1,-0.5386158282223342,-0.9076689664732086
340,1970,Graduation,Divorced,72967.0,0,1,2012-12-15,1,158,35,179,0,0,125,2,7,2,8,5,0,0,1,0,0,1,0,55,1,497,4617,1,50-59,4,1.0267598904172845,-1.7841420394109826
5991,1949,Master,Married,48150.0,0,1,2013-06-08,24,173,2,39,3,2,47,3,5,1,4,7,0,0,0,0,0,0,0,76,1,266,4442,0,70+,1,-0.5289562709403065,-0.8414748201247173
3104,1961,Graduation,Single,82332.0,0,0,2012-09-17,89,830,59,968,51,79,19,1,5,3,12,2,0,0,0,0,1,1,0,64,0,2006,4706,1,60-69,5,3.3872004613822155,1.4744760672574968
9729,1955,Graduation,Widow,58275.0,1,1,2013-06-02,48,189,10,253,56,43,64,6,8,2,7,7,0,0,0,0,0,0,0,70,2,615,4448,0,60-69,4,0.7244777206067329,-0.5416577982465918
1008,1981,PhD,Together,44953.0,0,0,2012-12-21,31,728,17,133,11,8,124,1,7,3,13,6,0,0,1,0,0,0,0,44,0,1021,4611,1,40-49,4,1.389997516921408,-1.2769862930344558
11091,1953,Graduation,Together,34587.0,1,1,2014-05-16,68,7,2,9,2,0,2,2,1,0,3,4,0,0,0,0,0,0,0,72,2,22,4100,0,70+,1,-1.242465034769581,1.276847264533494
3969,1974,Master,Together,43018.0,0,1,2013-11-01,46,35,4,17,7,6,64,1,2,2,2,5,0,0,0,0,0,0,0,51,1,133,4296,0,50-59,0,-1.4192363589783998,0.21033588357586414
1916,1954,Master,Married,45736.0,0,1,2013-07-24,92,188,3,180,20,3,43,5,7,1,6,7,0,0,0,0,0,0,0,71,1,437,4396,0,70+,4,0.08364606779567454,0.9443415410346597
9907,1969,Master,Together,66476.0,0,1,2013-12-04,80,742,28,152,25,9,57,2,6,8,10,4,0,0,0,0,0,0,0,56,1,1013,4263,0,50-59,2,1.685166790074441,0.8227456141441061
87,1981,2n Cycle,Married,27733.0,1,0,2013-08-26,16,0,7,5,26,2,17,2,2,0,3,7,0,0,0,0,0,0,0,44,1,57,4363,0,40-49,0,-2.0261713256600524,-1.0779381091494153
8659,1952,PhD,Together,69805.0,0,1,2014-01-21,50,750,71,174,13,10,20,2,6,8,11,2,0,0,0,0,0,0,0,73,1,1038,4215,0,70+,5,2.422078558512974,0.2681637989749687
6262,1962,Master,Single,72217.0,0,0,2013-04-10,93,816,42,450,55,56,154,1,3,10,8,2,0,0,0,0,0,0,0,63,0,1573,4501,0,60-69,5,1.9720088433456977,1.896340622703012
6147,1971,Graduation,Divorced,25818.0,1,0,2012-10-18,51,5,2,8,2,2,9,1,0,1,2,7,0,0,0,0,0,0,0,54,1,28,4675,0,50-59,3,-2.3667495345914698,0.34128181657095724
8832,1976,Master,Together,37509.0,1,0,2012-09-12,24,37,5,56,12,8,5,2,3,0,4,7,0,0,0,0,0,0,0,49,1,123,4711,0,40-49,0,-1.444899516226662,-0.8960069748626452
10067,1976,2n Cycle,Together,25176.0,1,1,2013-08-10,79,4,0,4,0,0,5,1,1,0,2,7,0,0,0,0,0,0,0,49,2,13,4379,0,40-49,3,-2.3124113017215393,1.0535504030438123
7532,1980,Graduation,Married,43586.0,0,1,2012-08-30,26,99,2,11,4,0,16,3,3,0,4,8,0,0,0,0,0,0,0,45,1,132,4724,0,40-49,0,-1.5251445828056212,-0.9752611074976599
4915,1956,2n Cycle,Married,53230.0,0,1,2012-08-03,86,176,72,98,136,21,229,4,5,2,12,5,0,0,0,0,0,0,0,69,1,732,4751,0,60-69,5,1.3642114602864377,1.0533144547567552
2115,1957,Graduation,Together,50116.0,1,1,2014-06-20,68,54,0,10,0,0,2,2,1,0,4,5,0,0,0,1,0,0,0,68,2,66,4065,1,60-69,1,-0.9701025042252456,1.131583854854016
2088,1972,Graduation,Together,84906.0,0,0,2013-10-04,98,997,15,414,99,30,76,1,5,6,12,2,0,1,0,1,1,0,0,53,0,1631,4324,1,50-59,2,2.987552398762115,1.6694306778314838
2493,1966,Graduation,Married,61286.0,0,1,2013-08-02,34,356,0,107,19,9,117,2,7,1,8,5,0,0,0,0,0,0,0,59,1,608,4387,0,50-59,4,0.9580173425475326,-0.7527638061904696
6292,1986,PhD,Married,82333.0,0,0,2013-03-30,60,1311,0,359,46,89,17,1,4,3,10,2,0,0,0,0,1,1,0,39,0,1822,4512,1,30-39,2,2.494981999716519,0.5038129702717059
1631,1965,PhD,Together,65220.0,0,0,2012-09-03,3,890,63,292,0,25,12,4,8,4,7,6,0,0,0,0,0,1,0,60,0,1282,4720,1,50-59,4,1.4374931114002858,-1.9219129389314942
10104,1974,Graduation,Together,33590.0,2,1,2013-11-03,65,4,0,2,0,0,2,1,1,0,2,7,0,0,0,0,0,0,0,51,3,8,4294,0,50-59,3,-2.1375575947941163,0.6571205985715067
3006,1976,Graduation,Divorced,30992.0,1,0,2013-04-22,83,17,0,14,7,3,2,1,1,0,3,7,0,0,0,0,0,0,0,49,1,43,4489,0,40-49,3,-2.0308635094990244,1.1656545545636714
3919,1976,Master,Single,72309.0,0,0,2013-03-11,64,960,0,883,50,38,0,1,5,6,8,3,1,0,0,0,0,1,0,49,0,1931,4531,1,40-49,2,2.208746939159854,0.5173215614280291
11181,1949,PhD,Married,156924.0,0,0,2013-08-29,85,2,1,2,1,1,1,0,0,0,0,0,0,0,0,0,0,0,0,76,0,8,4360,0,70+,5,1.1462428377922618,2.773472597730776
642,1980,Basic,Married,16005.0,1,0,2012-08-14,69,1,3,2,20,30,47,3,2,1,2,8,0,0,0,0,0,0,0,45,1,103,4740,0,40-49,3,-2.481633277141219,0.4551669922488835
4369,1957,Master,Absurd,65487.0,0,0,2014-01-10,48,240,67,500,199,0,163,3,3,5,6,2,0,0,0,0,0,0,0,68,0,1169,4226,0,60-69,5,1.26249390260382,0.5935061200376
10127,1965,Graduation,Married,58692.0,0,1,2014-04-06,21,301,11,61,4,7,11,1,8,2,4,7,0,0,0,0,0,0,0,60,1,395,4140,0,50-59,4,-0.019622209721472366,-1.392105363706424
271,1969,Graduation,Widow,40590.0,1,1,2013-10-02,30,154,0,50,6,11,37,5,3,4,3,6,0,0,1,0,0,0,0,56,2,258,4326,1,50-59,0,-1.1779988011744489,-0.500004403135386
4973,1970,Graduation,Single,20587.0,1,0,2014-05-11,39,2,3,6,4,1,9,1,1,1,2,7,0,0,0,0,0,0,0,55,1,25,4105,0,50-59,0,-2.325858100956975,-0.14271067341530053
2948,1954,Master,Divorced,62637.0,0,1,2014-03-01,76,104,12,48,4,12,5,1,2,2,5,2,0,0,0,0,0,0,0,71,1,185,4176,0,70+,1,0.14468975200950251,1.6513890742607986
2715,1966,Master,Divorced,29435.0,1,1,2012-08-06,11,70,3,37,4,2,64,4,3,2,2,9,0,0,0,0,0,1,0,59,2,180,4748,1,50-59,0,-2.0293763728216145,-1.412314341591644
10432,1974,Graduation,Divorced,19346.0,1,0,2014-01-30,26,2,0,9,3,6,2,1,1,0,3,8,0,0,0,0,0,0,0,51,1,22,4206,0,50-59,0,-2.412061383658149,-0.7281925239839546
9216,1971,Graduation,Married,35788.0,1,1,2014-01-23,34,23,2,11,3,1,4,2,2,0,3,6,0,0,0,0,0,0,0,54,2,44,4213,0,50-59,0,-1.6049144186305568,-0.28918502939046775
7124,1968,Graduation,Divorced,36997.0,1,1,2013-02-01,72,43,4,12,8,0,27,5,2,1,4,5,0,0,0,0,0,0,0,57,2,94,4569,0,50-59,3,-1.1938030208137356,1.0126312131856494
9727,1957,Graduation,Married,23539.0,0,0,2014-02-28,13,4,24,11,16,1,25,1,2,0,4,6,0,0,0,0,0,0,0,68,0,81,4177,0,60-69,1,-1.4930034535412902,-0.8633075283976417
5136,1973,Graduation,Single,65333.0,0,1,2014-01-17,58,654,7,92,0,15,30,7,9,4,8,6,0,0,0,1,1,0,0,52,1,798,4219,1,50-59,4,1.2268580158692588,-0.40616954103124026
9790,1957,Graduation,Single,78499.0,0,0,2013-11-23,12,912,72,170,47,36,97,1,11,3,4,4,0,0,0,0,1,1,0,68,0,1334,4274,1,60-69,4,2.099943237433086,-1.558360477355675
1818,1971,PhD,Together,29732.0,1,0,2014-03-25,23,25,0,8,0,1,4,1,2,0,2,9,0,0,0,0,0,0,0,54,1,38,4152,0,50-59,0,-2.334180272458172,-0.9721272095915126
1100,1960,Master,Together,41275.0,1,2,2014-03-24,33,24,4,22,0,2,9,4,3,1,3,5,0,0,0,0,0,0,0,65,3,61,4153,0,60-69,1,-1.0666699065281127,-0.19676164089791423
7873,1973,PhD,Together,63516.0,1,1,2013-07-06,30,141,11,114,15,14,5,4,4,1,7,5,0,0,0,0,0,0,0,52,2,300,4414,0,50-59,0,0.10970232772040021,-0.5754934330458343
10609,1962,PhD,Married,42769.0,0,1,2013-10-12,15,71,0,13,3,1,0,2,1,1,4,4,0,0,0,0,0,0,0,63,1,88,4316,0,60-69,1,-1.0108315881705134,-0.4606170586749438
6950,1958,Master,Married,49572.0,1,1,2013-12-15,25,35,1,16,0,1,1,2,2,0,3,7,0,0,0,0,0,0,0,67,2,54,4252,0,60-69,1,-1.3346479816274168,-0.532895121529028
7233,1972,Graduation,Married,69209.0,0,0,2012-09-17,4,496,32,849,229,48,128,2,5,3,6,4,1,0,0,0,0,0,0,53,0,1782,4706,1,50-59,2,1.6125139956898153,-1.3783578140488015
9481,1976,Graduation,Married,17148.0,1,0,2014-01-28,80,9,9,11,13,10,16,4,3,1,3,8,0,0,0,0,0,0,0,49,1,68,4208,0,40-49,3,-2.159370465211832,0.7045925296722391
7699,1969,Graduation,Widow,40590.0,1,1,2013-10-02,30,154,0,50,6,11,37,5,3,4,3,6,0,0,1,0,0,0,0,56,2,258,4326,1,50-59,0,-1.1779988011744489,-0.500004403135386
2711,1976,Master,Together,30560.0,1,0,2013-06-27,6,9,1,5,4,5,7,1,1,0,3,7,0,0,0,0,0,0,0,49,1,31,4423,0,40-49,0,-2.0692534529773723,-1.2250729123813635
8933,1983,2n Cycle,Married,32146.0,1,0,2014-05-12,16,26,3,23,4,7,3,2,2,0,4,6,0,0,0,0,0,0,0,42,1,66,4104,0,40-49,0,-1.6603203825611461,-0.9938442369171399
8726,1964,2n Cycle,Divorced,41713.0,1,1,2014-04-29,57,77,8,44,10,10,25,5,3,1,4,6,0,0,0,0,0,0,0,61,2,174,4117,0,60-69,1,-1.0138062667232466,0.3661257194524025
1515,1975,Master,Together,34176.0,0,1,2014-01-22,9,11,2,7,4,2,2,1,1,0,3,3,0,0,0,0,0,0,0,50,1,28,4214,0,40-49,0,-1.3752794855712627,-0.6446378071095146
5186,1955,PhD,Married,58482.0,0,1,2014-03-12,59,576,7,115,19,7,7,2,7,4,9,6,0,0,0,1,0,0,0,70,1,731,4165,1,60-69,4,1.1416897591828263,-0.025911089572666645
10157,1965,Graduation,Single,59686.0,0,1,2014-01-25,78,89,15,89,34,42,5,1,4,1,6,4,0,0,0,0,0,0,0,60,1,274,4211,0,50-59,1,0.1340299232423733,1.123347863550328
5667,1964,PhD,Married,60896.0,0,1,2012-10-11,90,1013,30,399,60,46,153,3,9,10,4,6,0,0,0,0,0,1,0,61,1,1701,4682,1,60-69,4,1.4397928921892271,0.7276779130236721
902,1980,Graduation,Together,62994.0,1,0,2014-03-04,74,224,12,48,4,12,12,1,6,2,4,6,0,0,0,0,0,0,0,45,1,312,4173,0,40-49,3,-0.2895894591648633,0.4605306385274589
977,1957,Graduation,Together,47320.0,0,1,2013-08-01,10,200,19,111,50,15,19,6,5,1,8,6,0,0,0,0,0,0,0,68,1,414,4388,0,60-69,4,0.21584994858490086,-1.3379039020033894
7313,1949,2n Cycle,Widow,74859.0,0,0,2013-06-03,63,570,73,614,133,102,73,1,6,5,11,3,1,0,0,0,0,0,0,76,0,1565,4447,1,70+,5,2.8476239111510955,0.5758970992622798
7600,1992,Basic,Single,15253.0,1,0,2013-10-28,13,1,3,3,8,1,13,2,1,0,3,7,0,0,0,0,0,0,0,33,1,29,4300,0,30-39,0,-2.552446687712949,-1.1927249640365338
9706,1974,PhD,Single,31560.0,1,0,2013-06-24,98,62,1,20,4,0,7,2,2,1,3,8,0,0,0,0,0,0,0,51,1,94,4426,0,50-59,3,-1.9699304995528135,1.4231431071258482
2429,1954,Graduation,Divorced,72071.0,0,1,2013-02-14,4,531,69,300,150,138,150,3,5,4,8,2,0,0,0,0,0,0,0,71,1,1338,4556,0,70+,5,2.1110756872686087,-1.0016203527148535
3520,1990,Master,Single,91172.0,0,0,2013-03-27,94,162,28,818,0,28,56,0,4,3,7,3,1,1,1,0,1,1,0,35,0,1092,4515,1,30-39,2,1.414724392139282,1.5224710205172036
10394,1984,Graduation,Married,90000.0,0,0,2013-12-23,91,675,144,133,94,192,241,1,4,8,5,1,1,0,1,0,1,0,0,41,0,1479,4244,1,40-49,2,1.8075822524940228,1.7530736007235597
4548,1981,Graduation,Single,41967.0,1,1,2013-11-23,66,23,4,10,0,2,15,1,1,0,3,4,0,0,0,0,0,0,0,44,2,54,4274,0,40-49,3,-1.418968744598308,0.9679348139492233
9362,1965,Graduation,Single,69263.0,0,1,2014-03-05,14,492,5,32,13,5,21,1,9,1,7,6,0,0,0,1,0,0,0,60,1,568,4172,1,50-59,4,1.0472741668218175,-1.6557666918613743
3968,1970,2n Cycle,Divorced,65706.0,0,0,2013-06-28,77,918,10,129,13,0,129,1,11,3,12,7,0,1,0,1,1,1,0,55,0,1199,4422,1,50-59,4,2.3083329697294626,-0.23388000548399815
4084,1975,Graduation,Together,60934.0,0,1,2014-01-17,41,224,155,155,192,93,54,2,6,4,11,4,0,0,0,0,0,0,0,50,1,873,4219,0,40-49,2,1.5251875931190955,-0.4762854960995275
6721,1951,Graduation,Married,71965.0,0,1,2013-07-29,21,572,19,286,50,38,248,3,6,3,5,3,0,0,0,0,0,0,0,74,1,1213,4391,0,70+,5,1.5863485207577115,-0.5952342075937015
2829,1955,Graduation,Married,65210.0,0,1,2014-03-10,25,626,0,70,0,7,28,2,9,3,8,6,1,0,0,1,0,0,0,70,1,731,4167,1,60-69,4,1.379165798735076,-1.2596968845223488
1772,1975,PhD,Married,79174.0,0,0,2013-01-11,2,1074,37,518,193,92,129,1,5,6,7,2,1,0,0,0,1,1,0,50,0,2043,4590,1,40-49,2,2.436419049966564,-1.2442976500599716
1544,1967,Master,Divorced,81380.0,0,0,2012-12-22,51,741,68,689,224,68,103,1,4,2,10,2,0,0,0,0,0,0,0,58,0,1893,4610,0,50-59,2,2.766502018712927,0.3980158472229169
492,1973,PhD,YOLO,48432.0,0,1,2012-10-18,3,322,3,50,4,3,42,5,7,1,6,8,0,0,0,0,0,0,0,52,1,424,4675,0,50-59,4,-0.2856873440235327,-2.107276493973463
4377,1971,Graduation,Married,52914.0,0,1,2013-01-07,32,254,10,44,30,10,227,2,7,3,3,7,0,0,1,0,0,0,0,54,1,575,4594,1,50-59,4,-0.3255121366079799,-0.992946793576025
4541,1955,Graduation,Together,38946.0,0,1,2013-10-24,84,116,6,82,6,6,41,2,3,1,6,5,0,0,0,0,0,0,0,70,1,257,4304,0,60-69,1,-0.43353948711421697,1.3482349624751933
1321,1974,Graduation,Married,26067.0,1,0,2013-11-04,49,22,2,18,0,2,12,3,3,0,3,8,0,0,0,0,0,0,0,51,1,56,4293,0,50-59,3,-1.9853637687677108,-0.2181398227653108
8858,1972,PhD,Married,44325.0,0,1,2013-03-07,69,516,0,21,0,0,5,4,8,2,7,8,0,0,0,1,0,0,0,53,1,542,4535,1,50-59,4,0.0445467939292465,-0.19597283879182525
3266,1964,Graduation,Married,42523.0,0,0,2014-04-23,96,14,36,11,3,26,35,1,1,1,4,2,0,0,0,0,0,0,0,61,0,125,4123,0,60-69,1,-0.6797550620423061,2.267898360670722
11187,1978,Basic,Single,26487.0,1,0,2013-05-20,23,2,8,10,12,14,23,3,2,1,3,5,0,0,0,0,0,0,0,47,1,69,4461,0,40-49,0,-1.693307955864173,-0.6009879562143605
8207,1957,2n Cycle,Married,53233.0,0,1,2014-03-18,18,28,0,9,3,0,0,1,1,0,3,4,0,0,0,0,0,0,0,68,1,40,4159,0,60-69,1,-0.9383629842412514,-0.27074672513965414
9723,1960,Graduation,Married,67716.0,0,1,2013-01-10,8,530,142,217,62,9,56,4,7,4,13,5,0,0,0,1,0,0,0,65,1,1016,4591,1,60-69,4,2.2183011734549574,-1.6244375762889804
2666,1972,Master,Married,76234.0,0,1,2014-02-06,21,519,50,167,130,0,41,1,8,3,11,3,0,0,0,1,0,0,0,53,1,907,4199,1,50-59,2,2.2925478062206444,-1.1358733007562807
5721,1956,PhD,Married,84117.0,0,0,2014-05-11,60,611,76,749,59,45,26,1,7,10,6,2,0,0,0,0,1,0,0,69,0,1566,4105,1,60-69,5,2.4941857584048535,0.5681572786111321
10652,1957,Master,Together,65487.0,0,0,2014-01-10,48,240,67,500,199,0,163,3,3,5,6,2,0,0,0,0,0,0,0,68,0,1169,4226,0,60-69,5,1.26249390260382,0.5935061200376
1646,1972,Basic,Married,25224.0,1,0,2014-03-16,36,4,9,12,11,2,8,2,1,1,3,3,0,0,0,0,0,0,0,53,1,46,4161,0,50-59,0,-1.484856101436714,0.20054004307213097
4418,1983,Master,Single,89616.0,0,0,2013-02-25,36,671,47,655,145,111,15,1,7,5,12,2,0,0,0,0,0,1,0,42,0,1644,4545,1,40-49,2,3.2021833729650693,-0.5660280090177812
2656,1971,Graduation,Divorced,40851.0,1,1,2013-02-21,63,23,1,7,0,4,24,1,1,1,2,7,0,0,0,0,0,0,0,54,2,59,4549,0,50-59,3,-1.9218397255210213,0.6380055817825881
7990,1947,Graduation,Married,27469.0,0,0,2012-08-02,2,9,1,2,3,2,0,1,0,0,3,6,0,0,0,0,0,0,0,78,0,17,4752,0,70+,1,-1.7651450941704314,-0.8574214469036838
8722,1957,2n Cycle,Married,82347.0,0,0,2012-11-06,38,556,54,845,202,133,63,1,7,7,10,3,1,0,1,0,0,1,0,68,0,1853,4656,1,60-69,5,3.1141163295405607,-0.3526552477001168
7118,1957,Graduation,Married,73803.0,0,1,2012-08-01,61,833,80,363,52,26,174,2,9,5,6,6,0,0,1,0,0,1,0,68,1,1528,4753,1,60-69,4,1.9062198333046396,-0.12007559032618578
2980,1952,Master,Single,8820.0,1,1,2013-03-22,52,12,0,13,4,2,4,4,3,0,3,8,0,0,0,0,0,0,0,73,2,35,4520,0,70+,1,-2.058227086095069,0.04263358322598644
1839,1974,Graduation,Single,43322.0,0,0,2014-04-21,25,56,7,48,10,2,18,1,3,0,4,7,0,0,0,0,0,0,0,51,0,141,4125,0,50-59,0,-1.2956709360496712,-0.8335518829086028
10722,1973,Graduation,Together,55593.0,0,1,2013-08-21,63,293,8,124,11,4,106,2,6,6,3,6,0,0,1,0,0,0,0,52,1,546,4368,1,50-59,3,-0.29476835974770826,0.18410858307542025
2632,1954,Graduation,Married,50501.0,1,1,2013-06-18,10,297,0,38,13,0,152,7,5,4,4,6,0,0,1,0,0,1,0,71,2,500,4432,1,70+,1,-0.1982773625891479,-1.2082049884810593
9014,1975,Graduation,Married,37085.0,1,1,2014-06-26,65,39,1,16,2,0,3,4,3,0,3,8,0,0,0,0,0,0,0,50,2,61,4059,0,40-49,3,-1.7818579702625703,0.29412818468996854
7620,1990,Basic,Single,16185.0,1,0,2013-08-05,71,5,11,16,21,8,45,2,2,2,2,8,0,0,0,0,0,0,0,35,1,106,4384,0,30-39,3,-2.59727222247377,0.423776015858123
10968,1969,Graduation,Single,57731.0,0,1,2012-11-23,0,266,21,300,65,8,44,4,8,8,6,6,0,0,0,0,0,0,0,56,1,704,4639,0,50-59,4,0.6138985619274743,-2.025506603621783
11133,1973,PhD,YOLO,48432.0,0,1,2012-10-18,3,322,3,50,4,3,42,5,7,1,6,8,0,0,0,0,0,1,0,52,1,424,4675,1,50-59,4,-0.2856873440235327,-2.107276493973463
2736,1978,Graduation,Married,73807.0,0,1,2013-01-02,88,366,124,156,71,78,54,2,5,5,11,2,0,0,0,0,0,0,0,47,1,849,4599,0,40-49,2,1.897801100372144,1.3285493439037208
1876,1990,Graduation,Married,18929.0,0,0,2013-02-16,15,32,0,8,23,4,18,1,1,0,4,6,0,0,0,0,0,0,0,35,0,85,4554,0,30-39,0,-2.1114845155188933,-1.0123325811712238
5959,1968,Graduation,Single,35893.0,1,1,2012-10-15,80,158,0,23,0,0,18,6,3,1,5,8,0,0,0,0,0,0,0,57,2,199,4678,0,50-59,3,-1.3070111120491072,0.7693064332165198
1092,1980,Graduation,Married,61014.0,0,1,2012-08-11,17,269,129,495,182,43,29,4,9,3,4,7,0,0,0,0,0,0,0,45,1,1147,4743,0,40-49,4,0.6066649278058207,-1.7864757766188917
4333,1954,Graduation,Together,32144.0,1,1,2014-03-23,76,41,0,10,0,0,3,4,2,1,3,7,0,0,0,1,0,0,0,71,2,54,4154,1,70+,1,-1.6003956530192207,1.047903836199129
3850,1963,Basic,Together,14918.0,0,1,2012-12-07,52,3,3,3,15,4,15,1,1,0,3,6,0,0,0,0,0,0,0,62,1,43,4625,0,60-69,1,-2.028848936053543,0.4059845934498175
6168,1963,Graduation,Divorced,45146.0,1,1,2013-07-15,28,33,0,5,0,0,15,2,1,1,2,4,0,0,0,0,0,0,0,62,2,53,4405,0,60-69,1,-1.2959739915155766,-0.011208112918513945
607,1955,2n Cycle,Divorced,41769.0,0,1,2013-02-13,31,302,29,131,32,0,27,6,8,1,7,8,0,0,0,0,0,0,0,70,1,521,4557,0,60-69,4,0.1763407115839959,-1.2212177386659884
10469,1981,Graduation,Together,88325.0,0,0,2014-02-05,42,519,71,860,93,27,53,1,6,2,9,2,0,0,0,0,0,0,0,44,0,1623,4200,0,40-49,2,2.6160652059071468,-0.1812801015211283
6983,1950,Master,Divorced,38054.0,1,1,2014-05-01,24,23,2,17,2,1,0,2,2,0,3,7,0,0,0,0,0,0,0,75,2,45,4115,0,70+,1,-1.4615548682246329,-0.5149069173217252
3661,1995,2n Cycle,Single,80617.0,0,0,2012-10-12,42,594,51,631,72,55,32,1,4,6,8,2,0,0,0,0,0,0,0,30,0,1435,4681,0,18-29,2,1.7302957447885172,-0.08134195197690067
9303,1976,Graduation,Married,5305.0,0,1,2013-07-30,12,12,4,7,1,3,5,0,1,0,0,13,0,0,0,0,0,0,0,49,1,32,4390,0,40-49,0,-3.902572708201215,-1.727959821844643
692,1954,Graduation,Together,36807.0,1,1,2012-12-20,88,4,2,5,0,0,5,1,1,0,2,6,0,0,0,0,0,0,0,71,2,16,4612,0,70+,1,-1.6662408511756275,1.6830899804959052
736,1983,Graduation,Together,28427.0,1,0,2013-03-21,67,18,3,19,3,3,6,2,2,0,3,8,0,0,0,0,0,0,0,42,1,52,4521,0,40-49,3,-2.1822696254462017,0.37075699738781337
9589,1948,PhD,Widow,82032.0,0,0,2014-04-05,54,332,194,377,149,125,57,0,4,6,7,1,0,0,0,0,0,0,0,77,0,1234,4141,0,70+,5,2.172462925052818,0.8837542028808409
4838,1978,Graduation,Together,22775.0,1,0,2013-06-19,40,5,1,8,0,0,1,1,1,0,2,8,0,0,0,0,0,0,0,47,1,15,4431,0,40-49,0,-2.544388872351945,-0.29874781461307665
9246,1985,Master,Together,40101.0,1,0,2012-10-14,73,171,3,129,26,24,62,4,6,1,6,7,0,0,0,0,0,0,0,40,1,415,4679,0,30-39,3,-0.5571191910200103,0.16076411965297074
6261,1979,Graduation,Married,58025.0,0,1,2013-11-26,81,270,31,88,11,48,22,3,3,2,10,4,0,0,0,0,0,0,0,46,1,470,4271,0,40-49,2,0.5482220515801939,1.0864439716274947
7366,1982,Master,Single,75777.0,0,0,2013-07-04,12,712,26,538,69,13,80,1,3,6,11,1,0,0,0,1,1,1,0,43,0,1438,4416,1,40-49,2,2.251030461165725,-0.7483202710371232
10659,1979,2n Cycle,Together,7500.0,1,0,2013-05-07,7,2,8,11,3,8,21,4,3,2,2,7,0,0,0,0,0,0,0,46,1,53,4474,0,40-49,0,-2.401181558520968,-1.469343791625274
1448,1963,Master,Married,33562.0,1,2,2014-06-25,33,21,12,12,0,3,3,3,2,0,4,4,0,0,0,0,0,0,0,62,3,51,4060,0,60-69,1,-1.0899828954113087,-0.04005113652579818
4286,1970,PhD,Single,57642.0,0,1,2014-01-09,24,580,6,58,8,0,27,3,7,6,6,4,0,0,1,0,0,0,0,55,1,679,4227,1,50-59,4,0.7601771026660495,-0.9454251664506915
4749,1968,Graduation,Together,58554.0,1,1,2012-09-26,55,368,24,68,38,0,88,6,8,2,6,7,0,0,0,0,0,0,0,57,2,586,4697,0,50-59,4,0.4026313782324528,-0.4203416187765038
4478,1979,Graduation,Married,63777.0,1,1,2013-03-24,87,457,5,106,15,17,53,8,11,1,6,8,0,0,0,0,0,0,0,46,2,653,4518,0,40-49,4,0.6759420505482829,0.0349380061165707
4201,1962,Graduation,Single,57967.0,0,1,2013-03-03,39,229,7,137,4,0,91,5,4,2,8,5,0,0,0,0,0,0,0,63,1,468,4539,0,60-69,1,0.42934543039806405,-0.2357154883288307
10084,1972,Graduation,Married,24434.0,2,0,2014-05-18,9,3,2,8,20,0,17,2,2,1,2,7,0,0,0,0,0,0,0,53,2,50,4098,0,50-59,0,-2.1318838011919397,-1.1938030992544737
7004,1984,Graduation,Single,11012.0,1,0,2013-03-16,82,24,3,26,7,1,23,3,3,1,2,9,0,0,1,0,0,0,0,41,1,84,4526,1,40-49,3,-2.6581194272166018,0.5840068143241768
9817,1970,Master,Single,44802.0,0,0,2012-08-21,71,853,10,143,13,10,20,2,9,4,12,8,0,0,0,0,0,0,0,55,0,1049,4733,0,50-59,4,1.367555145317757,-0.36204053276646214
8080,1986,Graduation,Single,26816.0,0,0,2012-08-17,50,5,1,6,3,4,3,1,0,0,3,4,0,0,0,0,0,0,0,39,0,22,4737,0,30-39,0,-1.9290274691783689,0.4999215997835355
9432,1977,Graduation,Together,666666.0,1,0,2013-06-02,23,9,14,18,8,1,12,4,3,1,3,6,0,0,0,0,0,0,0,48,1,62,4448,0,40-49,2,10.337381942574348,0.644222748387772
8372,1974,Graduation,Married,34421.0,1,0,2013-07-01,81,3,3,7,6,2,9,1,1,0,2,7,0,0,0,0,0,0,0,51,1,30,4419,0,50-59,3,-2.099188370328121,1.154918647755545
10870,1967,Graduation,Married,61223.0,0,1,2013-06-13,46,709,43,182,42,118,247,2,9,3,4,5,0,0,0,0,0,0,0,58,1,1341,4437,0,50-59,4,1.248176520813217,-0.5357656745414539
4001,1946,PhD,Together,64014.0,2,1,2014-06-10,56,406,0,30,0,0,8,7,8,2,5,7,1,0,0,0,0,0,0,79,3,444,4075,1,70+,4,0.5087076134734972,-0.14132816499083697
7270,1981,Graduation,Divorced,56981.0,0,0,2014-01-25,91,908,48,217,32,12,24,1,2,3,13,6,0,0,0,1,0,0,0,44,0,1241,4211,1,40-49,2,1.1535966042435766,1.1505699889266277
8235,1956,Master,Together,69245.0,0,1,2014-01-24,8,428,30,214,80,30,61,2,6,5,10,3,0,0,0,0,0,0,0,69,1,843,4212,0,60-69,5,1.8876802368271501,-1.1607369846568618
9405,1954,PhD,Married,52869.0,1,1,2012-10-15,40,84,3,61,2,1,21,3,3,1,4,7,0,0,0,0,0,1,0,71,2,172,4678,1,70+,1,-0.8418209060322478,-0.15963622863395519
