ID,Year_Birth,Education,Marital_Status,Income,Kidhome,Teenhome,Dt_Customer,Recency,MntWines,MntFruits,MntMeatProducts,MntFishProducts,MntSweetProducts,MntGoldProds,NumDealsPurchases,NumWebPurchases,NumCatalogPurchases,NumStorePurchases,NumWebVisitsMonth,AcceptedCmp1,AcceptedCmp2,AcceptedCmp3,AcceptedCmp4,AcceptedCmp5,Response,Complain,Age,Total_Children,Total_Spending,Customer_Since,AcceptedAny,AgeGroup,Cluster,PCA1,PCA2,Segment_Name
5524,1957,Graduation,Single,58138.0,0,0,2012-04-09,58,635,88,546,172,88,88,3,8,10,4,7,0,0,0,0,0,1,0,68,0,1617,4876.0,1,60-69,0,1.116349657380928,-0.4638892187626426,Economy Customers
2174,1954,Graduation,Single,46344.0,1,1,2014-08-03,38,11,1,6,2,1,6,2,1,1,2,5,0,0,0,0,0,0,0,71,2,27,4030.0,0,70+,3,-1.326258159672833,0.13850704496639585,Digital Active Customers
4141,1965,Graduation,Together,71613.0,0,0,,26,426,49,127,111,21,42,1,8,2,10,4,0,0,0,0,0,0,0,60,0,776,,0,50-59,2,1.8848838805818433,-1.053237886117936,Mid-Range Customers
6182,1984,Graduation,Together,26646.0,1,0,2014-10-02,26,11,4,20,10,3,5,2,2,0,4,6,0,0,0,0,0,0,0,41,1,53,3970.0,0,40-49,3,-1.7930379553981786,-0.4959440138089653,Digital Active Customers
5324,1981,PhD,Married,58293.0,1,0,,94,173,43,118,46,27,15,5,5,3,6,5,0,0,0,0,0,0,0,44,1,422,,0,40-49,1,0.013986197323994035,1.3250902478396385,High Value Customers
7446,1967,Master,Together,62513.0,0,1,2013-09-09,16,520,42,98,0,42,14,2,6,4,10,6,0,0,0,0,0,0,0,58,1,716,4358.0,0,50-59,2,1.061999397086721,-1.396916892446775,Mid-Range Customers
965,1971,Graduation,Divorced,55635.0,0,1,,34,235,65,164,50,49,27,4,7,3,7,6,0,0,0,0,0,0,0,54,1,590,,0,50-59,2,0.4753603205794801,-0.9290443788799314,Mid-Range Customers
6177,1985,PhD,Married,33454.0,1,0,2013-08-05,32,76,10,56,3,1,23,2,4,0,4,8,0,0,0,0,0,0,0,40,1,169,4393.0,0,30-39,3,-1.6201373163492099,-0.8348168037008424,Digital Active Customers
4855,1974,PhD,Together,30351.0,1,0,2013-06-06,19,14,0,24,3,3,2,1,3,0,2,9,0,0,0,0,0,1,0,51,1,46,4453.0,1,50-59,3,-2.222280511683764,-1.2350213323492296,Digital Active Customers
5899,1950,PhD,Together,5648.0,1,1,,68,28,0,6,1,1,13,1,1,0,0,20,0,0,1,0,0,0,0,75,2,49,,1,70+,1,-4.607999130489297,-1.1863391986493776,High Value Customers
387,1976,Basic,Married,7500.0,0,0,,59,6,16,11,11,1,16,1,2,0,3,8,0,0,0,0,0,0,0,49,0,61,,0,40-49,3,-2.4867986936147415,0.13953712457009626,Digital Active Customers
2125,1959,Graduation,Divorced,63033.0,0,0,,82,194,61,480,225,112,30,1,3,4,8,2,0,0,0,0,0,0,0,66,0,1102,,0,60-69,4,1.44277746177952,1.5405855791613765,Store-Focused Customers
8180,1952,Master,Divorced,59354.0,1,1,,53,233,2,53,3,5,14,3,6,1,5,6,0,0,0,0,0,0,0,73,2,310,,0,70+,2,0.13467102854552748,-0.23871993930436683,Mid-Range Customers
2569,1987,Graduation,Married,17323.0,0,0,2012-10-10,38,3,14,17,6,1,5,1,1,0,3,8,0,0,0,0,0,0,0,38,0,46,4692.0,0,30-39,3,-2.5952030159277863,-0.2884759015725436,Digital Active Customers
2114,1946,PhD,Single,82800.0,0,0,,23,1006,22,115,59,68,45,1,7,6,12,3,1,0,0,0,1,1,0,79,0,1315,,1,70+,2,3.1055248725907836,-0.9503194733038791,Mid-Range Customers
9736,1980,Graduation,Married,41850.0,1,1,,51,53,5,19,2,13,4,3,3,0,3,8,0,0,0,0,0,0,0,45,2,96,,0,40-49,3,-1.7328775937931369,-0.10656312835086372,Digital Active Customers
4939,1946,Graduation,Together,37760.0,0,0,,20,84,5,38,150,12,28,2,4,1,6,7,0,0,0,0,0,0,0,79,0,317,,0,70+,2,-0.4705128970530293,-1.2159346518449496,Mid-Range Customers
6565,1949,Master,Married,76995.0,0,1,,91,1012,80,498,0,16,176,2,11,4,9,5,1,0,0,0,0,0,0,76,1,1782,,1,70+,0,3.1569094211798836,0.33192185870875607,Economy Customers
2278,1985,2n Cycle,Single,33812.0,1,0,2012-03-11,86,4,17,19,30,24,39,2,2,1,3,6,0,0,0,0,0,0,0,40,1,133,4905.0,0,30-39,1,-1.7328605688406196,1.3398961331897876,High Value Customers
9360,1982,Graduation,Married,37040.0,0,0,2012-08-08,41,86,2,73,69,38,48,1,4,2,5,8,0,0,0,0,0,0,0,43,0,316,4755.0,0,40-49,3,-1.2418706450171821,-0.5893045357606378,Digital Active Customers
5376,1979,Graduation,Married,2447.0,1,0,2013-06-01,42,1,1,1725,1,1,1,15,0,28,0,1,0,0,0,0,0,0,0,46,1,1730,4458.0,0,40-49,3,-0.846859468884716,0.9318250667148855,Digital Active Customers
1993,1949,PhD,Married,58607.0,0,1,,63,867,0,86,0,0,19,3,2,3,9,8,0,0,0,1,0,0,0,76,1,972,,1,70+,2,0.4649827073981417,0.18542782074722863,Mid-Range Customers
4047,1954,PhD,Married,65324.0,0,1,2014-11-01,0,384,0,102,21,32,5,3,6,2,9,4,0,0,0,0,0,0,0,71,1,544,3940.0,0,70+,2,1.2940354275750705,-1.601899261833404,Mid-Range Customers
1409,1951,Graduation,Together,40689.0,0,1,,69,270,3,27,39,6,99,7,7,1,5,8,0,0,0,0,0,0,0,74,1,444,,0,70+,2,-0.26009266888555055,-0.23752751541909076,Mid-Range Customers
7892,1969,Graduation,Single,18589.0,0,0,2013-02-01,89,6,4,25,15,12,13,2,2,1,3,7,0,0,0,0,0,0,0,56,0,75,4578.0,0,50-59,1,-2.0145205304287765,1.1860384291132213,High Value Customers
2404,1976,Graduation,Married,53359.0,1,1,,4,173,4,30,3,6,41,4,5,1,4,7,0,0,0,0,0,0,0,49,2,257,,0,40-49,3,-0.7776323534998648,-1.6253538099501559,Digital Active Customers
9422,1989,Graduation,Married,38360.0,1,0,,26,36,2,42,20,21,10,2,2,1,4,3,0,0,0,0,0,0,0,36,1,131,,0,30-39,3,-1.1108214739859292,-0.01823578976275244,Digital Active Customers
1966,1965,PhD,Married,84618.0,0,0,,96,684,100,801,21,66,0,1,6,9,10,2,0,0,0,0,1,0,0,60,0,1672,,1,50-59,4,2.945489316726264,1.6084210415586226,Store-Focused Customers
6864,1989,Master,Divorced,10979.0,0,0,,34,8,4,10,2,2,4,2,3,0,3,5,0,0,0,0,0,0,0,36,0,30,,0,30-39,3,-2.0283589270222975,-0.2550542610642092,Digital Active Customers
3033,1963,Master,Together,38620.0,0,0,2013-11-05,56,112,17,44,34,22,89,1,2,5,3,3,0,0,0,0,0,0,0,62,0,318,4301.0,0,60-69,1,-0.7510971654910892,0.8096823246881714,High Value Customers
5710,1970,Graduation,Together,40548.0,0,1,2012-10-10,31,110,0,5,2,0,3,2,2,1,4,5,0,0,0,1,0,0,0,55,1,120,4692.0,1,50-59,3,-1.1401706877172586,-0.20957945150797436,Digital Active Customers
7373,1952,PhD,Divorced,46610.0,0,2,,8,96,12,96,33,22,43,6,4,1,6,6,0,0,0,0,0,1,0,73,2,302,,1,70+,2,-0.2439023475984318,-1.3836676509179675,Mid-Range Customers
8755,1946,Master,Married,68657.0,0,0,,4,482,34,471,119,68,22,1,3,5,9,7,0,0,0,0,0,0,0,79,0,1196,,0,70+,2,1.1509733898617152,-1.540554217653486,Mid-Range Customers
10738,1951,Master,Single,49389.0,1,1,,55,40,0,19,2,1,3,1,2,0,3,7,0,0,0,0,0,0,0,74,2,65,,0,70+,1,-1.222129142985087,0.20920677400430612,High Value Customers
4339,1970,PhD,Married,67353.0,0,1,,37,702,17,151,0,8,35,5,5,6,12,2,0,0,0,0,0,0,0,55,1,913,,0,50-59,4,2.0595279226145067,-0.09741316751129986,Store-Focused Customers
10755,1976,2n Cycle,Married,23718.0,1,0,2013-02-09,76,6,3,14,15,7,36,3,3,1,2,7,0,0,0,0,0,0,0,49,1,81,4570.0,0,40-49,1,-2.019936751585893,0.731883511948615,High Value Customers
8595,1973,Graduation,Widow,42429.0,0,1,2014-11-02,99,55,0,6,2,0,4,2,1,1,3,5,0,0,0,0,0,0,0,52,1,67,3939.0,0,50-59,1,-1.4476615208729524,1.9850797094604735,High Value Customers
2968,1943,PhD,Divorced,48948.0,0,0,2013-01-02,53,437,8,206,160,49,42,2,7,10,5,6,0,0,1,0,0,1,0,82,0,902,4608.0,1,70+,2,0.6866734531118579,-0.4358033660199935,Mid-Range Customers
8601,1980,Graduation,Married,80011.0,0,1,,3,421,76,536,82,178,102,2,8,6,5,4,0,0,0,0,0,0,0,45,1,1395,,0,40-49,2,1.6353259910930322,-1.552394591733289,Mid-Range Customers
503,1985,Master,Married,20559.0,1,0,2013-12-03,88,13,1,29,3,0,7,2,2,0,3,8,0,0,0,0,0,0,0,40,1,53,4273.0,0,30-39,1,-2.3558882062400004,1.0753500932598163,High Value Customers
8430,1957,Graduation,Together,21994.0,0,1,,4,9,0,6,3,1,3,1,0,0,3,5,0,0,0,0,0,0,0,68,1,22,,0,60-69,3,-1.8230737247230724,-0.8344939251672956,Digital Active Customers
2139,1975,Master,Married,7500.0,1,0,2013-02-10,19,3,1,10,3,2,12,3,2,0,3,5,0,0,0,0,0,0,0,50,1,31,4569.0,0,40-49,3,-2.049683185715063,-0.6310502571679216,Digital Active Customers
1371,1976,Graduation,Single,79941.0,0,0,,72,123,164,266,227,30,174,1,2,4,9,1,0,0,0,0,0,0,0,49,0,984,,0,40-49,4,1.6060143410643113,1.6025413937909105,Store-Focused Customers
9909,1996,2n Cycle,Married,7500.0,0,0,2012-09-11,24,3,18,14,15,22,50,3,3,1,3,9,0,0,0,0,0,1,0,29,0,122,4721.0,1,18-29,3,-2.7234889651694947,-1.1068440973562954,Digital Active Customers
7286,1968,Graduation,Together,41728.0,1,0,,92,13,6,15,3,5,13,1,2,0,2,10,0,0,0,0,0,0,0,57,1,55,,0,50-59,1,-2.1895711265116264,0.943444094126159,High Value Customers
6566,1954,PhD,Married,72550.0,1,1,2012-08-11,39,826,50,317,50,38,38,9,5,2,12,8,0,0,0,0,0,0,0,71,2,1319,4752.0,0,70+,2,1.7842650048063358,-0.9274973178242913,Mid-Range Customers
8614,1957,Graduation,Widow,65486.0,0,1,2014-12-05,29,245,19,125,37,67,14,1,4,2,10,2,0,0,0,0,0,0,0,68,1,507,3906.0,0,60-69,2,1.4228826277050537,-0.20792631494220826,Mid-Range Customers
4114,1964,Master,Married,79143.0,0,0,2012-11-08,2,650,37,780,27,167,32,1,6,9,13,3,0,0,0,0,0,0,0,61,0,1693,4663.0,0,60-69,4,3.1307807435597277,-1.4227686103045452,Store-Focused Customers
1331,1977,Graduation,Single,35790.0,1,0,2013-02-01,54,12,6,20,30,1,3,2,2,0,3,7,0,0,0,0,0,0,0,48,1,72,4578.0,0,40-49,3,-1.8067081861954155,0.2245494071470202,Digital Active Customers
2225,1977,Graduation,Divorced,82582.0,0,0,2014-07-06,54,510,120,550,156,40,241,1,4,9,7,1,1,0,1,0,0,1,0,48,0,1617,4058.0,1,40-49,4,2.144956158023805,0.8598914804487375,Store-Focused Customers
9381,1978,Graduation,Married,66373.0,1,1,2013-12-06,57,328,9,124,12,24,109,7,4,2,10,3,0,0,0,0,0,0,0,47,2,606,4270.0,0,40-49,4,1.1069201873819596,0.5580840825982476,Store-Focused Customers
6260,1955,Master,Together,82384.0,0,0,,55,984,51,432,180,120,190,1,3,10,13,1,0,0,0,0,1,1,0,70,0,1957,,1,60-69,4,3.4536589323971736,0.8051576120028681,Store-Focused Customers
10383,1966,Graduation,Divorced,70287.0,0,0,2013-02-04,30,295,35,482,121,120,40,1,5,5,10,3,0,0,0,0,0,1,0,59,0,1093,4575.0,1,50-59,4,1.8705115818382354,-0.40770642597792517,Store-Focused Customers
7437,1988,Graduation,Single,27938.0,1,0,,31,13,0,8,2,1,5,1,1,0,4,3,0,0,0,0,0,0,0,37,1,29,,0,30-39,3,-1.51110594019434,0.2246005777039427,Digital Active Customers
8375,1968,PhD,Married,55954.0,0,1,2014-03-03,63,447,0,28,0,0,43,3,8,2,6,7,0,0,0,0,0,0,0,57,1,518,4183.0,0,50-59,0,0.3008024206239424,-0.32170214790751134,Economy Customers
6853,1982,Master,Single,75777.0,0,0,2013-04-07,12,712,26,538,69,13,80,1,3,6,11,1,0,0,0,1,1,1,0,43,0,1438,4513.0,1,40-49,4,2.2407789795073487,-0.3561601683514783,Store-Focused Customers
3076,1975,Graduation,Together,66653.0,1,1,2012-07-09,18,452,18,102,16,18,6,4,4,2,12,3,0,0,0,0,0,0,0,50,2,612,4785.0,0,40-49,4,1.4366321983625712,-0.6586755957287939,Store-Focused Customers
1012,1952,Graduation,Single,61823.0,0,1,,26,523,7,134,37,14,169,4,8,2,10,7,0,0,0,0,0,0,0,73,1,884,,0,70+,2,1.498531434747227,-1.5533712893829377,Mid-Range Customers
6518,1951,PhD,Widow,67680.0,0,1,2013-11-06,8,546,0,48,0,6,6,1,7,3,8,5,0,0,0,0,0,0,0,74,1,606,4300.0,0,70+,2,1.2647551311157677,-1.6148504966731616,Mid-Range Customers
4137,1948,Graduation,Together,70666.0,0,0,2013-06-12,29,398,40,367,119,122,30,1,7,4,4,4,0,0,0,0,0,0,0,77,0,1076,4447.0,0,70+,2,1.3315212225205828,-0.761141049610445,Mid-Range Customers
8082,1971,Graduation,Married,25721.0,1,0,,75,1,3,6,3,6,15,1,1,1,2,7,0,0,0,0,0,1,0,54,1,34,,1,50-59,1,-2.2234388209837443,0.9505138979686528,High Value Customers
1386,1967,Graduation,Together,32474.0,1,1,2014-11-05,0,10,0,1,0,0,0,1,1,0,2,7,0,0,0,0,0,0,0,58,2,11,3936.0,0,50-59,3,-2.0855510040165957,-1.2762623484494493,Digital Active Customers
9369,1979,2n Cycle,Single,88194.0,0,1,,19,688,14,309,201,24,38,1,11,10,10,5,1,0,1,0,0,1,0,46,1,1274,,1,40-49,0,2.6786798893689303,-1.6953350242362442,Economy Customers
4477,1958,Graduation,Together,69096.0,0,1,,4,247,49,159,7,82,109,1,5,2,10,4,0,0,0,0,0,0,0,67,1,653,,0,60-69,2,1.4194512238173163,-1.3514347479594013,Mid-Range Customers
1357,1970,Graduation,Together,74854.0,1,2,2013-08-04,90,856,59,487,58,29,73,7,2,5,5,5,0,0,0,0,0,0,0,55,3,1562,4394.0,0,50-59,4,0.8819294767428153,1.6230783725926399,Store-Focused Customers
1402,1954,Master,Married,66991.0,0,0,2012-11-09,1,496,36,460,189,60,12,3,4,8,6,3,0,0,0,0,0,0,0,71,0,1253,4662.0,0,70+,2,1.3734263328898848,-1.1038952879637933,Mid-Range Customers
6312,1959,Graduation,Married,65031.0,0,1,,29,258,107,291,84,37,86,4,10,3,13,7,0,0,0,0,0,0,0,66,1,863,,0,60-69,0,2.1550752302250813,-1.7567831461735368,Economy Customers
8132,1975,PhD,Married,60631.0,1,1,2013-05-04,88,565,6,65,0,6,19,5,9,2,8,7,0,0,0,1,0,0,0,50,2,661,4486.0,1,40-49,0,0.8506472161523136,0.2858463906162696,Economy Customers
1050,1952,Graduation,Married,28332.0,0,0,,58,14,10,13,4,15,9,1,2,1,4,2,0,0,0,0,0,0,0,73,0,65,,0,70+,1,-0.7159443548734928,0.9202339814198547,High Value Customers
5846,1977,Graduation,Divorced,40246.0,1,0,,68,2,1,6,2,1,1,1,1,0,2,6,0,0,0,0,0,0,0,48,1,13,,0,40-49,1,-1.8938562504063021,0.9497022016129836,High Value Customers
1859,1972,Master,Married,75251.0,0,0,,34,721,111,925,97,18,18,1,7,6,5,5,0,0,0,0,0,1,0,53,0,1890,,1,50-59,4,1.7883106912585678,-0.6866605978903696,Store-Focused Customers
7503,1976,Graduation,Single,75825.0,0,0,2012-12-10,40,1032,105,779,137,105,51,0,5,8,9,4,0,0,1,0,0,1,0,49,0,2209,4631.0,1,40-49,4,2.4895660848215253,-0.1855334051487339,Store-Focused Customers
10401,1976,2n Cycle,Together,26326.0,0,0,2013-04-09,12,1,0,5,0,3,9,1,0,0,3,3,0,0,0,0,0,0,1,49,0,18,4511.0,0,40-49,3,-1.6802100166296405,-0.23512938664534305,Digital Active Customers
1618,1965,Graduation,Together,56046.0,0,0,2013-02-01,9,577,0,64,0,0,51,2,10,1,8,8,0,0,1,0,0,1,0,60,0,692,4578.0,1,50-59,2,0.8763492996980056,-2.3874176273968954,Mid-Range Customers
3332,1985,Graduation,Single,29760.0,1,0,,87,64,4,68,7,5,17,4,3,1,4,8,0,0,0,0,0,0,0,40,1,165,,0,30-39,1,-1.810245287477999,0.9216874739261919,High Value Customers
2261,1969,Graduation,Married,26304.0,1,0,,5,4,1,5,2,0,4,1,1,0,2,7,0,0,0,0,0,0,0,56,1,16,,0,50-59,3,-2.2215986922500415,-1.1400027948635074,Digital Active Customers
5346,1973,2n Cycle,Married,23559.0,1,0,2013-03-07,87,25,5,19,7,0,23,3,3,0,3,7,0,0,0,0,0,0,0,52,1,79,4544.0,0,50-59,1,-1.8370219691172196,1.0262925454018426,High Value Customers
4119,1963,Master,Together,38620.0,0,0,2013-11-05,56,112,17,44,34,22,89,1,2,5,3,3,0,0,0,0,0,0,0,62,0,318,4301.0,0,60-69,1,-0.7510971654910892,0.8096823246881714,High Value Customers
535,1987,Graduation,Divorced,81361.0,0,0,,18,163,23,424,27,65,76,1,3,10,13,1,0,0,0,0,0,0,0,38,0,778,,0,30-39,4,2.0186161642753184,-0.1832910711454463,Store-Focused Customers
5268,1960,Graduation,Married,29440.0,1,1,2013-11-08,95,17,8,14,10,4,3,2,1,0,4,7,0,0,0,0,0,0,0,65,2,56,4298.0,0,60-69,1,-1.6960511010174066,1.4753387804099274,High Value Customers
273,1970,Master,Married,36138.0,1,1,,48,130,0,16,0,0,5,5,3,1,4,7,0,0,0,1,0,0,0,55,2,151,,1,50-59,3,-1.3664968833556932,-0.12947783308940636,Digital Active Customers
4452,1957,Graduation,Single,50388.0,0,1,,3,292,6,37,0,3,34,4,6,1,6,7,1,0,0,1,0,1,0,68,1,372,,1,60-69,2,-0.06768590043786286,-1.9044855891577328,Mid-Range Customers
8504,1973,Graduation,Married,79593.0,0,0,2014-12-05,70,350,60,568,110,133,145,1,5,6,7,2,0,0,0,0,1,0,0,52,0,1366,3906.0,1,50-59,4,1.9125045248709291,1.044709707235473,Store-Focused Customers
771,1967,Graduation,Together,54178.0,0,1,,79,135,9,39,4,0,7,1,2,2,5,2,0,0,0,0,0,0,0,58,1,194,,0,50-59,1,-0.1629660096601724,1.654607912006654,High Value Customers
11178,1972,Master,Single,42394.0,1,0,,69,15,2,10,0,1,4,1,1,0,3,7,0,0,0,0,0,0,0,53,1,32,,0,50-59,1,-1.7805606574201733,0.8050241384806673,High Value Customers
2230,1970,PhD,Married,23626.0,1,0,,84,27,2,14,0,0,0,3,3,1,3,5,0,0,0,0,0,0,0,55,1,43,,0,50-59,1,-1.5211402971181434,1.2101645762225823,High Value Customers
7516,1983,Graduation,Married,30096.0,1,0,,30,5,3,11,12,5,9,1,2,0,3,6,0,0,0,0,0,0,0,42,1,45,,0,40-49,3,-1.8668362851334248,-0.3465110659351849,Digital Active Customers
7247,1960,Graduation,Widow,47916.0,0,1,,72,505,0,26,0,0,75,5,7,4,6,6,0,0,0,1,0,0,0,65,1,606,,1,60-69,0,0.3502385703488137,0.16417194366386578,Economy Customers
11100,1972,Graduation,Divorced,51813.0,1,1,2013-11-04,37,51,2,7,0,1,2,2,2,0,3,7,0,0,0,0,0,0,0,53,2,63,4302.0,0,50-59,3,-1.4536704501259188,-0.24832147817602407,Digital Active Customers
4646,1951,2n Cycle,Married,78497.0,0,0,2013-01-12,44,207,26,447,75,0,223,1,5,7,12,2,1,0,0,0,0,0,0,74,0,978,4598.0,1,70+,4,2.5702294161888073,0.0814517694126417,Store-Focused Customers
3037,1983,PhD,Married,50150.0,0,0,,32,135,46,92,65,61,11,2,5,2,7,5,0,0,0,0,0,0,0,42,0,410,,0,40-49,2,-0.046429038244459195,-0.5637690578151616,Mid-Range Customers
1473,1960,2n Cycle,Single,47823.0,0,1,,0,53,1,5,2,1,10,2,2,0,3,8,0,0,0,0,0,0,0,65,1,72,,0,60-69,3,-1.530573535204978,-1.5455428307043684,Digital Active Customers
1016,1959,PhD,Single,34554.0,0,1,,43,41,1,6,2,0,5,2,2,0,3,6,0,0,0,0,0,0,0,66,1,55,,0,60-69,3,-1.462042883350388,-0.026481868377961463,Digital Active Customers
4518,1979,Graduation,Together,85693.0,0,1,,59,386,172,183,185,132,111,2,9,5,11,5,0,0,0,0,0,0,0,46,1,1169,,0,40-49,0,2.4347260005260822,-0.274600541402604,Economy Customers
9370,1945,PhD,Married,65846.0,0,0,,68,562,81,276,80,40,81,1,6,3,6,4,0,0,0,0,0,0,0,80,0,1120,,0,70+,2,1.4865706396288554,0.4591615134569821,Mid-Range Customers
8908,1959,Graduation,Married,87195.0,0,0,2014-08-05,35,217,76,690,50,26,38,1,3,11,5,1,0,0,0,0,0,1,0,66,0,1097,4028.0,1,60-69,4,1.5952660154779976,0.42597393623858293,Store-Focused Customers
8373,1979,Basic,Together,24594.0,1,0,2013-10-12,94,1,3,6,10,0,9,1,1,0,3,5,0,0,0,0,0,0,0,46,1,29,4325.0,0,40-49,1,-1.8934090588362236,1.800465222285447,High Value Customers
7533,1964,Graduation,Married,49096.0,1,1,,15,144,1,32,2,1,7,4,4,1,4,7,0,0,0,0,0,0,0,61,2,187,,0,60-69,3,-0.8919460284383951,-1.221821607832044,Digital Active Customers
2683,1969,Graduation,Married,52413.0,0,2,2013-02-02,56,295,106,271,75,98,65,4,6,4,12,6,0,0,0,0,0,0,0,56,2,910,4577.0,0,50-59,0,1.312968184462885,-0.2770021612585066,Economy Customers
3629,1978,Graduation,Single,38557.0,1,0,,17,76,3,31,4,4,27,2,3,1,3,7,0,0,0,0,0,0,0,47,1,145,,0,40-49,3,-1.5836836851376244,-0.9956804633302876,Digital Active Customers
10991,1960,Master,Married,89058.0,0,0,2012-07-12,18,454,194,106,31,22,43,1,5,4,4,2,0,0,0,0,0,0,0,65,0,850,4782.0,0,60-69,4,1.3706285320347027,-0.4469150077616225,Store-Focused Customers
5077,1979,Graduation,Together,77298.0,0,1,2013-02-11,46,425,115,292,23,35,79,1,6,6,11,3,0,0,0,0,0,0,0,46,1,969,4568.0,0,40-49,4,2.0135777040243954,-0.015939879266554442,Store-Focused Customers
7431,1991,PhD,Single,68126.0,0,0,2012-10-11,40,1332,17,311,23,51,86,1,7,4,5,9,0,0,0,1,0,1,0,34,0,1820,4691.0,1,30-39,0,0.7381960197990627,-1.0313502915880137,Economy Customers
3267,1963,Master,Together,57288.0,0,1,,27,527,0,21,0,0,60,3,8,1,8,6,0,0,0,1,0,0,0,62,1,608,,1,60-69,2,0.9012803496275202,-1.311683093948707,Mid-Range Customers
999,1991,Graduation,Single,86037.0,0,0,2013-02-01,95,490,44,125,29,20,22,1,6,7,11,3,0,0,0,1,1,1,0,34,0,730,4578.0,1,30-39,4,1.8356809338191264,1.5140596562533113,Store-Focused Customers
9215,1980,PhD,Married,43974.0,1,0,2012-12-12,19,378,0,101,0,0,72,5,6,4,6,7,0,0,0,0,0,0,0,45,1,551,4629.0,0,40-49,2,-0.3289377990253304,-1.371403562982719,Mid-Range Customers
2286,1962,Graduation,Single,50785.0,1,1,2013-10-09,27,64,1,21,0,1,27,2,2,1,3,6,0,0,0,0,0,0,0,63,2,114,4328.0,0,60-69,3,-1.1505007110370358,-0.44230922326858035,Digital Active Customers
1592,1970,Graduation,Married,90765.0,0,0,,25,547,99,812,151,82,33,0,4,6,5,1,1,0,0,0,1,0,0,55,0,1724,,1,50-59,4,2.1790662848840894,0.042495721344140765,Store-Focused Customers
367,1978,2n Cycle,Married,36550.0,1,0,,74,47,90,94,123,103,120,5,9,1,5,9,0,0,0,0,0,0,0,47,1,577,,0,40-49,0,-0.4599277417277858,-0.41129823175975017,Economy Customers
5234,1967,2n Cycle,Together,30753.0,1,1,2013-11-07,85,12,5,25,0,9,30,2,1,1,3,5,0,0,0,0,0,0,0,58,2,81,4299.0,0,50-59,1,-1.5819320064142441,1.5106848996020188,High Value Customers
9862,1969,Graduation,Together,21918.0,1,0,,37,1,6,7,11,5,3,2,2,0,3,6,0,0,0,0,0,0,0,56,1,33,,0,50-59,3,-1.8484034019944373,-0.21106608859331547,Digital Active Customers
9805,1953,Master,Together,56129.0,0,1,,65,320,48,133,39,72,48,4,6,2,10,4,0,0,0,0,0,0,0,72,1,660,,0,70+,0,1.3960593138897464,0.2788856829400328,Economy Customers
6205,1967,Master,Single,32557.0,1,0,,13,34,3,29,0,4,10,3,2,1,3,5,0,0,0,0,0,1,0,58,1,80,,1,50-59,3,-1.4363286649198554,-0.7582730299501679,Digital Active Customers
8442,1985,Master,Married,19510.0,2,0,2013-04-09,63,9,0,7,3,4,7,2,1,0,3,7,0,0,0,0,0,0,0,40,2,30,4511.0,0,30-39,3,-2.3812258841928804,0.5981347065658215,Digital Active Customers
7386,1976,Graduation,Divorced,30992.0,1,0,,83,17,0,14,7,3,2,1,1,0,3,7,0,0,0,0,0,0,0,49,1,43,,0,40-49,1,-2.033065098107969,1.1996775560545403,High Value Customers
7215,1983,Graduation,Single,101970.0,0,0,2013-12-03,69,722,27,102,44,72,168,0,6,8,13,2,1,0,0,1,1,1,0,42,0,1135,4273.0,1,40-49,4,3.0173082835514675,0.8555572284925469,Store-Focused Customers
1491,1965,2n Cycle,Together,71488.0,0,0,,87,162,33,124,40,28,172,2,3,4,7,1,0,0,0,0,0,0,0,60,0,559,,0,50-59,4,1.0759597515122545,1.9047864709573117,Store-Focused Customers
11071,1984,Graduation,Single,79607.0,0,0,,37,450,133,951,173,0,216,1,3,6,6,1,0,0,0,0,0,1,0,41,0,1923,,1,40-49,4,1.9733365082605867,0.517446314177227,Store-Focused Customers
3381,1953,Master,Married,54348.0,1,1,2014-08-06,51,70,0,16,0,0,4,2,2,0,4,6,0,0,0,0,0,0,0,72,2,90,4027.0,0,70+,1,-0.8353001080855311,0.2310238115298753,High Value Customers
11051,1956,PhD,Together,77376.0,1,1,2014-10-05,72,492,19,110,16,12,12,4,6,3,10,4,0,0,0,0,0,0,0,69,2,661,3967.0,0,60-69,0,1.75943843417283,0.5646172648405358,Economy Customers
8026,1952,Graduation,Married,62998.0,0,1,,10,120,58,73,65,89,58,5,5,4,5,5,0,0,0,0,0,0,0,73,1,463,,0,70+,2,0.3407465583300305,-1.238779364427356,Mid-Range Customers
433,1958,Master,Alone,61331.0,1,1,2013-10-03,42,534,5,47,0,5,41,5,11,1,6,8,0,0,0,0,0,0,0,67,2,632,4334.0,0,60-69,0,0.8655389643242344,-1.4947030868720514,Economy Customers
9597,1969,Graduation,Married,73448.0,0,0,2014-10-02,10,236,106,189,23,41,130,1,7,2,9,4,0,0,0,0,0,0,0,56,0,725,3970.0,0,50-59,2,1.5417109138905356,-1.358208971340894,Mid-Range Customers
5290,1964,PhD,Married,41551.0,1,1,,51,220,0,33,3,0,23,5,5,1,5,8,0,0,0,0,0,0,0,61,2,279,,0,60-69,1,-0.8209610148816913,-0.4671666086996635,High Value Customers
1685,1967,PhD,Together,62981.0,0,0,,21,796,14,590,38,44,0,1,4,5,13,3,0,0,0,1,0,0,0,58,0,1482,,1,50-59,4,2.3504447417192433,-0.6371770464392653,Store-Focused Customers
5342,1976,Basic,Divorced,9548.0,1,0,2012-08-08,31,0,1,3,10,6,9,2,1,0,3,8,0,0,0,0,0,0,0,49,1,29,4755.0,0,40-49,3,-2.615969362329811,-0.5587028325377864,Digital Active Customers
9579,1959,PhD,Married,33762.0,2,1,2013-07-07,61,53,1,34,2,0,16,3,2,2,2,8,0,0,0,0,0,0,0,66,3,106,4422.0,0,60-69,1,-1.8819410271692036,0.24672059621540507,High Value Customers
7660,1973,PhD,Alone,35860.0,1,1,,37,15,0,8,4,2,20,2,1,1,2,5,0,0,1,0,0,1,0,52,2,49,,1,50-59,3,-1.749561820429395,0.139847892093993,Digital Active Customers
1461,1965,PhD,Divorced,36921.0,1,1,,74,17,1,12,3,1,4,2,2,0,3,7,0,0,0,0,0,0,0,60,2,38,,0,50-59,1,-1.654005984056826,0.7836382364233555,High Value Customers
821,1992,Master,Single,92859.0,0,0,,46,962,61,921,52,61,20,1,5,4,12,2,0,0,0,0,0,0,0,33,0,2077,,0,30-39,4,3.238893143508847,0.317000885735063,Store-Focused Customers
11084,1976,Master,Together,65104.0,0,1,,4,738,0,232,13,20,50,2,3,5,7,7,0,0,0,0,0,1,0,49,1,1053,,1,40-49,2,0.28578268908513055,-1.403667512448351,Mid-Range Customers
8690,1962,Graduation,Married,86111.0,0,0,,73,399,28,756,36,40,126,1,5,7,10,2,0,0,0,0,0,0,0,63,0,1385,,0,60-69,4,2.6310430992561575,1.0491562984880693,Store-Focused Customers
2937,1974,PhD,Single,68352.0,0,1,,47,614,16,132,43,33,33,3,8,5,9,6,0,0,0,0,0,0,0,51,1,871,,0,50-59,0,1.3406610926049258,-0.668275061159337,Economy Customers
9701,1988,Graduation,Together,41883.0,1,0,,13,32,34,41,73,16,116,3,4,2,3,7,0,0,0,0,0,0,0,37,1,312,,0,30-39,3,-1.3775225863234262,-1.201097275170127,Digital Active Customers
9949,1976,Graduation,Married,59809.0,0,2,,36,598,16,141,32,41,49,3,3,3,6,8,0,0,0,0,0,0,0,49,2,877,,0,40-49,3,-0.2524676138199377,-0.5843529141953436,Digital Active Customers
10837,1975,Graduation,Married,23957.0,1,0,,47,2,1,18,20,11,16,1,2,0,3,6,0,0,0,0,0,1,0,50,1,68,,1,40-49,3,-1.8550276260905123,0.11338688521897676,Digital Active Customers
3120,1981,Graduation,Together,38547.0,1,0,,49,6,1,10,0,1,4,1,1,0,2,8,0,0,0,0,0,0,1,44,1,22,,0,40-49,3,-2.28221303946918,0.1087627574987253,Digital Active Customers
5885,1973,2n Cycle,Married,35688.0,2,1,,94,73,3,90,12,1,32,7,4,1,4,8,0,0,0,0,0,0,0,52,3,211,,0,50-59,1,-1.3708561247675226,0.9786105283378217,High Value Customers
4050,1966,Master,Married,49605.0,0,0,,65,42,16,29,12,20,8,1,2,1,4,3,0,0,0,0,0,0,0,59,0,127,,0,50-59,1,-0.5958705856023635,1.101383428988664,High Value Customers
3830,1953,Master,Married,59354.0,0,2,,59,295,21,78,39,13,13,1,4,4,7,3,0,0,0,0,0,0,0,72,2,459,,0,70+,2,0.735947320492799,0.5800424698612338,Mid-Range Customers
7987,1969,Graduation,Married,65747.0,0,1,2014-07-03,96,346,17,48,23,13,13,4,8,1,6,6,0,0,0,1,0,0,0,56,1,460,4061.0,1,50-59,0,0.5859206007275114,0.8377393426279628,Economy Customers
7798,1972,2n Cycle,Together,46344.0,0,1,,28,233,20,57,8,20,91,4,7,1,5,7,0,0,0,0,0,0,0,53,1,429,,0,50-59,2,-0.29476339435712645,-1.2286045374862686,Mid-Range Customers
92,1988,Graduation,Alone,34176.0,1,0,2014-12-05,12,5,7,24,19,14,20,4,3,0,4,6,0,0,0,0,0,0,0,37,1,89,3906.0,0,30-39,3,-1.5438535230462118,-1.005407261821982,Digital Active Customers
7055,1952,PhD,Together,61010.0,0,1,2012-09-10,57,888,0,57,0,0,76,2,8,5,11,5,0,0,0,0,0,0,0,73,1,1021,4722.0,0,70+,0,2.060476147442647,-0.3730420308336493,Economy Customers
10240,1949,Graduation,Together,69372.0,0,0,,10,997,26,269,34,13,42,1,10,4,6,4,0,0,0,1,1,1,0,76,0,1381,,1,70+,2,2.2361663538968592,-1.7636771686254304,Mid-Range Customers
3025,1958,Graduation,Single,49967.0,0,1,2013-08-07,4,212,6,69,4,12,3,3,6,1,5,7,0,0,0,0,0,0,0,67,1,306,4391.0,0,60-69,2,-0.28967554486203423,-1.8494388068052623,Mid-Range Customers
9283,1978,Graduation,Single,60199.0,1,2,2013-12-09,49,8,1,7,2,0,0,1,0,0,3,4,0,0,0,0,0,0,0,47,3,18,4267.0,0,40-49,3,-1.2127365334592142,0.8394465290164476,Digital Active Customers
9970,1977,Graduation,Together,55375.0,0,1,,3,42,11,57,10,28,14,1,1,1,6,2,0,0,0,0,0,0,0,48,1,162,,0,40-49,3,-0.3044849776779523,-0.465341437119109,Digital Active Customers
2730,1955,Graduation,Single,80317.0,0,0,,64,536,11,387,149,91,57,1,3,4,10,1,0,0,0,0,0,0,0,70,0,1231,,0,60-69,4,2.367975993838397,1.1403271379066,Store-Focused Customers
2795,1958,Master,Single,30523.0,2,1,2013-01-07,0,5,0,3,0,0,5,1,1,0,2,7,0,0,0,0,0,0,0,67,3,13,4603.0,0,60-69,3,-2.004663354770811,-1.3129181994865649,Digital Active Customers
9260,1945,PhD,Married,70356.0,0,0,2012-05-11,20,1349,16,249,43,16,33,2,10,6,9,6,0,0,0,0,0,0,0,80,0,1706,4844.0,0,70+,2,2.713256462415787,-1.8296302507143407,Mid-Range Customers
8182,1984,Graduation,Married,23228.0,1,0,2014-05-01,91,53,3,49,7,4,5,4,3,0,4,8,0,0,0,0,0,0,0,41,1,121,4124.0,0,40-49,1,-1.9560458359476636,1.0172135106806068,High Value Customers
10095,1975,PhD,Divorced,74165.0,0,0,2013-01-05,9,1001,12,240,16,12,12,1,5,4,10,2,0,0,0,0,0,0,0,50,0,1293,4605.0,0,40-49,4,2.1437259938230118,-0.8507289903186596,Store-Focused Customers
8475,1973,PhD,Married,157243.0,0,1,2014-01-03,98,20,2,1582,1,2,1,15,0,22,0,0,0,0,0,0,0,0,0,52,1,1608,4242.0,0,50-59,4,2.2052128171812906,3.210622476684493,Store-Focused Customers
4370,1966,Graduation,Together,43482.0,2,1,,83,18,1,32,6,3,28,3,2,0,4,6,0,0,0,0,0,0,0,59,3,88,,0,50-59,1,-1.1994825533976647,1.1942797137064418,High Value Customers
10573,1953,Graduation,Divorced,62551.0,0,0,,27,125,16,98,134,21,27,1,6,7,4,3,0,0,1,0,0,0,0,72,0,421,,1,70+,2,0.5829826224810178,-0.5536654528072005,Mid-Range Customers
3712,1959,Graduation,Divorced,52332.0,0,0,,63,212,5,33,7,0,2,1,3,2,6,4,0,0,0,1,0,0,0,66,0,259,,1,60-69,1,-0.0728951927729182,0.7094777904533018,High Value Customers
6637,1988,Graduation,Single,66951.0,0,0,2013-02-11,46,277,162,305,173,76,124,1,3,4,7,1,0,0,0,0,0,0,0,37,0,1117,4568.0,0,30-39,4,1.1532997728314018,0.7425833951535235,Store-Focused Customers
3152,1957,Graduation,Together,26091.0,1,1,,84,15,10,19,8,17,20,3,2,1,3,5,0,0,0,0,0,0,0,68,2,89,,0,60-69,1,-1.4015237417065154,1.3029033276655484,High Value Customers
5610,1965,Graduation,Together,33456.0,1,1,,58,7,3,10,8,1,7,2,1,0,3,7,0,0,0,0,0,0,0,60,2,36,,0,50-59,1,-1.8580993134540442,0.4253389748783352,High Value Customers
6460,1982,Graduation,Married,28718.0,1,0,,78,12,4,6,11,8,16,2,2,0,3,8,0,0,0,0,0,0,0,43,1,57,,0,40-49,1,-2.1634210919307284,0.7929285131629048,High Value Customers
1349,1970,Graduation,Married,50447.0,2,0,,4,85,7,24,2,3,27,1,3,1,3,6,0,0,0,0,0,0,0,55,2,148,,0,50-59,3,-1.1048487966046183,-1.2311831774193631,Digital Active Customers
1880,1959,PhD,Together,53537.0,1,1,,17,81,0,6,0,0,6,2,2,1,3,5,0,0,0,0,0,0,0,66,2,93,,0,60-69,3,-0.9270944520091641,-0.6001243861423515,Digital Active Customers
641,1967,Graduation,Single,52074.0,0,1,2014-04-04,77,59,0,12,0,0,48,1,2,2,2,4,0,0,1,0,0,0,0,58,1,119,4151.0,1,50-59,1,-1.0110606124909434,1.374091311336515,High Value Customers
8717,1975,PhD,Married,80427.0,0,1,2012-12-09,56,1149,71,449,69,71,26,1,11,8,8,5,0,0,0,0,0,0,0,50,1,1835,4632.0,0,40-49,0,2.775630356367525,-0.5897350955159935,Economy Customers
10314,1948,PhD,Married,83837.0,0,0,,79,847,66,119,86,89,111,1,9,10,5,4,1,0,0,1,0,1,0,77,0,1318,,1,70+,0,2.208449564331832,0.4869875535195392,Economy Customers
10854,1970,PhD,Married,38853.0,1,1,,90,29,0,14,0,0,2,2,2,0,3,7,0,0,0,0,0,0,0,55,2,45,,0,50-59,1,-1.6716735947391086,1.2833513222351522,High Value Customers
10492,1959,Graduation,Together,38285.0,2,1,,96,2,0,5,2,0,1,1,0,0,3,2,0,0,0,0,0,0,0,66,3,10,,0,60-69,1,-1.0662031276900883,2.38938447454368,High Value Customers
6935,1951,2n Cycle,Married,78497.0,0,0,2013-01-12,44,207,26,447,75,0,223,1,5,7,12,2,1,0,0,0,0,0,0,74,0,978,4598.0,1,70+,4,2.5702294161888073,0.0814517694126417,Store-Focused Customers
7698,1976,PhD,Married,51650.0,0,1,2014-11-05,81,152,3,22,2,5,7,1,4,1,4,5,0,0,0,0,0,0,0,49,1,191,3936.0,0,40-49,1,-0.6693185968998787,1.0763266080101372,High Value Customers
3559,1988,2n Cycle,Married,16248.0,1,0,2014-10-05,77,12,11,10,3,12,9,3,2,1,3,6,0,0,0,0,0,0,0,37,1,57,3967.0,0,30-39,1,-2.1680430851140122,1.0270742590784314,High Value Customers
10562,1946,Master,Married,66835.0,0,0,,21,620,26,195,34,17,141,1,6,4,13,2,0,0,0,0,0,0,0,79,0,1033,,0,70+,2,2.734046210857885,-0.8100263487576906,Mid-Range Customers
10796,1984,Master,Married,30477.0,1,0,,16,47,1,6,0,0,12,1,1,1,3,6,0,0,0,0,0,0,0,41,1,66,,0,40-49,3,-1.9916010030275102,-0.6298742419029968,Digital Active Customers
2563,1961,Basic,Married,28249.0,0,0,,80,1,9,7,2,14,10,1,2,0,3,6,0,0,0,0,0,0,0,64,0,43,,0,60-69,1,-1.6059499229393859,1.0629488177915523,High Value Customers
3518,1983,Graduation,Married,25271.0,1,0,2012-05-12,45,10,1,18,10,4,7,1,1,1,2,9,0,0,0,0,0,0,0,42,1,50,4843.0,0,40-49,3,-2.688509934189316,-0.187193655747518,Digital Active Customers
5823,1970,PhD,Single,32303.0,0,1,2014-08-03,63,35,0,2,0,0,2,2,1,0,4,5,0,0,0,0,0,0,0,55,1,39,4030.0,0,50-59,1,-1.4871360594686154,0.8478427379009847,High Value Customers
3934,1966,Graduation,Married,61286.0,0,1,2013-02-08,34,356,0,107,19,9,117,2,7,1,8,5,0,0,0,0,0,0,0,59,1,608,4571.0,0,50-59,2,0.9605287534070396,-0.80952197176981,Mid-Range Customers
6982,1976,Graduation,Married,74068.0,0,0,,14,783,30,537,140,76,15,1,4,10,9,2,0,0,0,0,0,0,0,49,0,1581,,0,40-49,4,2.094437548618548,-0.5487784103704895,Store-Focused Customers
6431,1964,PhD,Married,45759.0,1,1,,13,42,1,18,3,0,4,2,2,0,3,7,0,0,0,0,0,0,0,61,2,68,,0,60-69,3,-1.466966143039197,-1.009653714473325,Digital Active Customers
9733,1978,Basic,Together,24882.0,1,0,2012-09-09,52,1,4,10,29,0,36,1,1,1,2,6,0,0,1,0,0,0,0,47,1,80,4723.0,1,40-49,3,-2.1434304718188475,0.42740135323512385,Digital Active Customers
5602,1989,PhD,Together,66973.0,0,0,,98,466,22,432,147,113,102,1,8,7,12,3,0,0,0,0,0,0,0,36,0,1282,,0,30-39,0,2.3807252467706963,1.2510275874773167,Economy Customers
1324,1988,Graduation,Married,38872.0,1,0,,93,23,3,21,3,19,22,2,3,0,3,8,0,0,0,0,0,0,0,37,1,91,,0,30-39,1,-1.8842106065841744,1.162612325717185,High Value Customers
326,1973,Graduation,Married,51148.0,1,1,,38,235,6,45,8,9,12,4,5,1,6,6,0,0,0,0,0,0,0,52,2,315,,0,50-59,2,-0.27677646703890335,-0.5337848420562148,Mid-Range Customers
7224,1977,Graduation,Married,31353.0,1,1,,24,10,0,10,3,1,7,2,1,1,2,8,0,0,0,0,0,0,0,48,2,31,,0,40-49,3,-2.3653299212559826,-0.6724401624406325,Digital Active Customers
6999,1980,Master,Married,69661.0,0,0,,80,656,16,106,32,16,8,1,7,3,12,3,0,0,0,0,0,0,0,45,0,834,,0,40-49,0,2.0317099442295565,0.8253906083281365,Economy Customers
9938,1954,Graduation,Married,80067.0,0,0,,82,519,17,813,27,173,51,1,4,6,6,2,0,0,0,0,1,0,0,71,0,1600,,1,70+,4,2.0878716457955826,1.4896851416426917,Store-Focused Customers
6422,1954,Graduation,Married,86718.0,0,0,,20,344,189,482,50,33,172,1,5,6,5,2,0,0,0,0,0,0,0,71,0,1270,,0,70+,4,1.9042497040641213,-0.44086855976567607,Store-Focused Customers
3182,1973,PhD,Single,46854.0,1,1,,81,96,1,79,7,1,79,6,5,1,3,8,0,0,1,0,0,1,0,52,2,263,,1,50-59,1,-1.133976785510324,0.5194366663760921,High Value Customers
7300,1952,Graduation,Divorced,69142.0,0,1,,50,448,4,34,6,4,39,3,8,1,7,5,0,0,0,1,0,0,0,73,1,535,,1,70+,2,1.21827063047413,-0.4615429290314565,Mid-Range Customers
10424,1968,Graduation,Single,75922.0,0,0,2013-09-12,60,265,138,553,224,23,92,1,4,4,9,1,0,0,0,0,0,0,0,57,0,1295,4355.0,0,50-59,4,2.1577905566126576,0.944191873036911,Store-Focused Customers
8727,1978,Graduation,Divorced,63693.0,0,1,,63,587,43,337,42,87,54,3,11,6,9,6,0,0,0,0,0,0,0,47,1,1150,,0,40-49,0,1.8396554386448243,-0.5828144167380341,Economy Customers
2798,1977,PhD,Together,102160.0,0,0,2012-02-11,54,763,29,138,76,176,58,0,7,9,10,4,1,0,0,1,1,1,0,48,0,1240,4934.0,1,40-49,4,2.5703772148689916,0.04390744444905403,Store-Focused Customers
1030,1965,PhD,Single,40637.0,1,1,,72,22,0,13,0,0,3,2,1,0,3,7,0,0,0,0,0,0,0,60,2,38,,0,50-59,1,-1.7175597735136316,0.8651130794262452,High Value Customers
624,1984,Master,Single,18890.0,0,0,2012-10-11,5,6,4,1,7,2,15,1,0,1,2,6,0,0,1,0,0,1,0,41,0,35,4691.0,1,40-49,3,-2.517193483640574,-0.841893510836959,Digital Active Customers
5176,1988,Graduation,Together,29604.0,1,0,2013-08-12,88,7,6,13,7,6,14,1,1,0,3,9,0,0,1,0,0,0,0,37,1,53,4386.0,1,30-39,1,-2.5109692380330584,1.1019142298309255,High Value Customers
5552,1963,Master,Divorced,48721.0,1,1,,50,81,18,113,47,13,21,6,4,2,5,6,0,0,0,0,0,0,0,62,2,293,,0,60-69,1,-0.48748724096875934,-0.06555381460545857,High Value Customers
868,1966,Graduation,Married,44794.0,0,1,2014-08-06,99,54,0,7,0,0,4,1,2,0,3,6,0,0,0,0,0,0,0,59,1,65,4027.0,0,50-59,1,-1.3355863887916746,1.6980211890877945,High Value Customers
380,1954,Graduation,Divorced,64497.0,0,1,2012-10-09,17,1170,48,320,42,32,192,5,11,4,9,8,0,0,1,0,0,1,0,71,1,1804,4693.0,1,70+,2,2.3946799213453644,-2.3200300284503608,Mid-Range Customers
2677,1956,Graduation,Together,46097.0,0,1,,11,72,24,68,65,4,8,5,3,1,6,4,0,0,0,0,0,0,0,69,1,241,,0,60-69,2,-0.18121430035032232,-0.8696011564395977,Mid-Range Customers
6521,1954,Graduation,Together,77972.0,0,0,,18,613,22,319,33,102,12,1,4,6,9,1,0,0,0,0,0,0,0,71,0,1101,,0,70+,4,2.2012407809651533,-0.3467461580482588,Store-Focused Customers
6927,1968,PhD,Married,44377.0,1,1,2012-05-10,70,224,0,30,0,0,10,8,5,1,5,8,0,0,0,0,0,0,0,57,2,264,4845.0,0,50-59,1,-0.8266533992356646,0.12153067220162457,High Value Customers
2877,1974,Master,Together,46014.0,1,1,,21,410,0,59,19,9,44,10,7,1,8,7,0,0,0,0,0,0,0,51,2,541,,0,50-59,2,0.20331855399713233,-1.500370746682466,Mid-Range Customers
0,1985,Graduation,Married,70951.0,0,0,2013-04-05,66,239,10,554,254,87,54,1,3,4,9,1,0,0,0,0,0,0,0,40,0,1198,4515.0,0,30-39,4,1.6326983463872713,1.2949534570693522,Store-Focused Customers
1584,1977,Graduation,Married,41443.0,1,0,2014-01-04,79,171,7,171,25,19,89,6,8,1,5,8,0,0,0,0,0,0,0,48,1,482,4241.0,0,40-49,0,-0.4129856438303272,0.02125425661327415,Economy Customers
7264,1978,2n Cycle,Single,52195.0,2,1,2014-12-05,2,12,0,4,0,0,1,1,1,0,2,8,0,0,0,0,0,0,0,47,3,17,3906.0,0,40-49,3,-2.004611440168104,-1.2587305316459672,Digital Active Customers
6274,1948,Master,Married,83790.0,0,0,,81,1076,16,417,42,48,16,1,8,10,6,3,0,0,0,1,1,0,0,77,0,1615,,1,70+,4,2.625052304229715,0.7923300569712438,Store-Focused Customers
1377,1954,Master,Widow,44551.0,0,1,,24,182,4,33,0,0,66,2,4,1,5,7,0,0,0,0,0,0,0,71,1,285,,0,70+,2,-0.6176218460852612,-1.0252976674354937,Mid-Range Customers
454,1980,Graduation,Together,69508.0,1,0,,48,824,32,162,42,32,43,2,11,4,11,6,0,0,0,0,0,0,0,45,1,1135,,0,40-49,0,2.1980491171189507,-1.0499215580966412,Economy Customers
1755,1988,2n Cycle,Together,45204.0,1,0,2014-11-04,93,30,11,25,29,1,18,1,1,1,4,3,0,0,0,0,0,0,0,37,1,114,3937.0,0,30-39,1,-1.0976481365491804,2.125762119097824,High Value Customers
2075,1969,Graduation,Married,72460.0,0,0,,56,377,10,540,80,30,10,1,3,5,7,1,0,0,0,0,0,0,0,56,0,1047,,0,50-59,4,1.4452185638768267,0.9940759072153142,Store-Focused Customers
4785,1970,PhD,Together,77622.0,0,2,,3,520,7,154,19,0,14,2,6,3,11,3,0,0,0,0,0,0,0,55,2,714,,0,50-59,2,1.9085521644116723,-1.3247225395771174,Mid-Range Customers
9076,1980,PhD,Married,30732.0,1,0,2013-05-01,44,155,1,25,0,1,3,4,4,1,4,8,0,0,0,0,0,0,0,45,1,185,4489.0,0,40-49,3,-1.5900546481951638,-0.5029074618519178,Digital Active Customers
7079,1962,Graduation,Divorced,63887.0,0,1,2012-08-09,38,897,23,207,15,11,92,5,9,6,12,6,0,0,0,0,0,0,0,63,1,1245,4754.0,0,60-69,0,2.294294824143651,-1.1914081969951549,Economy Customers
4653,1978,Graduation,Together,42011.0,1,0,,46,131,0,16,2,1,39,4,3,1,4,8,0,0,0,0,0,0,0,47,1,189,,0,40-49,3,-1.4812736200105503,-0.2852032136744548,Digital Active Customers
7375,1976,Graduation,Together,51369.0,0,1,,84,297,7,79,0,11,182,2,8,2,4,8,0,0,0,0,0,0,0,49,1,576,,0,40-49,0,-0.27888262862364965,0.22014251463892578,Economy Customers
709,1952,Graduation,Divorced,51537.0,0,1,2012-09-12,27,787,20,204,0,0,92,3,2,2,11,8,0,0,0,0,0,0,0,73,1,1103,4720.0,0,70+,2,0.6855396201158264,-0.945733268938129,Mid-Range Customers
460,1972,PhD,Married,79930.0,0,0,2012-08-08,72,792,86,740,67,51,17,1,3,5,8,2,0,0,0,0,0,0,0,53,0,1753,4755.0,0,50-59,4,2.1386343713524574,1.3350789742066518,Store-Focused Customers
3726,1986,PhD,Together,34320.0,1,0,,66,4,1,9,3,0,0,1,1,0,2,8,0,0,0,0,0,0,0,39,1,17,,0,30-39,1,-2.425425725671036,0.6189384694353659,High Value Customers
6798,1966,Graduation,Single,37070.0,1,1,,30,231,7,137,4,15,39,9,5,1,8,7,0,0,0,0,0,1,0,59,2,433,,1,50-59,2,-0.21582358222564635,-1.0280098911073663,Mid-Range Customers
5341,1962,2n Cycle,Divorced,81975.0,0,1,2013-05-01,2,983,76,184,180,138,27,1,6,3,4,7,0,0,0,0,1,0,0,63,1,1588,4489.0,1,60-69,2,1.194027432615352,-1.781437702104497,Mid-Range Customers
1606,1971,Graduation,Together,38590.0,1,0,,65,3,1,8,4,3,3,1,1,0,2,8,0,0,0,0,0,0,0,54,1,22,,0,50-59,1,-2.1481735705806857,0.5517574248979142,High Value Customers
9617,1951,Graduation,Single,15033.0,0,0,,37,0,4,5,6,0,4,1,1,0,3,3,0,0,0,0,0,0,0,74,0,19,,0,70+,3,-1.4298728051486291,0.26011025734531473,Digital Active Customers
3233,1965,PhD,Married,62745.0,0,1,,89,562,21,464,28,10,32,3,7,8,11,5,0,0,0,0,0,0,0,60,1,1117,,0,50-59,0,1.882812044058268,0.7585669473634293,Economy Customers
89,1975,2n Cycle,Married,22212.0,1,0,2013-09-12,49,5,9,20,6,8,21,2,2,0,4,6,0,0,0,0,0,0,0,50,1,69,4355.0,0,40-49,3,-1.7405335041509529,0.1447712236581268,Digital Active Customers
2936,1982,Master,Together,23661.0,1,0,2013-04-12,46,18,0,4,0,0,1,1,1,0,3,7,0,0,0,0,0,0,0,43,1,23,4508.0,0,40-49,3,-2.2752989191190713,0.09458428567944306,Digital Active Customers
9449,1958,PhD,Single,79761.0,0,1,2013-04-10,32,415,5,124,15,35,11,1,5,2,11,3,0,0,0,0,0,0,0,67,1,605,4510.0,0,60-69,2,1.8867191305840225,-0.3643823273266737,Mid-Range Customers
7297,1973,Graduation,Single,7500.0,1,0,,54,5,3,10,12,7,20,4,3,1,3,7,0,0,0,0,0,0,0,52,1,57,,0,50-59,3,-2.1665582444358367,-0.007452256137366867,Digital Active Customers
313,1968,Graduation,Widow,73455.0,0,0,,98,901,61,757,186,163,20,1,6,5,10,3,0,0,0,1,0,0,0,57,0,2088,,1,50-59,4,2.8946515991524606,1.4983873333960684,Store-Focused Customers
9940,1958,Graduation,Together,64961.0,0,1,,97,382,114,276,75,124,38,2,6,4,4,3,0,0,0,0,0,0,0,67,1,1009,,0,60-69,0,1.079062087223337,1.5521865284342804,Economy Customers
10735,1971,Graduation,Single,22804.0,1,0,,75,14,1,7,2,1,1,1,2,0,2,9,0,0,0,0,0,0,0,54,1,26,,0,50-59,1,-2.4593600518701364,0.529085019557617,High Value Customers
9529,1990,Graduation,Married,73687.0,0,0,,8,559,153,503,218,13,181,1,3,9,9,2,1,0,0,0,0,1,0,35,0,1627,,1,30-39,4,1.811323218368043,-0.5523258663264874,Store-Focused Customers
6439,1958,Graduation,Married,61074.0,0,1,,37,789,0,133,0,28,152,7,11,5,8,7,0,0,0,0,0,0,0,67,1,1102,,0,60-69,0,1.7006850745149675,-1.551933988759475,Economy Customers
7411,1964,PhD,Married,31686.0,1,1,2014-05-06,31,11,0,5,0,0,1,2,1,0,3,6,0,0,0,0,0,0,0,61,2,17,4119.0,0,60-69,3,-1.7484950545717106,-0.24650739573712754,Digital Active Customers
2176,1972,Graduation,Married,80134.0,1,0,,40,1218,16,272,104,0,80,2,5,3,6,6,1,0,0,1,1,1,0,53,1,1690,,1,50-59,4,1.4398795849284294,-0.39646117133505443,Store-Focused Customers
9265,1953,Graduation,Married,75027.0,0,1,2013-09-01,74,925,64,179,133,12,77,2,9,4,6,5,0,0,0,0,0,0,0,72,1,1390,4366.0,0,70+,0,2.030108969262098,0.16245569303619317,Economy Customers
8867,1988,PhD,Married,67546.0,0,0,,90,864,134,768,150,38,172,1,4,10,5,3,0,0,0,0,0,0,0,37,0,2126,,0,30-39,4,1.5609599270776355,1.681032886936673,Store-Focused Customers
8932,1969,Master,Together,65176.0,0,1,,57,960,28,183,220,70,70,4,9,6,6,6,0,0,0,0,0,0,0,56,1,1531,,0,50-59,0,1.5994994015478516,-0.46346632786866315,Economy Customers
10236,1975,Master,Single,31160.0,1,0,,59,16,3,25,6,1,13,2,2,0,3,8,0,0,0,0,0,0,0,50,1,64,,0,40-49,1,-2.0268760175399634,0.21074162635240992,High Value Customers
6340,1985,Graduation,Single,29938.0,1,0,,52,3,3,7,0,2,11,2,1,0,3,6,0,0,0,0,0,0,0,40,1,26,,0,30-39,3,-2.038179275921099,0.4447662549910339,Digital Active Customers
10089,1974,Graduation,Divorced,102692.0,0,0,2013-05-04,5,168,148,444,32,172,148,1,6,9,13,2,1,1,0,1,1,1,0,51,0,1112,4486.0,1,50-59,4,3.109346010278848,-1.0794211609485511,Store-Focused Customers
2227,1958,2n Cycle,Together,26490.0,0,0,,92,45,47,52,21,20,25,2,3,1,5,6,0,0,0,0,0,0,0,67,0,210,,0,60-69,1,-1.0317270349482603,1.2287982675610498,High Value Customers
10992,1967,Graduation,Together,75702.0,1,1,,77,650,28,353,45,42,30,5,4,6,11,8,0,0,0,0,0,0,0,58,2,1148,,0,50-59,0,1.2640517572650816,0.41205124131708387,Economy Customers
5304,1974,PhD,Single,30899.0,1,0,,35,24,0,8,0,0,1,2,1,0,3,6,0,0,0,0,0,0,0,51,1,33,,0,50-59,3,-1.877404211854946,-0.09604958537129388,Digital Active Customers
309,1961,PhD,Together,63342.0,0,1,,48,918,21,118,13,10,21,3,8,3,5,6,0,0,0,1,0,0,0,64,1,1101,,1,60-69,2,1.0244777936396037,-0.6092507958628143,Mid-Range Customers
3406,1964,Graduation,Single,45989.0,0,1,,97,138,33,87,28,24,12,4,3,2,7,3,0,0,0,0,0,0,0,61,1,322,,0,60-69,1,0.10568407935826687,1.8377761727151585,High Value Customers
2661,1964,Graduation,Single,18701.0,1,1,2013-04-06,95,12,4,2,10,6,10,4,2,0,4,5,0,0,0,0,0,0,0,61,2,44,4514.0,0,60-69,1,-1.5194285258238804,1.608706162218222,High Value Customers
3153,1957,PhD,Single,40737.0,2,1,2013-08-12,24,11,0,4,0,0,2,1,1,0,2,8,0,0,0,0,0,0,0,68,3,17,4386.0,0,60-69,3,-1.9433600533343176,-0.7104933641416712,Digital Active Customers
10264,1979,Graduation,Divorced,15287.0,1,0,2012-10-10,60,1,2,8,4,3,13,2,1,1,2,7,0,0,1,0,0,1,0,46,1,31,4692.0,1,40-49,3,-2.529203841663093,0.4977932459387453,Digital Active Customers
1184,1968,PhD,Divorced,69674.0,0,2,,46,554,41,215,11,0,24,3,10,2,10,5,0,0,0,0,0,0,0,57,2,845,,0,50-59,0,1.9856261625806029,-0.8539545569894541,Economy Customers
4200,1970,Master,Married,44159.0,1,0,,85,167,2,62,24,13,7,4,4,1,6,5,0,0,0,0,0,0,0,55,1,275,,0,50-59,1,-0.36916562856067436,1.1055384834526905,High Value Customers
9396,1978,PhD,Married,37717.0,1,0,,31,9,0,6,4,1,5,1,1,0,2,9,0,0,0,0,0,0,0,47,1,25,,0,40-49,3,-2.4153148698150395,-0.5818374906584101,Digital Active Customers
2387,1952,Master,Together,43776.0,1,1,2013-03-02,9,177,2,71,3,2,20,6,5,2,4,8,0,0,0,0,0,1,0,73,2,275,4549.0,1,70+,2,-0.7857405726333959,-1.7295027046176388,Mid-Range Customers
6690,1966,Master,Married,38179.0,1,1,,30,38,4,22,4,2,20,4,3,1,3,7,0,0,0,0,0,0,0,59,2,90,,0,50-59,3,-1.478997104709484,-0.6497647452048789,Digital Active Customers
1225,1963,Graduation,Married,80124.0,0,0,,47,483,84,398,205,84,241,1,3,7,8,1,0,0,1,0,0,0,0,62,0,1495,,1,60-69,4,2.18729346374383,0.7037063653116851,Store-Focused Customers
9703,1970,PhD,Married,38097.0,1,1,,70,77,2,35,0,1,69,4,3,2,2,7,0,0,1,0,0,1,0,55,2,184,,1,50-59,1,-1.5874428067145634,0.5773574220265014,High Value Customers
291,1970,Graduation,Married,72940.0,0,0,,13,182,74,298,162,149,116,1,3,3,6,1,0,0,0,0,0,0,0,55,0,981,,0,50-59,4,1.227779136966586,-0.25905664846661774,Store-Focused Customers
4557,1970,Graduation,Together,22070.0,1,0,2013-04-10,11,10,7,19,8,2,21,2,2,2,2,6,0,0,0,0,0,0,0,55,1,67,4510.0,0,50-59,3,-1.9829586592771624,-0.9594507450303756,Digital Active Customers
2379,1953,Graduation,Single,69267.0,0,0,,31,778,44,499,95,73,146,2,3,4,5,7,0,0,0,0,0,1,0,72,0,1635,,1,70+,2,0.8663433542105787,-0.6229253265663877,Mid-Range Customers
5726,1983,Master,Single,31788.0,1,0,,15,16,7,23,0,8,6,3,3,0,4,5,0,0,0,0,0,0,1,42,1,60,,0,40-49,3,-1.3943550443662511,-0.7988002417616865,Digital Active Customers
3066,1975,PhD,Together,61905.0,0,1,2014-04-02,2,167,0,43,6,2,13,2,4,2,4,5,0,0,0,0,0,0,0,50,1,231,4153.0,0,40-49,3,-0.45229346785862184,-1.2488981846473244,Digital Active Customers
6336,1960,Graduation,Married,29315.0,1,1,2014-06-04,55,13,2,14,8,7,4,4,2,0,4,6,0,0,0,0,0,0,0,65,2,48,4090.0,0,60-69,1,-1.429994777532887,0.29529045154982886,High Value Customers
10967,1963,Graduation,Divorced,33378.0,1,1,2013-06-02,38,33,6,40,3,7,10,3,2,0,4,7,0,0,0,0,0,0,0,62,2,99,4457.0,0,60-69,3,-1.507677605911825,-0.3301170392864256,Digital Active Customers
2304,1963,PhD,Together,66313.0,0,1,,86,625,7,99,10,22,7,2,6,3,12,4,0,0,0,0,0,0,0,62,1,770,,0,60-69,0,1.8490104163710994,0.9243750541909277,Economy Customers
3445,1956,Graduation,Single,60714.0,0,0,,56,216,162,224,101,92,162,2,7,4,10,5,0,0,0,0,0,1,0,69,0,957,,1,60-69,0,1.6705314708631172,-0.23769727976155897,Economy Customers
7828,1981,Master,Together,77882.0,0,0,,29,68,129,396,188,22,15,1,3,3,5,1,0,0,0,0,0,0,0,44,0,818,,0,40-49,4,0.9003016563437523,0.29444361975492367,Store-Focused Customers
3762,1986,PhD,Single,69867.0,0,0,2013-02-04,30,196,0,512,33,130,54,1,3,5,8,1,1,0,0,0,0,1,0,39,0,925,4575.0,1,30-39,4,1.2134166894719725,0.24700943668915773,Store-Focused Customers
4391,1968,Master,Divorced,63841.0,0,1,,64,635,15,100,20,7,131,1,9,3,9,6,0,0,0,0,0,0,0,57,1,908,,0,50-59,0,1.5019143315400538,-0.32592051964257207,Economy Customers
4669,1981,Basic,Married,24480.0,1,0,2013-11-02,46,4,19,9,28,25,17,3,3,0,4,7,0,0,0,0,0,0,0,44,1,102,4304.0,0,40-49,3,-1.7689820200345119,-0.18820445476202693,Digital Active Customers
10144,1976,Graduation,Together,51369.0,0,1,,84,297,7,79,0,11,182,2,8,2,4,8,0,0,0,0,0,0,0,49,1,576,,0,40-49,0,-0.27888262862364965,0.22014251463892578,Economy Customers
8652,1946,Graduation,Together,37760.0,0,0,,20,84,5,38,150,12,28,2,4,1,6,7,0,0,0,0,0,0,0,79,0,317,,0,70+,2,-0.4705128970530293,-1.2159346518449496,Mid-Range Customers
1672,1974,PhD,Together,65640.0,0,1,2014-01-03,74,204,7,149,20,15,66,1,5,1,8,2,0,0,0,0,0,0,0,51,1,461,4242.0,0,50-59,4,1.021890842651073,1.1073551659880974,Store-Focused Customers
8962,1975,Master,Married,44319.0,1,1,,18,26,0,8,0,0,3,2,2,0,3,5,0,0,0,0,0,0,0,50,2,37,,0,40-49,3,-1.3531569925324058,-0.544778139875132,Digital Active Customers
9974,1974,Graduation,Married,30631.0,1,0,2013-12-07,75,15,6,20,4,5,20,1,3,1,2,7,0,0,0,0,0,0,0,51,1,70,4269.0,0,50-59,1,-1.8738602699027294,0.7171957058627734,High Value Customers
10983,1952,Graduation,Together,75278.0,0,0,,17,304,98,230,150,74,74,1,6,3,13,3,0,0,0,0,0,0,0,73,0,930,,0,70+,2,2.5739251907712988,-1.0229586166864673,Mid-Range Customers
8148,1956,Master,Together,50898.0,1,1,2013-08-01,88,285,28,242,55,114,135,13,6,2,12,5,0,0,0,0,0,0,0,69,2,859,4397.0,0,60-69,0,1.5714728572799723,0.7695038765313955,Economy Customers
10102,1966,Graduation,Widow,79946.0,0,0,2014-12-05,19,395,183,565,166,141,28,1,5,11,5,3,0,0,0,0,0,0,0,59,0,1478,3906.0,0,50-59,4,1.6439383881761649,-0.5943975519568626,Store-Focused Customers
4697,1949,Master,Divorced,35416.0,0,0,,62,248,3,81,4,3,51,3,7,1,5,8,0,0,0,0,0,0,0,76,0,390,,0,70+,2,-0.38088704264280693,-0.46909899336323907,Mid-Range Customers
9262,1984,2n Cycle,Together,32414.0,0,0,2013-04-07,11,20,6,5,0,9,12,1,1,0,3,7,0,0,1,0,0,0,0,41,0,52,4513.0,1,40-49,3,-2.1220037939220244,-0.9141114348978648,Digital Active Customers
7254,1969,Graduation,Together,38361.0,1,0,,74,39,0,56,20,8,14,3,3,1,3,7,0,0,0,0,0,0,0,56,1,137,,0,50-59,1,-1.4622149841650505,0.6716409092010865,High Value Customers
4543,1980,Graduation,Married,82497.0,0,0,,32,777,129,573,216,21,203,1,2,7,9,4,0,0,0,0,1,0,0,45,0,1919,,1,40-49,4,1.9183886995262929,0.0009045195332411408,Store-Focused Customers
4927,1971,Graduation,Together,16626.0,2,0,,76,8,3,22,21,1,13,3,3,0,3,9,0,0,0,0,0,0,0,54,2,68,,0,50-59,1,-2.261078627325426,0.3870387273922635,High Value Customers
10451,1965,Graduation,Together,29672.0,1,1,2013-12-03,6,9,1,3,0,4,8,1,0,0,3,6,0,0,0,0,0,0,0,60,2,25,4273.0,0,50-59,3,-1.9323055708464578,-0.8650813664508729,Digital Active Customers
2926,1952,Master,Together,55951.0,0,1,,62,1241,0,80,0,13,40,3,3,6,11,8,0,1,0,1,0,0,0,73,1,1374,,1,70+,0,1.1394785804373861,-0.02033198287798082,Economy Customers
2874,1988,2n Cycle,Divorced,35388.0,1,0,2013-07-03,20,6,4,7,4,3,8,1,1,0,3,7,0,0,0,0,0,0,0,37,1,32,4426.0,0,30-39,3,-2.131941893947774,-0.6228692563639693,Digital Active Customers
9738,1986,Master,Together,42386.0,1,0,,43,65,4,16,0,4,11,1,3,0,3,8,0,0,0,0,0,0,0,39,1,100,,0,30-39,3,-1.798925563553409,-0.32294468453941544,Digital Active Customers
7119,1982,Graduation,Single,68627.0,0,0,2013-12-01,45,395,15,263,60,54,38,1,2,3,6,1,0,0,0,0,0,0,0,43,0,825,4275.0,0,40-49,4,0.7370128088337284,0.8519778035981499,Store-Focused Customers
3924,1965,PhD,Divorced,57912.0,0,1,,34,801,0,80,0,0,35,5,8,3,12,5,0,0,0,1,0,0,0,60,1,916,,1,50-59,0,1.885847496407018,-1.0459908384147516,Economy Customers
5827,1958,Graduation,Divorced,35246.0,1,1,,53,36,0,12,2,2,10,4,3,1,3,5,0,0,0,0,0,0,0,67,2,62,,0,60-69,1,-1.141058593136714,0.28234276345886483,High Value Customers
5596,1956,2n Cycle,Together,58821.0,0,1,2013-12-10,44,513,14,154,19,0,28,1,9,2,9,6,0,0,0,0,0,0,0,69,1,728,4266.0,0,60-69,2,1.404773832308768,-0.9769738693720861,Mid-Range Customers
10812,1978,PhD,Married,46377.0,1,0,2014-01-03,89,37,0,46,4,3,0,1,2,1,3,4,0,0,0,0,0,0,0,47,1,90,4242.0,0,40-49,1,-1.1348861286241,1.7284596907033218,High Value Customers
1717,1988,Graduation,Single,39747.0,1,0,,43,80,15,93,20,13,52,3,5,1,4,8,0,0,0,0,0,0,0,37,1,273,,0,30-39,3,-1.3169879466012466,-0.6071794493497763,Digital Active Customers
9491,1984,Graduation,Together,23976.0,1,0,,68,14,1,21,2,3,25,3,3,1,3,7,0,0,0,0,0,0,0,41,1,66,,0,40-49,1,-1.987090359723571,0.4988456377439452,High Value Customers
9274,1961,Master,Married,80950.0,0,0,,44,525,147,112,219,147,63,1,6,7,9,2,1,0,0,0,0,0,0,64,0,1213,,1,60-69,4,2.380792436194487,0.060047517273043166,Store-Focused Customers
6609,1966,Graduation,Widow,27038.0,0,0,,64,1,26,25,17,23,15,1,3,0,3,9,0,0,0,0,0,1,0,59,0,107,,1,50-59,1,-1.9716063655238625,0.04509327883241294,High Value Customers
6963,1947,Graduation,Single,77457.0,0,0,2014-05-03,85,675,11,400,15,45,11,1,2,5,10,1,0,0,0,0,1,0,0,78,0,1157,4122.0,1,70+,4,2.2279720312242075,1.859823362219565,Store-Focused Customers
4440,1964,Master,Married,64100.0,0,1,2013-10-09,93,509,0,27,0,0,10,1,8,3,6,7,0,0,0,1,0,0,0,61,1,546,4328.0,1,60-69,0,0.5373742251190581,0.5841051108058162,Economy Customers
1379,1992,Master,Together,42670.0,0,0,,12,154,2,46,20,4,15,1,4,2,4,4,0,0,0,0,0,0,0,33,0,241,,0,30-39,3,-0.8676898136201888,-0.8126138729414679,Digital Active Customers
10032,1976,Graduation,Divorced,12571.0,1,0,,86,3,5,14,2,12,17,4,3,1,3,6,0,0,0,0,0,0,0,49,1,53,,0,40-49,1,-1.9506812260186035,1.1136729221854513,High Value Customers
2826,1967,Graduation,Married,22574.0,2,1,,28,25,0,8,2,0,2,2,2,0,3,7,0,0,0,0,0,0,0,58,3,37,,0,50-59,3,-1.9630850350612057,-0.6254366397499251,Digital Active Customers
6320,1976,Master,Single,70893.0,0,0,2013-06-02,42,768,44,561,77,44,14,1,6,6,10,3,0,0,0,0,0,0,0,49,0,1508,4457.0,0,40-49,4,2.239046072074197,-0.1468224287537409,Store-Focused Customers
3050,1966,Graduation,Married,54198.0,1,1,,13,185,0,28,3,2,17,6,3,1,6,4,0,0,0,0,0,0,0,59,2,235,,0,50-59,2,-0.16223738442217397,-0.7505412073406973,Mid-Range Customers
231,1956,Master,Together,28839.0,1,1,2014-11-03,86,24,0,7,0,0,1,2,2,0,3,5,0,0,0,0,0,0,0,69,2,32,3938.0,0,60-69,1,-1.3844895722708992,1.3682003590607772,High Value Customers
2392,1972,Graduation,Married,40321.0,1,1,,59,44,4,21,6,0,27,2,3,0,3,7,0,0,0,0,0,0,0,53,2,102,,0,50-59,1,-1.497722060773835,0.2413077906700816,High Value Customers
9478,1985,Graduation,Single,66503.0,1,0,,30,91,64,128,65,3,50,2,4,3,6,3,0,0,0,0,0,0,0,40,1,401,,0,30-39,4,0.2554189819021979,-0.12996070076240865,Store-Focused Customers
113,1951,Graduation,Married,30833.0,1,1,,33,11,0,7,3,1,6,2,1,0,3,5,0,0,0,0,0,0,0,74,2,28,,0,70+,3,-1.4337482440947962,-0.09225548923794345,Digital Active Customers
1802,1971,Graduation,Married,64795.0,0,1,,23,412,5,119,38,29,77,3,3,3,12,2,0,0,0,0,0,0,0,54,1,680,,0,50-59,4,1.532707209941283,-0.25879587426651296,Store-Focused Customers
520,1974,Graduation,Married,34421.0,1,0,2013-01-07,81,3,3,7,6,2,9,1,1,0,2,7,0,0,0,0,0,0,0,51,1,30,4603.0,0,50-59,1,-2.1002859933417293,1.166918569283763,High Value Customers
8275,1965,PhD,Divorced,47025.0,1,1,2014-09-02,6,16,0,3,0,0,1,1,1,0,2,7,0,0,0,0,0,0,0,60,2,20,4000.0,0,50-59,3,-1.7771505121562075,-1.0584410524608026,Digital Active Customers
9750,1961,PhD,Divorced,64325.0,0,1,2013-07-02,41,731,60,353,78,12,73,5,10,3,5,7,0,0,0,0,0,0,0,64,1,1307,4427.0,0,60-69,0,1.3265842181411425,-1.2164307194902948,Economy Customers
2607,1953,Graduation,Single,40464.0,0,1,2013-11-01,78,424,17,118,7,23,41,6,8,2,8,8,0,0,0,0,0,0,0,72,1,630,4305.0,0,70+,0,0.4396255759457863,-0.16212949886288378,Economy Customers
7214,1957,Graduation,Married,62187.0,0,0,2013-05-07,49,792,0,275,45,45,126,1,4,8,5,3,0,0,0,0,0,0,0,68,0,1283,4483.0,0,60-69,4,1.1374585597277636,0.3437943547765954,Store-Focused Customers
5835,1976,PhD,Divorced,14849.0,1,0,2013-02-07,39,21,2,28,3,2,9,3,2,0,4,8,0,0,0,0,0,0,0,49,1,65,4572.0,0,40-49,3,-2.205108330360576,-0.45593238846041517,Digital Active Customers
3896,1984,Graduation,Married,27255.0,1,0,2013-07-11,3,22,1,11,0,1,2,1,1,0,3,7,0,0,0,0,0,0,0,41,1,37,4418.0,0,40-49,3,-2.233820698155442,-1.1686360742819157,Digital Active Customers
10350,1950,PhD,Married,54432.0,2,1,2013-09-05,37,33,0,5,0,0,0,1,1,0,3,4,0,0,0,0,0,0,0,75,3,38,4362.0,0,70+,1,-0.81435649197551,0.23935885328083223,High Value Customers
7786,1986,PhD,Single,29999.0,1,0,,22,68,7,59,10,5,11,4,3,1,4,8,0,0,0,0,0,0,0,39,1,160,,0,30-39,3,-1.8411264649642916,-1.0108690054688185,Digital Active Customers
2861,1983,Graduation,Single,24072.0,1,0,,79,9,1,6,3,0,4,1,1,0,2,8,0,0,0,0,0,0,0,42,1,23,,0,40-49,1,-2.5706320273541126,0.9637596274443998,High Value Customers
663,1989,PhD,Single,33996.0,0,0,2013-11-09,46,40,2,15,8,0,6,1,1,1,3,4,0,0,0,0,0,0,0,36,0,71,4297.0,0,30-39,3,-1.6700163676891993,0.5749433627742577,Digital Active Customers
10675,1956,PhD,Married,66334.0,0,1,2013-03-04,82,909,11,218,0,0,23,2,9,3,5,5,0,0,0,0,0,1,0,69,1,1161,4547.0,1,60-69,0,1.4915780455385783,0.4079823908573785,Economy Customers
2521,1971,Master,Married,35178.0,1,0,2013-10-01,10,23,1,13,2,2,18,1,1,1,2,7,0,0,1,0,0,1,0,54,1,59,4336.0,1,50-59,3,-2.0429807914510425,-0.9565846710258885,Digital Active Customers
9592,1983,Graduation,Together,22010.0,1,0,,51,11,2,9,3,0,8,2,2,0,3,8,0,0,0,0,0,0,0,42,1,33,,0,40-49,3,-2.330142208205934,-0.02914873373723857,Digital Active Customers
10151,1960,Graduation,Divorced,62204.0,0,2,2012-12-09,38,317,46,247,151,46,139,1,4,5,12,3,0,0,0,0,0,0,0,65,2,946,4632.0,0,60-69,4,1.8332097899122828,-0.1301009880280555,Store-Focused Customers
7381,1968,Graduation,Divorced,75693.0,0,0,2012-06-12,10,797,153,293,72,97,30,1,11,4,6,4,1,0,0,1,1,1,0,57,0,1442,4812.0,1,50-59,2,2.294544725504216,-1.8091836554827028,Mid-Range Customers
4099,1972,Graduation,Married,30675.0,1,0,2012-12-11,14,10,2,16,11,2,21,1,1,0,3,8,0,0,0,0,0,0,0,53,1,62,4630.0,0,50-59,3,-2.1445202399811865,-1.0124044435841932,Digital Active Customers
9560,1965,Graduation,Together,83003.0,0,0,2013-03-03,18,856,61,570,40,25,122,1,7,6,8,3,0,0,0,0,1,1,0,60,0,1674,4548.0,1,50-59,4,2.582358023419794,-0.9461940650191581,Store-Focused Customers
10172,1988,Graduation,Single,68655.0,0,0,2012-10-08,95,456,19,832,75,118,38,1,4,5,11,3,0,0,0,0,0,0,0,37,0,1538,4694.0,0,30-39,4,1.9629705298569213,1.7017289809262126,Store-Focused Customers
11191,1986,Graduation,Divorced,41411.0,0,0,2013-07-12,11,37,32,38,11,3,18,1,2,1,4,6,0,0,0,0,0,0,0,39,0,139,4417.0,0,30-39,3,-1.4731331051900713,-0.89018830123257,Digital Active Customers
9707,1969,PhD,Married,55212.0,0,1,,65,1103,0,45,0,0,34,3,4,2,11,8,0,1,0,1,0,0,0,56,1,1182,,1,50-59,0,0.8786157247530939,-0.003596767042999459,Economy Customers
6245,1950,PhD,Together,59292.0,0,1,,71,378,14,68,19,14,14,2,3,5,8,3,0,0,0,0,0,0,0,75,1,507,,0,70+,4,0.830290998124625,1.0335269629630968,Store-Focused Customers
8234,1973,Basic,Together,27190.0,1,0,,13,1,6,7,0,1,3,1,1,0,2,8,0,0,1,0,0,1,0,52,1,18,,1,50-59,3,-2.4061004786967026,-1.0267768502963808,Digital Active Customers
1411,1952,Graduation,Divorced,82623.0,0,0,2013-10-11,58,204,34,204,172,153,173,1,2,9,4,1,0,0,0,0,0,0,0,73,0,940,4326.0,0,70+,4,1.1949736084160159,1.2263687897337614,Store-Focused Customers
8553,1965,Graduation,Married,44300.0,1,1,,65,30,0,9,0,0,3,2,1,0,3,6,0,0,0,0,0,0,0,60,2,42,,0,50-59,1,-1.4937469116934847,0.8095342498675944,High Value Customers
1826,1970,Graduation,Divorced,84835.0,0,0,,0,189,104,379,111,189,218,1,4,4,6,1,0,0,0,0,0,1,0,55,0,1190,,1,50-59,4,1.7565235697454,-0.7398035741936239,Store-Focused Customers
8842,1971,Graduation,Widow,30372.0,1,1,,33,15,0,12,7,3,7,3,2,0,3,7,0,0,0,0,0,0,0,54,2,44,,0,50-59,3,-1.860764189829311,-0.4383672100692679,Digital Active Customers
11030,1976,Master,Married,33181.0,1,0,2014-03-01,90,9,0,3,0,0,4,1,1,0,2,6,0,0,1,0,0,0,0,49,1,16,4185.0,1,40-49,1,-2.005002924686996,1.5795222550269867,High Value Customers
2579,1957,Graduation,Married,71113.0,0,1,,95,495,33,255,11,33,8,4,6,7,9,4,0,0,0,0,0,0,0,68,1,835,,0,60-69,0,1.636113081318336,1.25495470297537,Economy Customers
175,1986,Graduation,Married,71952.0,1,0,2013-10-01,93,656,80,455,52,107,93,2,8,4,8,4,0,0,1,0,1,0,0,39,1,1443,4336.0,1,30-39,0,1.9100620186485047,1.0556990478290929,Economy Customers
9185,1966,PhD,Single,69759.0,0,0,,38,452,20,514,13,30,0,3,4,6,5,3,0,0,0,0,0,1,0,59,0,1029,,1,50-59,4,0.9467371952738285,0.07230760230121872,Store-Focused Customers
11056,1974,Graduation,Married,72099.0,0,0,,18,546,91,410,119,0,22,1,3,4,10,1,0,0,0,0,0,0,0,51,0,1188,,0,50-59,4,1.9198149166254135,-0.19151609718678841,Store-Focused Customers
9365,1976,PhD,Single,60000.0,0,1,,57,1048,0,217,0,0,12,5,11,3,5,6,0,0,0,0,0,0,0,49,1,1277,,0,40-49,0,1.3178507049655963,-0.690174081552027,Economy Customers
6201,1978,Graduation,Single,38643.0,1,1,,45,22,2,14,0,1,10,2,2,0,3,7,0,0,0,0,0,0,1,47,2,49,,0,40-49,3,-1.7878919630161105,-0.031056942820398867,Digital Active Customers
2061,1955,Graduation,Married,50737.0,0,1,2013-11-05,61,78,0,11,0,0,10,1,2,0,4,6,0,0,0,1,0,0,0,70,1,99,4301.0,1,60-69,1,-0.9184924362680679,0.5243031577382392,High Value Customers
6184,1969,PhD,Married,68462.0,0,0,2012-12-12,6,561,64,785,84,128,48,1,3,3,8,1,0,0,0,0,0,0,0,56,0,1670,4629.0,0,50-59,4,2.026879424281731,-0.5356884078273753,Store-Focused Customers
6142,1943,Master,Married,65073.0,0,0,,65,629,17,177,69,0,8,1,5,3,5,2,0,0,0,0,0,0,1,82,0,900,,0,70+,4,1.340070335193733,0.7971940774504892,Store-Focused Customers
4107,1948,PhD,Together,46681.0,0,2,2013-08-10,52,269,15,69,15,19,38,2,4,6,4,5,0,0,0,0,0,0,0,77,2,425,4388.0,0,70+,2,-0.21320946227301216,0.09997093730270669,Mid-Range Customers
7274,1957,Graduation,Married,78618.0,0,0,,87,736,163,818,212,163,61,1,4,7,10,2,0,0,0,1,0,0,0,68,0,2153,,1,60-69,4,3.072911975251321,1.5493310566764527,Store-Focused Customers
9336,1969,PhD,Widow,62187.0,0,1,,38,512,0,83,0,0,41,3,6,2,10,4,0,0,0,0,0,0,0,56,1,636,,0,50-59,2,1.2760885910004731,-0.4521188831445194,Mid-Range Customers
2958,1978,Graduation,Married,28442.0,2,0,,53,19,3,10,11,8,6,3,2,1,4,4,0,0,0,0,0,0,0,47,2,57,,0,40-49,3,-1.3639077690374275,0.5767962888046356,Digital Active Customers
933,1978,PhD,Married,37717.0,1,0,,31,9,0,6,4,1,5,1,1,0,2,9,0,0,0,0,0,0,0,47,1,25,,0,40-49,3,-2.4153148698150395,-0.5818374906584101,Digital Active Customers
5837,1967,Graduation,Married,51479.0,1,1,,67,247,8,160,6,8,65,7,6,3,6,7,0,0,0,0,0,0,0,58,2,494,,0,50-59,0,-0.05511255607772785,0.03885690682443086,Economy Customers
10704,1969,Graduation,Single,54803.0,0,1,,65,404,0,92,28,27,142,2,6,2,9,4,0,0,0,0,0,0,0,56,1,693,,0,50-59,0,1.0471110598406264,0.3513551764817458,Economy Customers
5125,1960,Graduation,Married,79530.0,0,0,,64,333,0,815,129,42,29,1,4,10,11,2,0,0,0,0,0,0,0,65,0,1348,,0,60-69,4,2.512503206537827,0.8603916931445751,Store-Focused Customers
4432,1976,Graduation,Divorced,31615.0,1,0,,82,2,3,20,6,11,9,2,2,0,3,7,0,0,0,0,0,0,0,49,1,51,,0,40-49,1,-1.8820934033058698,1.0424385938695508,High Value Customers
5955,1962,Graduation,Together,72025.0,0,0,,27,833,33,549,151,133,233,1,4,3,8,3,0,0,0,0,0,0,0,63,0,1932,,0,60-69,4,2.236236387875576,-0.33670127779353837,Store-Focused Customers
2928,1975,PhD,Single,52614.0,0,1,2012-01-12,63,789,0,142,12,9,38,2,2,4,8,8,0,0,0,0,0,0,0,50,1,990,4964.0,0,40-49,1,-0.11301893249696308,0.2771674161599545,High Value Customers
5680,1984,2n Cycle,Married,35684.0,1,0,,66,10,4,7,0,6,3,1,1,0,3,6,0,0,0,0,0,0,0,41,1,30,,0,40-49,1,-1.910042022928729,0.8766123774146741,High Value Customers
10313,1975,Graduation,Married,48178.0,1,1,,69,159,4,45,6,2,38,6,5,1,4,8,0,0,0,0,0,0,0,50,2,254,,0,40-49,1,-0.9999335092326737,0.15020648153162133,High Value Customers
2557,1970,Master,Single,29548.0,1,0,,52,7,1,6,3,1,11,1,1,1,2,4,0,0,1,0,0,0,0,55,1,29,,1,50-59,1,-1.688573660464196,0.6983390289192867,High Value Customers
1245,1966,Graduation,Single,63810.0,0,1,2012-11-11,45,977,12,253,16,12,101,4,4,3,12,8,0,0,0,1,0,0,0,59,1,1371,4660.0,1,50-59,0,1.3782803412787632,-0.6066747876117197,Economy Customers
1519,1972,PhD,Single,38578.0,1,1,,2,38,4,22,3,3,3,3,3,0,3,8,0,0,0,0,0,1,0,53,2,73,,1,50-59,3,-1.7245321328933132,-1.6038105902719417,Digital Active Customers
10703,1975,Master,Single,46098.0,1,1,,86,57,0,27,0,0,36,4,3,2,2,8,0,0,0,0,0,0,0,50,2,120,,0,40-49,1,-1.7045057157618715,0.955270302926735,High Value Customers
1726,1970,Graduation,Single,22585.0,0,0,,23,3,9,15,13,2,39,1,1,1,2,9,0,0,1,0,0,1,0,55,0,81,,1,50-59,3,-2.55169133278557,-0.8954451408418269,Digital Active Customers
4459,1989,Graduation,Single,30279.0,1,0,,13,10,4,14,4,4,1,1,1,0,3,8,0,0,0,0,0,0,0,36,1,37,,0,30-39,3,-2.3921496830263624,-0.9856733041916025,Digital Active Customers
1729,1961,PhD,Together,66426.0,0,1,2013-02-10,14,1043,24,97,32,24,157,2,3,5,10,6,0,0,0,0,0,0,0,64,1,1377,4569.0,0,60-69,2,1.3707583173831142,-1.0813978204913621,Mid-Range Customers
1517,1969,Graduation,Single,30822.0,1,0,,92,3,9,13,2,12,12,1,1,0,3,7,0,0,0,0,0,0,0,56,1,51,,0,50-59,1,-1.9368746671762405,1.443531871016111,High Value Customers
2098,1969,PhD,Married,33581.0,2,0,2013-08-01,38,11,0,5,0,0,1,1,1,0,2,8,0,0,0,0,0,0,0,56,2,17,4397.0,0,50-59,3,-2.228344642445906,-0.27526676337385436,Digital Active Customers
9543,1985,Graduation,Married,19986.0,1,0,,74,3,6,5,0,2,6,1,0,0,3,7,0,0,0,0,0,0,0,40,1,22,,0,30-39,1,-2.5087365693076453,1.0567987518999673,High Value Customers
6878,1954,Graduation,Widow,27421.0,0,0,2012-12-12,14,43,12,96,78,40,55,3,4,1,6,7,0,0,0,0,0,0,0,71,0,324,4629.0,0,70+,2,-0.7635348377876489,-1.400267221962051,Mid-Range Customers
3310,1973,2n Cycle,Married,35688.0,2,1,,94,73,3,90,12,1,32,7,4,1,4,8,0,0,0,0,0,0,0,52,3,211,,0,50-59,1,-1.3708561247675226,0.9786105283378217,High Value Customers
2724,1981,Master,Single,36143.0,1,0,,33,12,0,1,0,0,6,1,0,1,2,3,0,0,0,0,0,0,0,44,1,19,,0,40-49,3,-1.699258090257966,0.4611714618982418,Digital Active Customers
948,1971,Graduation,Single,10245.0,1,0,,32,4,7,7,6,4,13,3,1,2,2,5,0,0,0,0,0,0,0,54,1,41,,0,50-59,3,-2.2132154243582676,-0.09662686061397598,Digital Active Customers
6720,1968,Master,Together,43795.0,0,1,,11,314,11,53,4,3,107,3,7,3,4,7,0,0,0,1,0,1,0,57,1,492,,1,50-59,2,-0.388731009307766,-1.7344987037101671,Mid-Range Customers
6202,1960,Graduation,Together,63381.0,0,1,2012-05-10,78,571,50,142,33,50,159,4,4,5,13,2,0,0,0,0,0,0,0,65,1,1005,4845.0,0,60-69,4,2.215756661089755,1.1837801962745738,Store-Focused Customers
2066,1949,Graduation,Together,38823.0,0,1,,56,70,0,11,2,8,23,1,2,1,3,6,0,0,0,0,0,0,0,76,1,114,,0,70+,1,-1.199733740902016,0.3400106080294511,High Value Customers
9799,1968,PhD,Divorced,83664.0,1,1,2013-08-05,57,866,21,151,28,21,86,3,2,2,12,5,0,0,0,0,0,0,0,57,2,1173,4393.0,0,50-59,4,1.7572417248002445,0.5048537145839405,Store-Focused Customers
8318,1979,Graduation,Together,90300.0,0,0,2014-03-01,7,594,134,786,33,134,57,0,5,6,8,1,0,0,0,0,1,0,0,46,0,1738,4185.0,1,40-49,4,2.6316339872051264,-0.6623527574171946,Store-Focused Customers
5642,1979,Master,Together,62499.0,1,0,2013-09-12,0,140,4,61,0,13,4,2,3,1,6,4,0,0,0,0,0,0,0,46,1,222,4355.0,0,40-49,3,-0.18824023868510514,-1.067574307270949,Digital Active Customers
2669,1993,Graduation,Single,74293.0,0,0,2014-04-05,66,375,152,335,93,91,81,1,5,4,6,2,0,0,0,0,0,0,0,32,0,1127,4150.0,0,30-39,4,1.2070767340432393,1.0010491367830154,Store-Focused Customers
455,1946,PhD,Married,51012.0,0,0,,86,102,9,63,2,9,24,1,4,1,4,6,0,0,0,0,0,0,0,79,0,209,,0,70+,1,-0.4321306924781971,0.9800613468589842,High Value Customers
7683,1968,Master,Married,70777.0,0,1,,80,554,35,113,0,7,78,3,5,3,12,3,0,0,0,0,0,0,0,57,1,787,,0,50-59,4,1.9019357499757252,1.0473066357421246,Store-Focused Customers
3428,1991,PhD,Together,68682.0,0,0,2013-06-10,56,919,0,505,99,30,45,1,4,9,10,2,0,0,0,0,0,0,0,34,0,1598,4449.0,0,30-39,4,1.972163734824183,0.7136545353924634,Store-Focused Customers
7414,1971,Graduation,Married,43824.0,1,1,,18,96,1,42,12,3,32,4,3,1,4,8,0,0,0,0,0,0,0,54,2,186,,0,50-59,3,-1.3675043635127417,-1.137462212808956,Digital Active Customers
6354,1984,Graduation,Together,15345.0,1,0,,51,5,2,16,3,2,19,2,1,1,2,8,0,0,0,0,0,1,0,41,1,47,,1,40-49,3,-2.7351203508386916,0.10516004623850675,Digital Active Customers
798,1987,Graduation,Single,23442.0,1,0,,71,2,0,6,8,6,5,1,1,0,3,7,0,0,0,0,0,0,0,38,1,27,,0,30-39,1,-2.3333754314975597,0.8556997335813045,High Value Customers
8213,1980,2n Cycle,Together,14515.0,1,0,2012-09-11,71,6,4,9,6,36,35,4,2,2,3,7,0,0,0,0,0,1,0,45,1,96,4721.0,1,40-49,1,-2.220034196376332,0.6739700869634551,High Value Customers
2488,1956,2n Cycle,Divorced,31395.0,1,1,,80,23,1,25,0,8,7,4,2,1,3,6,0,0,0,0,0,0,0,69,2,64,,0,60-69,1,-1.4647823796995612,1.055775037285671,High Value Customers
9999,1965,Graduation,Together,75276.0,0,0,,2,610,105,125,137,42,21,1,9,4,9,5,0,0,0,0,0,0,0,60,0,1040,,0,50-59,2,2.0027521515705606,-2.006886136755883,Mid-Range Customers
7617,1974,Graduation,Single,42373.0,1,1,,83,67,5,61,3,8,19,5,2,1,5,5,0,0,0,0,0,0,0,51,2,163,,0,50-59,1,-0.9606394560691746,1.336095543442189,High Value Customers
615,1960,Graduation,Together,30507.0,0,0,2013-11-03,29,65,36,74,38,20,110,1,5,1,4,7,0,0,0,0,0,0,0,65,0,343,4303.0,0,60-69,3,-0.9215043490444632,-1.0073669499028104,Digital Active Customers
2552,1955,PhD,Single,55521.0,1,2,,11,416,0,26,0,0,4,9,6,3,6,7,0,0,0,1,0,1,0,70,3,446,,1,60-69,2,0.11910458741482573,-1.6572596845694259,Mid-Range Customers
194,1965,Graduation,Married,48006.0,1,1,2014-09-06,55,23,0,11,3,2,2,1,1,0,3,6,0,0,0,0,0,0,0,60,2,41,3996.0,0,50-59,1,-1.427774710898038,0.5232697713790246,High Value Customers
3645,1972,PhD,Single,27213.0,1,0,,19,19,3,26,10,9,3,3,2,0,4,8,0,0,0,0,0,1,0,53,1,70,,1,50-59,3,-1.922735505964441,-1.0264473377558214,Digital Active Customers
8890,1971,PhD,Divorced,65808.0,1,1,,1,155,7,80,13,7,10,3,5,1,5,6,0,0,0,0,0,0,0,54,2,272,,0,50-59,2,-0.16811564690565922,-1.573758452408891,Mid-Range Customers
5049,1974,PhD,Together,30351.0,1,0,2013-06-06,19,14,0,24,3,3,2,1,3,0,2,9,0,0,0,0,0,0,0,51,1,46,4453.0,0,50-59,3,-2.222280511683764,-1.2350213323492296,Digital Active Customers
9973,1963,Graduation,Married,50437.0,0,2,,28,370,9,92,6,9,4,3,7,1,8,7,0,0,0,0,0,0,0,62,2,490,,0,60-69,2,0.38701548222262055,-1.3147324419409943,Mid-Range Customers
7301,1982,2n Cycle,Single,23616.0,1,0,,76,4,22,11,3,7,32,2,3,0,3,8,0,0,0,0,0,1,0,43,1,79,,1,40-49,1,-2.108494424399091,0.5877343950167891,High Value Customers
10882,1976,Graduation,Married,53858.0,0,1,2012-09-11,50,407,53,221,58,150,26,4,4,3,6,4,0,0,0,0,0,0,0,49,1,915,4721.0,0,40-49,4,0.4188569612983642,0.2502742084255409,Store-Focused Customers
7030,1955,PhD,Married,66465.0,0,1,,1,1200,0,204,38,29,14,3,11,9,12,6,1,0,0,0,0,0,0,70,1,1485,,1,60-69,2,2.8902813102964102,-2.569932489976818,Mid-Range Customers
7422,1987,Graduation,Single,46923.0,1,0,,90,85,44,54,102,78,6,3,5,1,7,7,0,0,0,0,0,0,0,38,1,369,,0,30-39,1,-0.4839649555153962,0.8851333071017744,High Value Customers
3523,1962,Graduation,Together,75072.0,0,1,,83,583,34,309,0,22,125,2,5,4,8,3,0,0,0,0,0,0,0,63,1,1073,,0,60-69,4,1.7182130570095013,1.2185610326237286,Store-Focused Customers
7106,1943,PhD,Married,75865.0,0,0,,73,483,0,591,156,0,12,1,3,5,10,1,0,0,0,0,0,0,0,82,0,1242,,0,70+,4,2.4506098791314797,1.3537173424718691,Store-Focused Customers
6504,1975,2n Cycle,Together,19789.0,1,0,,24,2,5,9,28,6,28,3,2,1,3,5,0,0,1,0,0,0,0,50,1,78,,1,40-49,3,-1.7777879149832962,-0.4436676272897228,Digital Active Customers
5067,1994,Graduation,Together,80134.0,0,0,,11,966,26,282,52,26,26,1,2,7,11,5,1,1,0,1,1,0,0,31,0,1378,,1,30-39,4,1.370148648041258,-0.7676515489427822,Store-Focused Customers
4216,1981,Graduation,Single,91065.0,0,0,,33,822,114,108,179,137,114,1,7,9,9,3,1,0,0,0,1,1,0,44,0,1474,,1,40-49,4,2.509421852719521,-0.44082957923609517,Store-Focused Customers
8581,1971,Master,Married,49505.0,1,1,2013-05-03,4,604,0,100,19,0,28,9,10,2,8,8,0,0,0,0,0,0,0,54,2,751,4487.0,0,50-59,2,0.7245286763407665,-2.5371411904914325,Mid-Range Customers
5929,1973,PhD,Married,37401.0,1,0,2014-06-05,14,19,3,19,3,1,3,2,2,0,3,7,0,0,0,0,0,0,0,52,1,48,4089.0,0,50-59,3,-1.7564245066541806,-0.975577832121933,Digital Active Customers
3129,1983,Graduation,Married,30096.0,1,0,,30,5,3,11,12,5,9,1,2,0,3,6,0,0,0,0,0,0,0,42,1,45,,0,40-49,3,-1.8668362851334248,-0.3465110659351849,Digital Active Customers
6528,1982,Master,Together,18492.0,1,0,2014-05-06,75,2,2,2,2,1,1,1,1,0,2,8,0,0,0,0,0,0,0,43,1,10,4119.0,0,40-49,1,-2.6746750456017225,0.8236884756530322,High Value Customers
1361,1974,Master,Married,82584.0,0,0,2013-04-06,26,1076,68,103,29,91,68,1,3,4,8,1,0,0,0,1,1,1,0,51,0,1435,4514.0,1,50-59,4,2.035441900391427,0.12346221606629236,Store-Focused Customers
6932,1941,PhD,Married,93027.0,0,0,,77,1285,42,716,55,0,21,0,7,10,5,2,0,0,0,0,1,0,0,84,0,2119,,1,70+,4,3.1871851133284648,0.9683067725584464,Store-Focused Customers
7284,1953,Graduation,Married,48686.0,1,2,2013-04-12,8,10,0,7,2,0,1,1,1,0,2,8,0,0,0,0,0,0,0,72,3,20,4508.0,0,70+,3,-1.7444958447829413,-1.1757328504177356,Digital Active Customers
1340,1986,Graduation,Married,92910.0,0,0,,42,551,137,792,179,103,33,1,6,7,13,1,1,0,0,1,1,0,0,39,0,1795,,1,30-39,4,3.5106112148859285,0.16918928001237066,Store-Focused Customers
8746,1989,Graduation,Married,75433.0,1,0,2014-05-04,28,800,0,297,0,34,57,2,2,5,10,6,1,0,0,1,0,0,0,36,1,1188,4121.0,1,30-39,4,0.8914069969608535,-0.4102356869561799,Store-Focused Customers
5987,1989,2n Cycle,Together,10404.0,1,0,2014-04-05,52,2,2,11,10,6,12,2,1,0,4,5,0,0,0,0,0,0,0,36,1,43,4150.0,0,30-39,3,-2.1428842704660385,0.515360531862517,Digital Active Customers
3767,1968,Graduation,Married,61314.0,0,1,,1,378,0,189,97,172,172,2,5,5,12,3,0,0,0,0,0,0,0,57,1,1008,,0,50-59,2,1.8881464399877788,-1.3380682701206343,Mid-Range Customers
3725,1961,PhD,Single,84865.0,0,0,2013-09-05,1,1248,16,349,43,16,16,1,2,4,9,4,1,1,0,1,1,1,0,64,0,1688,4362.0,1,60-69,4,2.0040954063478655,-0.9779364236583351,Store-Focused Customers
4324,1989,Graduation,Married,42387.0,1,0,,42,235,0,235,19,4,191,5,8,1,7,8,0,0,0,0,0,0,0,36,1,684,,0,30-39,0,-0.09817371082018365,-1.0844729142623766,Economy Customers
238,1967,2n Cycle,Together,67309.0,1,1,,76,515,47,181,149,95,95,15,9,6,9,7,0,0,0,0,0,0,0,58,2,1082,,0,50-59,0,1.576348073018112,-0.10359346113160206,Economy Customers
6694,1964,Graduation,Married,75236.0,0,1,,27,438,66,400,12,38,114,1,8,3,13,4,0,0,0,0,0,0,0,61,1,1068,,0,60-69,2,2.649779831887799,-1.0856803968029543,Mid-Range Customers
498,1970,Graduation,Single,30015.0,1,0,2014-02-02,28,25,0,22,2,3,5,2,1,0,4,5,0,0,0,0,0,0,0,55,1,57,4212.0,0,50-59,3,-1.524801076381806,-0.20236486648632976,Digital Active Customers
9347,1956,Master,Together,50943.0,0,1,,49,31,0,7,2,0,6,1,1,0,3,5,0,0,0,0,0,0,0,69,1,46,,0,60-69,1,-1.1006203560868895,0.4647016797619716,High Value Customers
9699,1966,Graduation,Divorced,67272.0,0,1,,12,357,35,271,28,28,14,3,6,2,12,5,0,0,0,0,0,0,0,59,1,733,,0,50-59,2,1.6228226318685026,-1.4085303985221715,Mid-Range Customers
10664,1949,Master,Widow,51529.0,0,1,2013-07-09,14,400,4,35,6,0,22,2,9,1,5,8,0,0,0,0,0,0,0,76,1,467,4420.0,0,70+,2,0.23883696934489768,-2.107761279760932,Mid-Range Customers
5455,1971,PhD,Married,32011.0,1,0,,89,99,0,15,2,1,5,3,2,1,4,7,0,0,0,0,0,0,0,54,1,122,,0,50-59,1,-1.602617507463781,1.2120926546915682,High Value Customers
456,1986,2n Cycle,Married,7500.0,1,0,2013-07-02,96,1,11,5,4,6,9,2,2,0,3,8,0,0,0,0,0,0,0,39,1,36,4427.0,0,30-39,1,-2.6261868843456084,1.2760492563727646,High Value Customers
5012,1989,Graduation,Married,28691.0,1,0,2013-04-07,56,5,4,13,8,0,4,1,1,0,3,8,0,0,0,0,0,0,0,36,1,34,4513.0,0,30-39,3,-2.412416427352099,0.29056602803446574,Digital Active Customers
7495,1948,PhD,Married,56223.0,0,1,,72,77,28,31,16,0,4,2,2,1,5,4,0,0,0,0,0,0,0,77,1,156,,0,70+,1,-0.22112898874848022,1.1054642545214854,High Value Customers
5029,1946,Graduation,Married,18100.0,0,0,2013-06-08,14,3,1,2,4,3,1,1,0,0,3,5,0,0,0,0,0,0,0,79,0,14,4451.0,0,70+,3,-1.7585581624108746,-0.5860182950370838,Digital Active Customers
10642,1989,Graduation,Single,30279.0,1,0,,13,10,4,14,4,4,1,1,1,0,3,8,0,0,0,0,0,0,0,36,1,37,,0,30-39,3,-2.3921496830263624,-0.9856733041916025,Digital Active Customers
2106,1974,2n Cycle,Married,20130.0,0,0,,99,0,6,3,7,6,12,1,1,0,3,8,0,0,0,0,0,0,0,51,0,34,,0,50-59,1,-2.3680673379769543,1.493979117428579,High Value Customers
10364,1959,Graduation,Divorced,23295.0,0,0,,72,0,0,1,2,12,5,1,1,0,2,8,0,0,0,0,0,0,0,66,0,20,,0,60-69,1,-2.2807738545212253,0.6714584294137909,High Value Customers
5954,1972,Master,Divorced,42618.0,1,0,2013-09-10,92,76,14,74,13,5,10,2,5,0,4,8,0,0,0,0,0,0,0,53,1,192,4357.0,0,50-59,1,-1.1115487668778468,0.8082799980187719,High Value Customers
1137,1964,Graduation,Single,81246.0,0,0,,87,398,190,537,61,156,37,1,4,5,7,1,1,0,1,0,0,0,0,61,0,1379,,1,60-69,4,2.095939513869675,1.796686657665956,Store-Focused Customers
2541,1976,Graduation,Married,24027.0,1,0,2013-09-06,7,14,7,11,11,0,5,2,2,0,3,8,0,0,0,0,0,0,0,49,1,48,4361.0,0,40-49,3,-2.2018736178983604,-1.357633934176249,Digital Active Customers
1142,1953,PhD,Married,55707.0,0,1,,91,208,7,82,30,66,35,2,3,2,9,3,0,0,0,0,0,0,0,72,1,428,,0,70+,4,0.8092483456964897,1.6061968105919424,Store-Focused Customers
2276,1955,Graduation,Single,57959.0,0,1,2013-02-05,71,430,16,322,43,24,33,5,4,7,11,3,0,0,0,0,0,0,0,70,1,868,4574.0,0,60-69,4,1.615503820270599,0.846120365611972,Store-Focused Customers
2807,1969,Graduation,Married,56796.0,0,1,,24,656,38,161,62,47,37,3,8,9,7,7,0,0,0,0,0,0,0,56,1,1001,,0,50-59,2,0.8456480280997789,-1.5040123641340453,Mid-Range Customers
6471,1971,Master,Single,36230.0,1,0,,17,14,2,30,8,2,3,1,2,0,4,5,0,0,0,0,0,0,0,54,1,59,,0,50-59,3,-1.289509480944135,-0.636495590945228,Digital Active Customers
6131,1980,2n Cycle,Married,70829.0,1,1,2013-01-12,87,141,70,106,72,19,23,2,4,2,8,3,0,0,0,0,0,0,0,45,2,431,4598.0,0,40-49,4,0.7341222357107658,1.5194932650338988,Store-Focused Customers
6233,1976,Graduation,Married,65991.0,0,1,2012-07-09,21,507,19,364,25,47,9,3,9,5,10,7,0,0,0,0,0,0,0,49,1,971,4785.0,0,40-49,0,1.4725963203051229,-1.7379038611831945,Economy Customers
4148,1972,Graduation,Married,38988.0,1,2,,90,164,24,103,12,3,42,7,5,1,6,8,0,0,0,0,0,0,0,53,3,348,,0,50-59,1,-0.7571116487026123,0.6906789881216834,High Value Customers
4947,1966,2n Cycle,Single,89572.0,0,0,,44,606,24,974,197,194,64,1,7,7,9,4,1,0,0,1,0,1,0,59,0,2059,,1,50-59,4,3.016916714067637,-0.3144457472676517,Store-Focused Customers
3225,1984,Master,Married,42207.0,1,0,2013-01-04,71,116,11,72,3,17,46,4,4,1,5,6,0,0,1,0,0,1,0,41,1,265,4606.0,1,40-49,1,-0.8978923845429055,0.6109666362893225,High Value Customers
7540,1952,Graduation,Married,50300.0,0,1,,52,143,15,60,24,23,5,2,2,1,8,2,0,0,0,0,0,0,0,73,1,270,,0,70+,2,0.4513371479013021,0.71841481836181,Mid-Range Customers
10648,1982,2n Cycle,Together,66664.0,0,0,,78,398,96,447,220,96,32,1,5,7,6,3,0,0,0,0,0,0,0,43,0,1289,,0,40-49,4,1.191640059890952,1.1545945900469587,Store-Focused Customers
1992,1964,Graduation,Married,60597.0,0,1,2014-01-01,2,522,0,257,32,16,66,4,2,2,8,7,1,0,0,0,0,1,0,61,1,893,4244.0,1,60-69,2,0.2332635818850364,-1.410275189859122,Mid-Range Customers
7851,1949,Graduation,Widow,70165.0,0,0,,60,161,0,253,199,191,122,1,3,7,11,1,0,0,0,0,0,0,0,76,0,926,,0,70+,4,2.142221949694924,0.9483883060726236,Store-Focused Customers
8594,1958,PhD,Widow,50520.0,0,1,,25,112,0,6,2,1,14,2,3,1,3,6,0,0,0,0,0,0,0,67,1,135,,0,60-69,3,-0.954047374279662,-0.6457921228598805,Digital Active Customers
7059,1963,Graduation,Married,80124.0,0,0,,47,483,84,398,205,84,241,1,3,7,8,1,0,0,1,0,0,0,0,62,0,1495,,1,60-69,4,2.18729346374383,0.7037063653116851,Store-Focused Customers
2815,1975,Graduation,Married,33183.0,1,0,,46,7,5,39,17,15,37,2,4,0,3,7,0,0,0,0,0,0,0,50,1,120,,0,40-49,3,-1.5261317320751933,-0.2878696092699119,Digital Active Customers
2416,1969,PhD,Single,66582.0,0,0,2014-03-03,83,789,25,420,16,38,0,1,2,8,9,1,0,0,0,0,0,0,0,56,0,1288,4183.0,0,50-59,4,1.7043961699147323,1.8621790984015782,Store-Focused Customers
7999,1955,PhD,Together,75261.0,0,0,,17,1239,17,413,23,34,17,1,5,6,5,2,0,0,0,1,1,1,0,70,0,1743,,1,60-69,4,2.0738499646985535,-0.5665399333553626,Store-Focused Customers
9213,1970,Graduation,Widow,31880.0,1,0,,13,4,1,5,2,0,3,1,1,0,2,8,0,0,0,0,0,0,0,55,1,15,,0,50-59,3,-2.281893978392016,-1.0221266685508494,Digital Active Customers
9697,1951,Graduation,Married,53790.0,0,2,2014-06-03,86,335,42,127,28,5,5,3,7,2,8,6,0,0,0,0,0,0,0,74,2,542,4091.0,0,70+,0,0.8182129127230465,0.5244361346030546,Economy Customers
3916,1971,PhD,Together,49269.0,1,0,,92,639,8,166,11,8,58,3,7,3,12,7,0,0,0,0,0,0,0,54,1,890,,0,50-59,0,1.200642844107314,0.5218422916279293,Economy Customers
2021,1975,Graduation,Married,61456.0,0,1,,47,563,76,384,84,192,89,4,6,10,13,4,0,0,0,0,0,0,0,50,1,1388,,0,40-49,4,2.258936937837589,-0.23965470161934177,Store-Focused Customers
1581,1980,Graduation,Married,37406.0,1,0,2013-10-10,18,2,0,8,2,2,3,1,1,0,2,8,0,0,0,0,0,1,0,45,1,17,4327.0,1,40-49,3,-2.3037108239224717,-0.8218593766025682,Digital Active Customers
564,1981,PhD,Together,56937.0,1,0,2012-04-08,81,746,8,125,11,8,8,7,8,6,9,6,0,0,0,1,0,1,0,44,1,906,4877.0,1,40-49,0,1.0751428782635275,0.33223897648724254,Economy Customers
6619,1978,Graduation,Married,38415.0,1,1,2013-02-01,91,22,1,13,4,0,4,2,1,0,3,7,0,0,0,0,0,0,0,47,2,44,4578.0,0,40-49,1,-1.9162555181636494,1.4682219147436955,High Value Customers
9081,1988,Graduation,Single,20518.0,1,0,,58,4,1,6,4,1,9,1,1,1,2,5,0,0,0,0,0,0,0,37,1,25,,0,30-39,3,-2.245217592845587,0.7681728387710065,Digital Active Customers
178,1956,Graduation,Married,62503.0,0,1,,40,478,0,193,110,75,117,4,8,3,11,5,0,0,0,0,0,0,0,69,1,973,,0,60-69,2,1.9918050778403258,-0.8609548647042763,Mid-Range Customers
916,1972,PhD,Single,41644.0,1,1,2014-09-05,67,20,3,4,2,0,2,2,1,0,3,3,0,0,0,0,0,0,0,53,2,31,3997.0,0,50-59,1,-1.1816912775182544,1.3089581564333261,High Value Customers
5512,1977,Master,Married,55842.0,0,1,,19,451,0,39,0,4,24,1,7,1,8,5,0,0,0,0,0,0,0,48,1,518,,0,40-49,2,0.6365862088845747,-1.2356922005921682,Mid-Range Customers
8970,1972,PhD,Married,62010.0,0,1,,93,371,22,39,6,0,92,4,6,2,7,5,0,0,0,0,0,0,0,53,1,530,,0,50-59,0,0.5690832600290766,1.1236749631147172,Economy Customers
10581,1977,Graduation,Married,41124.0,1,0,,41,281,7,84,15,0,119,7,7,3,4,8,0,0,0,0,0,0,0,48,1,506,,0,40-49,3,-0.6881261017174715,-0.9601317327955252,Digital Active Customers
5300,1973,Master,Married,38961.0,1,0,,60,19,7,19,0,1,24,1,2,1,2,7,0,0,0,0,0,0,0,52,1,70,,0,50-59,1,-1.8415106745029746,0.42248671469937327,High Value Customers
5154,1972,Master,Divorced,37760.0,1,0,2013-11-08,54,26,3,13,2,10,0,1,2,0,3,6,0,0,0,0,0,0,0,53,1,54,4298.0,0,50-59,1,-1.566906902635901,0.35542977298588074,High Value Customers
8346,1974,Graduation,Single,32233.0,1,0,,26,138,15,35,25,11,72,2,6,2,2,9,0,0,1,0,0,1,0,51,1,296,,1,50-59,3,-1.5758707232033293,-1.4104294755506095,Digital Active Customers
1676,1975,Graduation,Married,43057.0,0,1,,30,213,2,44,0,2,5,4,4,2,5,5,0,0,0,0,0,0,0,50,1,266,,0,40-49,3,-0.6231648283449168,-0.4970105224541562,Digital Active Customers
9286,1960,Master,Together,83151.0,0,0,2012-10-10,93,407,28,100,120,74,18,1,5,9,4,3,0,0,0,0,0,0,0,65,0,747,4692.0,0,60-69,4,1.0403630939728692,1.6284510524159328,Store-Focused Customers
2426,1964,PhD,Divorced,78825.0,0,0,,35,483,74,114,169,37,18,1,5,10,13,3,0,0,0,0,0,1,0,61,0,895,,1,60-69,4,2.3288532159952378,-0.3051853486203105,Store-Focused Customers
5172,1976,Master,Together,65104.0,0,1,,4,738,0,232,13,20,50,2,3,5,7,7,0,0,0,0,0,0,0,49,1,1053,,0,40-49,2,0.28578268908513055,-1.403667512448351,Mid-Range Customers
5562,1974,Graduation,Married,60093.0,0,1,,92,502,12,109,16,6,90,2,7,2,10,6,0,0,0,0,0,0,0,51,1,735,,0,50-59,0,1.0966180988628684,0.7541646967339035,Economy Customers
3436,1969,Graduation,Married,14045.0,1,0,,24,11,0,5,2,1,1,1,1,0,3,7,0,0,0,0,0,0,0,56,1,20,,0,50-59,3,-2.297330323441366,-0.6352672758374855,Digital Active Customers
3921,1952,2n Cycle,Widow,28457.0,0,0,,96,24,1,108,29,29,14,1,4,1,4,8,0,0,0,0,0,0,0,73,0,205,,0,70+,1,-1.24087036656533,0.9443044133819932,High Value Customers
3403,1958,PhD,Together,78952.0,0,1,,11,1170,19,594,99,76,134,2,2,5,12,6,0,0,0,0,0,0,0,67,1,2092,,0,60-69,4,2.4053011245356153,-1.062843694379895,Store-Focused Customers
22,1976,Graduation,Divorced,46310.0,1,0,2012-03-12,99,185,2,88,15,5,14,2,6,1,5,8,0,0,0,0,0,0,0,49,1,309,4904.0,0,40-49,1,-0.714436925568465,0.889124400759002,High Value Customers
10965,1955,Graduation,Together,76005.0,0,0,,72,983,20,389,240,50,40,1,3,5,13,6,1,0,0,0,0,0,0,70,0,1722,,1,60-69,4,2.372615109272315,0.5859758235723087,Store-Focused Customers
9426,1964,Master,Single,58308.0,0,1,2013-12-01,77,691,0,69,10,0,130,4,2,6,3,8,0,0,0,0,0,0,0,61,1,900,4275.0,0,60-69,1,-0.6657051934769265,0.7891622004667483,High Value Customers
6605,1944,PhD,Divorced,55614.0,0,0,,85,504,13,131,8,0,26,1,9,4,6,7,0,0,0,1,0,0,0,81,0,682,,1,70+,0,0.8805573271169892,0.12085885287951195,Economy Customers
3136,1962,Master,Divorced,59432.0,0,1,,88,317,25,265,25,19,12,3,5,3,11,5,0,0,0,0,0,0,0,63,1,663,,0,60-69,0,1.2107316186970345,0.970254088865037,Economy Customers
8737,1978,Graduation,Divorced,55563.0,0,1,2014-05-04,22,29,1,9,2,0,2,1,2,0,3,3,0,0,0,0,0,0,0,47,1,43,4121.0,0,40-49,3,-0.8671611561940064,-0.09707557145362579,Digital Active Customers
11088,1971,PhD,Together,78642.0,0,1,,83,1396,0,322,46,35,17,1,4,9,4,6,0,0,0,0,0,0,0,54,1,1816,,0,50-59,4,1.1184360267729483,1.0504696257623511,Store-Focused Customers
716,1949,PhD,Together,67911.0,0,1,,63,529,0,356,63,28,0,3,6,7,11,3,0,0,0,0,0,0,0,76,1,976,,0,70+,4,2.2340883302929795,0.35930822373485416,Store-Focused Customers
466,1944,Graduation,Married,65275.0,0,0,2013-03-04,9,388,14,218,91,14,21,1,4,3,13,2,0,0,0,0,0,0,0,81,0,746,4547.0,0,70+,2,2.219654897204694,-0.9184284549889059,Mid-Range Customers
9135,1950,Graduation,Together,27203.0,1,1,2012-06-08,92,13,2,21,4,0,24,2,1,1,2,8,0,0,0,0,0,0,0,75,2,64,4816.0,0,70+,1,-2.0487906760648897,1.2488837770569239,High Value Customers
10623,1961,Master,Together,48330.0,0,1,,2,28,0,4,0,0,0,1,1,0,3,5,0,0,0,0,0,0,0,64,1,32,,0,60-69,3,-1.239097059174852,-0.9269045781894312,Digital Active Customers
8151,1990,Basic,Married,24279.0,0,0,,6,16,36,21,20,62,108,1,4,1,3,8,0,0,0,0,0,0,0,35,0,263,,0,30-39,3,-1.930860962380878,-1.599513999965569,Digital Active Customers
5140,1985,PhD,Married,64355.0,1,0,,66,1047,0,140,67,38,153,2,4,3,12,8,0,0,0,0,0,0,0,40,1,1445,,0,30-39,0,1.2121946997330952,0.08456845406215209,Economy Customers
10160,1956,Master,Together,50943.0,0,1,,49,31,0,7,2,0,6,1,1,0,3,5,0,0,0,0,0,0,0,69,1,46,,0,60-69,1,-1.1006203560868895,0.4647016797619716,High Value Customers
4945,1953,Graduation,Widow,53653.0,0,0,2012-07-11,29,815,10,239,28,10,108,2,10,4,12,6,0,0,0,0,0,0,0,72,0,1210,4783.0,0,70+,2,2.3186597126570057,-1.65141970777095,Mid-Range Customers
10584,1976,Graduation,Married,65665.0,0,1,2013-02-12,77,225,162,387,106,36,29,1,5,10,8,3,0,0,0,0,0,0,0,49,1,945,4567.0,0,40-49,4,1.2517062433790307,1.058503501964488,Store-Focused Customers
6071,1989,Graduation,Single,81217.0,0,0,,77,493,70,324,146,40,84,1,3,7,11,1,0,0,0,0,0,0,0,36,0,1157,,0,30-39,4,2.0343762005878228,1.6235468826036623,Store-Focused Customers
3386,1992,Graduation,Married,34935.0,0,0,,71,34,4,66,3,10,20,1,2,1,4,7,0,0,0,0,0,0,0,33,0,137,,0,30-39,1,-1.8104399316226667,0.7560139722408871,High Value Customers
8939,1959,Graduation,Divorced,61250.0,0,1,,49,382,138,65,60,26,59,6,5,2,12,5,0,0,0,0,0,0,0,66,1,730,,0,60-69,2,1.4748669099304648,-0.21941491779142341,Mid-Range Customers
9925,1981,PhD,Together,39665.0,1,0,,97,127,1,56,0,1,31,3,4,2,3,7,0,0,1,0,0,0,0,44,1,216,,1,40-49,1,-1.3863463429849274,1.271771284007933,High Value Customers
4320,1979,Graduation,Single,60152.0,0,1,,6,325,83,300,86,58,91,1,6,4,12,3,0,0,0,0,0,0,0,46,1,943,,0,40-49,2,1.804152974243953,-1.2843511750566916,Mid-Range Customers
5389,1964,Graduation,Married,48920.0,0,2,,93,238,17,68,8,10,6,3,6,2,5,7,0,0,0,1,0,0,0,61,2,347,,1,60-69,1,-0.32699980513973054,0.8191153597286759,High Value Customers
6036,1959,Master,Together,89120.0,0,0,,78,1168,92,408,72,129,55,1,5,6,7,1,0,0,0,0,1,0,0,66,0,1924,,1,60-69,4,2.897756455939794,1.402990055756972,Store-Focused Customers
182,1946,PhD,Together,44124.0,0,1,2013-11-05,62,284,0,55,0,6,52,4,6,2,5,8,0,0,0,0,0,0,0,79,1,397,4301.0,0,70+,2,-0.30557133305295286,-0.322504570579728,Mid-Range Customers
203,1975,Master,Single,81169.0,0,0,,47,1288,20,613,80,61,27,1,5,7,9,2,0,0,0,0,0,0,0,50,0,2089,,0,40-49,4,2.810876459808859,0.32034336747604913,Store-Focused Customers
11025,1961,Graduation,Married,36443.0,1,1,2013-03-02,9,65,0,46,4,3,20,4,3,1,3,8,0,0,0,0,0,0,0,64,2,138,4549.0,0,60-69,3,-1.5662996391753747,-1.4397219033911448,Digital Active Customers
10203,1990,Graduation,Single,26095.0,1,0,,77,11,7,9,3,1,11,1,1,0,3,7,0,0,0,0,0,0,0,35,1,42,,0,30-39,1,-2.3078228078777,1.0528922880567706,High Value Customers
4607,1959,Graduation,Together,71367.0,0,0,,24,227,23,389,42,21,75,1,4,5,7,2,0,0,0,0,0,0,0,66,0,777,,0,60-69,4,1.2961140130277802,-0.2655143069674983,Store-Focused Customers
3711,1944,Master,Married,80184.0,0,0,2014-01-03,19,1035,134,670,25,38,0,1,6,3,10,3,1,0,0,0,1,0,0,81,0,1902,4242.0,1,70+,4,3.151073659032656,-0.914179827124784,Store-Focused Customers
3696,1965,Graduation,Divorced,30630.0,1,1,,67,27,1,12,2,0,10,2,2,0,3,7,0,0,0,0,0,0,0,60,2,52,,0,50-59,1,-1.7623728273936876,0.5551225782139447,High Value Customers
2532,1987,Master,Single,73454.0,0,0,2014-01-03,95,982,73,351,56,14,175,1,2,4,6,5,0,0,1,0,0,0,0,38,0,1651,4242.0,1,30-39,4,0.8590599084349021,1.801868626294156,Store-Focused Customers
9214,1991,Graduation,Married,42691.0,0,0,,48,179,2,64,38,17,58,1,5,1,6,5,0,0,0,0,0,0,0,34,0,358,,0,30-39,3,-0.47474267721908675,-0.06037028337784081,Digital Active Customers
4943,1953,Graduation,Married,70503.0,0,0,,73,1379,33,216,0,33,66,1,2,4,9,6,0,0,0,1,1,0,0,72,0,1727,,1,70+,4,1.5831827788126616,0.8117437312340108,Store-Focused Customers
35,1987,Graduation,Married,25545.0,1,0,2012-08-09,35,32,1,64,16,12,85,3,2,2,3,6,0,0,0,0,0,1,0,38,1,210,4754.0,1,30-39,3,-1.8633895838365742,-0.1995681907345015,Digital Active Customers
2258,1986,Graduation,Married,32880.0,1,0,2012-04-12,76,8,4,15,7,6,2,1,1,0,3,8,0,0,0,0,0,0,0,39,1,42,4873.0,0,30-39,1,-2.2827273718011645,0.8894724388645289,High Value Customers
4322,1958,PhD,Together,77863.0,0,0,,20,881,38,319,16,25,12,1,4,5,10,2,0,0,0,0,0,0,0,67,0,1291,,0,60-69,4,2.3006478229140934,-0.4395376874858649,Store-Focused Customers
713,1977,Master,Married,50353.0,0,0,2014-08-06,72,141,15,153,67,31,35,1,4,4,6,3,0,0,0,0,0,0,0,48,0,442,4027.0,0,40-49,1,0.10134233533051763,1.043129838912216,High Value Customers
4702,1964,Graduation,Single,61839.0,0,0,2012-12-08,20,1000,155,379,224,17,120,1,4,8,4,8,0,0,0,0,0,0,0,61,0,1895,4633.0,0,60-69,2,0.6345178323832625,-1.1869100146438165,Mid-Range Customers
3281,1960,PhD,Married,49154.0,1,1,2013-03-11,69,206,10,67,30,27,71,6,4,1,8,6,0,0,0,0,0,0,0,65,2,411,4540.0,0,60-69,1,0.1016651237613021,0.4227974764443869,High Value Customers
702,1975,2n Cycle,Widow,47682.0,0,1,,80,162,61,83,97,57,61,4,4,3,8,5,0,0,0,0,0,0,0,50,1,521,,0,40-49,1,0.1302899731513678,0.9373717690891344,High Value Customers
2004,1969,Graduation,Single,72679.0,0,1,,65,619,54,260,127,54,54,1,4,7,5,1,0,0,0,0,0,0,0,56,1,1168,,0,50-59,4,1.3948842519884368,1.1780703295984902,Store-Focused Customers
4769,1977,Master,Together,57954.0,1,1,,52,456,4,24,0,0,9,7,8,2,6,7,0,0,0,1,0,0,0,48,2,493,,1,40-49,0,0.19836016608963983,-0.6124748108029124,Economy Customers
4437,1962,Graduation,Married,65316.0,1,1,,65,112,6,92,3,9,38,2,3,2,5,4,0,0,0,0,0,0,0,63,2,260,,0,60-69,1,-0.012040774940276824,0.8428683923188727,High Value Customers
8724,1982,Graduation,Single,28567.0,1,0,,57,11,3,22,2,2,6,2,2,0,3,6,0,0,0,0,0,0,0,43,1,46,,0,40-49,3,-1.8742518836116835,0.44976199941168404,Digital Active Customers
10741,1951,Master,Together,47352.0,0,1,2013-11-04,70,172,12,112,8,0,15,4,6,1,5,7,0,0,0,0,0,0,0,74,1,319,4302.0,0,70+,1,-0.2191735897899596,0.08503528009347357,High Value Customers
1991,1967,Graduation,Together,44931.0,0,1,,0,78,0,11,0,0,7,1,2,1,3,5,0,0,0,0,0,0,0,58,1,96,,0,50-59,3,-1.194021956590517,-1.1067169894492457,Digital Active Customers
6931,1967,Graduation,Divorced,76982.0,0,0,,19,464,151,292,65,60,30,1,8,3,4,4,0,0,0,0,1,1,0,58,0,1062,,1,50-59,2,1.3237943092690578,-1.1040612216949712,Mid-Range Customers
11096,1952,2n Cycle,Together,57247.0,0,1,2013-08-08,50,99,4,32,37,54,6,2,2,1,7,2,0,0,0,0,0,0,0,73,1,232,4390.0,0,70+,2,0.40339987877055766,0.7037125144316726,Mid-Range Customers
304,1981,Master,Single,22944.0,1,0,,67,19,3,19,4,5,26,3,3,0,3,7,0,0,0,0,0,0,0,44,1,76,,0,40-49,1,-1.9597151661454917,0.4555576089481495,High Value Customers
3665,1977,2n Cycle,Together,25315.0,1,0,2013-07-11,46,1,9,8,11,3,22,3,3,0,3,8,0,0,0,0,0,0,0,48,1,54,4418.0,0,40-49,3,-2.0417138824935273,-0.3175361567419467,Digital Active Customers
10591,1969,Graduation,Widow,43638.0,0,1,2012-06-08,37,63,10,83,7,19,19,2,4,1,4,7,0,0,0,0,0,0,0,56,1,201,4816.0,0,50-59,3,-1.0408698436762096,-0.5666905727533845,Digital Active Customers
5036,1984,PhD,Single,42710.0,1,0,,38,252,3,42,4,3,102,2,4,5,3,6,0,0,0,0,0,0,0,41,1,406,,0,40-49,3,-1.0706601271643759,-0.32637403755492556,Digital Active Customers
5547,1982,PhD,Married,84169.0,0,0,2013-07-08,9,1478,19,403,0,19,0,1,7,6,6,3,0,0,0,1,1,1,0,43,0,1919,4421.0,1,40-49,4,2.297590961552759,-1.1095312806774629,Store-Focused Customers
7822,1976,Graduation,Together,54058.0,0,1,2013-04-06,56,198,18,252,32,108,54,2,4,6,8,3,0,0,0,0,0,0,0,49,1,662,4514.0,0,40-49,4,0.656452561807277,0.527651042457055,Store-Focused Customers
8541,1990,2n Cycle,Married,24683.0,1,0,2014-08-03,98,8,4,10,6,7,6,2,2,0,4,5,0,0,0,0,0,0,0,35,1,41,4030.0,0,30-39,1,-1.7434229109871169,1.805058280572526,High Value Customers
10955,1964,Graduation,Widow,85620.0,0,0,2014-07-01,68,416,46,925,60,107,46,1,3,6,4,1,0,0,0,0,0,1,0,61,0,1600,4063.0,1,60-69,4,1.7885687922153704,1.4401426584447126,Store-Focused Customers
4368,1980,Graduation,Married,47850.0,1,0,2013-03-12,72,42,7,43,20,12,10,1,3,0,4,6,0,0,0,0,0,0,0,45,1,134,4539.0,0,40-49,1,-1.1291657077379036,0.7980334218515104,High Value Customers
9671,1968,Graduation,Married,19514.0,1,1,,47,14,3,21,2,1,28,4,3,1,2,8,0,0,1,0,0,1,0,57,2,69,,1,50-59,3,-2.1677977120449485,-0.31393782812437165,Digital Active Customers
2256,1973,Master,Married,27159.0,1,1,,33,17,0,3,0,0,1,2,1,0,3,6,0,0,0,0,0,0,0,52,2,21,,0,50-59,3,-1.945472231410138,-0.17073371808098292,Digital Active Customers
4279,1963,2n Cycle,Single,39548.0,1,1,,87,15,4,10,3,4,18,2,1,1,3,3,0,0,0,0,0,0,0,62,2,54,,0,60-69,1,-1.0802061495359012,1.8676063756736159,High Value Customers
5371,1989,Graduation,Single,21474.0,1,0,2014-08-04,0,6,16,24,11,0,34,2,3,1,2,7,0,0,1,0,0,1,0,36,1,91,4029.0,1,30-39,3,-2.2423997922219367,-1.4957199430491896,Digital Active Customers
9240,1971,PhD,Single,60504.0,0,1,2014-07-02,73,458,0,24,6,4,34,2,6,2,8,6,0,0,0,0,0,0,0,54,1,526,4062.0,0,50-59,0,0.5369473036356491,0.3554815912207208,Economy Customers
9460,1963,Graduation,Married,22419.0,0,0,,74,30,3,47,19,21,42,1,3,2,2,8,0,0,0,0,0,0,0,62,0,162,,0,60-69,1,-1.9628923513246188,0.4820794834756953,High Value Customers
9504,1949,Master,Married,81698.0,0,0,2013-06-11,4,179,28,520,111,123,47,1,3,8,13,1,0,0,0,0,0,1,0,76,0,1008,4448.0,1,70+,4,2.703993595564127,-0.729820586423863,Store-Focused Customers
8692,1952,Graduation,Together,43462.0,1,1,2012-12-09,50,90,17,97,15,6,15,6,4,1,5,8,0,0,0,0,0,0,0,73,2,240,4632.0,0,70+,1,-0.7965319957433575,-0.40194712169027813,High Value Customers
448,1978,PhD,Single,54880.0,1,0,2013-01-03,57,308,85,137,102,45,118,2,6,2,11,5,0,0,0,0,0,0,0,47,1,795,4607.0,0,40-49,0,1.154555377509234,-0.04390949187255162,Economy Customers
8314,1982,Graduation,Married,79908.0,0,0,2013-05-04,30,557,129,761,29,185,111,1,5,6,7,2,0,0,0,0,1,0,0,43,0,1772,4486.0,1,40-49,4,2.133425843720388,-0.11868450343322164,Store-Focused Customers
8420,1970,2n Cycle,Married,15315.0,0,0,2013-03-08,27,7,4,13,15,8,17,2,2,0,4,5,0,0,0,0,0,0,0,55,0,64,4543.0,0,50-59,3,-1.6625589977297264,-0.4079191867759496,Digital Active Customers
3174,1959,Graduation,Together,87771.0,0,1,,61,1492,38,287,50,57,33,1,5,10,4,6,1,1,0,1,1,1,0,66,1,1957,,1,60-69,4,1.6898583370691078,0.25269451243197966,Store-Focused Customers
7685,1978,Graduation,Married,33039.0,1,0,2013-09-09,4,30,8,12,8,8,12,1,2,0,4,5,0,0,0,0,0,0,0,47,1,78,4358.0,0,40-49,3,-1.4272199181280307,-1.0103349935534247,Digital Active Customers
3179,1980,Graduation,Single,81741.0,0,0,,75,249,153,940,58,134,38,0,6,6,7,2,0,0,0,0,0,0,0,45,0,1572,,0,40-49,4,2.170547544392147,1.0932866464022122,Store-Focused Customers
9780,1971,Master,Together,71499.0,0,1,,12,465,25,132,136,0,37,2,8,3,13,4,0,0,0,0,0,0,0,54,1,795,,0,50-59,2,2.2551967796593777,-1.518648029415274,Mid-Range Customers
10681,1970,2n Cycle,Married,62466.0,0,1,,13,129,129,259,168,121,83,5,6,3,12,4,0,0,0,0,0,0,0,55,1,889,,0,50-59,2,1.7663607792639375,-1.2400371389081306,Mid-Range Customers
10232,1963,PhD,Divorced,48799.0,0,1,2013-05-11,9,174,18,81,28,6,24,3,3,2,7,3,0,0,0,0,0,0,0,62,1,331,4479.0,0,60-69,2,0.1541795662236709,-0.7788585960509766,Mid-Range Customers
4184,1950,PhD,Together,52157.0,0,1,2014-07-06,48,189,2,29,3,2,40,2,3,2,5,4,0,0,0,0,0,0,0,75,1,265,4058.0,0,70+,2,-0.1053630664494442,0.2541509018279486,Mid-Range Customers
9120,1962,Graduation,Single,66565.0,0,1,2012-05-12,80,747,10,161,65,40,42,4,4,2,9,8,0,0,0,0,0,0,0,63,1,1065,4843.0,0,60-69,0,0.7959091038742764,0.5017017233144955,Economy Customers
891,1951,Master,Together,29298.0,1,1,2013-07-09,60,6,0,2,2,0,1,1,1,0,2,5,0,0,0,0,0,0,0,74,2,11,4420.0,0,70+,1,-1.6151909485774147,0.7302179230711144,High Value Customers
10381,1979,Graduation,Single,47691.0,0,1,2013-05-07,43,14,0,3,0,0,4,1,1,0,2,6,0,0,0,0,0,0,0,46,1,21,4483.0,0,40-49,3,-1.7800180940862156,0.23499798894506987,Digital Active Customers
3525,1970,Graduation,Together,38200.0,1,1,2012-07-12,19,12,0,4,0,0,1,1,1,0,2,7,0,0,0,0,0,0,0,55,2,17,4782.0,0,50-59,3,-2.0061899142125013,-0.6819643355587518,Digital Active Customers
6818,1974,Graduation,Married,44989.0,0,1,2012-12-09,26,98,0,106,49,10,106,5,5,1,5,6,0,0,0,0,0,0,0,51,1,369,4632.0,0,50-59,3,-0.5091109379688721,-0.8850786899019417,Digital Active Customers
3526,1968,PhD,Married,38443.0,1,1,,58,32,0,5,0,0,1,2,1,0,3,7,0,0,0,0,0,0,0,57,2,38,,0,50-59,1,-1.8013379604224615,0.4512138100843358,High Value Customers
8181,1978,2n Cycle,Single,38593.0,1,0,,42,51,12,49,17,24,24,3,4,1,3,8,0,0,0,0,0,0,0,47,1,177,,0,40-49,3,-1.5697943602759767,-0.5217270498067017,Digital Active Customers
1029,1970,PhD,Together,64413.0,0,1,2013-01-08,27,200,5,44,0,10,20,1,5,1,5,5,0,0,0,0,0,0,0,55,1,279,4602.0,0,50-59,2,-0.014647726694258196,-0.6654327369561733,Mid-Range Customers
7369,1981,Master,Married,36959.0,1,0,2013-02-10,56,25,6,25,6,0,0,2,2,0,3,8,0,0,0,0,0,0,0,44,1,62,4569.0,0,40-49,3,-1.9976925804745247,0.1599820835002812,Digital Active Customers
2574,1977,PhD,Married,61996.0,0,1,,27,1050,12,144,0,0,24,3,6,4,8,5,1,1,0,1,0,1,0,48,1,1230,,1,40-49,2,1.2216123501490883,-0.8538986012044494,Mid-Range Customers
8159,1968,Graduation,Married,51287.0,1,1,2014-01-04,10,117,0,22,13,0,30,3,4,1,3,7,0,0,0,0,0,0,0,57,2,182,4241.0,0,50-59,3,-1.053767498792881,-1.327606971973685,Digital Active Customers
1160,1970,Graduation,Married,13260.0,1,1,,48,9,4,17,10,2,7,4,3,0,3,8,0,0,0,0,0,0,0,55,2,49,,0,50-59,3,-2.181741165787969,-0.31963673879295346,Digital Active Customers
10242,1966,PhD,Together,47472.0,1,1,,39,56,0,11,0,0,8,2,2,0,4,5,0,0,0,0,0,0,0,59,2,75,,0,50-59,3,-0.9942594853051107,0.037410091056754746,Digital Active Customers
5253,1956,Master,Together,54603.0,1,1,2013-09-07,85,145,13,46,17,2,4,6,4,2,4,7,0,0,0,0,0,0,0,69,2,227,4360.0,0,60-69,1,-0.6320990892955686,0.8538601852537518,High Value Customers
5966,1974,PhD,Married,45207.0,1,1,2012-10-11,64,203,0,10,0,0,2,5,3,1,6,6,0,0,0,1,0,0,0,51,2,215,4691.0,1,50-59,1,-0.7438326662878292,0.485005364235307,High Value Customers
5314,1951,Graduation,Together,40689.0,0,1,,69,270,3,27,39,6,99,7,7,1,5,8,0,0,0,0,0,0,0,74,1,444,,0,70+,2,-0.26009266888555055,-0.23752751541909076,Mid-Range Customers
5081,1967,2n Cycle,Together,47821.0,1,1,,54,9,0,16,6,6,10,1,1,0,3,8,0,0,0,0,0,0,0,58,2,47,,0,50-59,1,-1.75940483160358,0.21667887168066194,High Value Customers
5123,1951,Master,Married,27450.0,0,0,,57,37,12,23,8,11,52,1,2,1,3,7,0,0,0,0,0,0,0,74,0,143,,0,70+,1,-1.568028066628013,0.19902766968853436,High Value Customers
5756,1983,Graduation,Together,39453.0,1,0,2014-03-04,64,46,0,7,0,0,2,2,2,0,3,6,0,0,0,0,0,0,0,42,1,55,4182.0,0,40-49,1,-1.673046914371623,0.6959839487826485,High Value Customers
8036,1971,2n Cycle,Together,26850.0,1,1,,10,31,1,13,7,2,9,4,2,1,4,4,0,0,0,0,0,0,0,54,2,63,,0,50-59,3,-1.3107471829043749,-0.7332070209781801,Digital Active Customers
9058,1955,Graduation,Widow,79800.0,0,0,,65,1060,21,530,32,0,224,1,5,11,5,3,1,0,1,0,1,1,0,70,0,1867,,1,60-69,4,2.1235275187931046,0.735579787951181,Store-Focused Customers
5057,1961,Master,Married,61794.0,0,1,,74,264,47,188,54,47,11,2,4,4,10,2,0,0,0,0,0,0,0,64,1,611,,0,60-69,4,1.402319337466824,1.1340191156545054,Store-Focused Customers
254,1955,Graduation,Together,53863.0,0,1,,4,399,4,30,6,4,30,3,7,1,7,7,0,0,0,1,0,0,0,70,1,473,,1,60-69,2,0.38741718001242925,-2.0233067765120865,Mid-Range Customers
4179,1959,Graduation,Together,24221.0,0,0,,94,8,9,9,2,5,22,1,1,1,3,4,0,0,0,0,0,0,0,66,0,55,,0,60-69,1,-1.467455600975141,1.872813715186257,High Value Customers
3710,1984,PhD,Single,39684.0,1,0,2012-12-10,41,19,0,35,6,4,17,2,2,1,2,7,0,0,0,0,0,1,1,41,1,81,4631.0,1,40-49,3,-1.9656065324232082,-0.1041748165628591,Digital Active Customers
7627,1975,Master,Married,92163.0,0,0,2012-12-12,25,817,183,797,106,163,20,0,5,11,5,2,1,0,0,0,1,1,0,50,0,2086,4629.0,1,40-49,4,2.425218888403619,-0.20968582460268917,Store-Focused Customers
4501,1965,Master,Single,69882.0,0,0,2013-10-11,94,292,127,635,132,127,165,1,3,7,9,1,0,0,0,0,0,0,0,60,0,1478,4326.0,0,50-59,4,2.1138921001979054,2.0560209814935306,Store-Focused Customers
6424,1977,Graduation,Together,33178.0,1,0,,9,12,6,2,11,2,16,1,1,0,3,4,0,0,0,0,0,0,0,48,1,49,,0,40-49,3,-1.559854783335645,-0.5705718019779177,Digital Active Customers
3075,1972,PhD,Married,59973.0,0,0,2013-11-09,47,130,30,168,20,34,0,1,3,4,7,1,0,0,0,0,0,0,0,53,0,382,4297.0,0,50-59,4,0.6091053928938888,0.7016733510232086,Store-Focused Customers
4992,1975,Master,Together,17459.0,1,0,,12,6,4,16,3,10,30,3,3,1,2,7,0,0,0,0,0,1,0,50,1,69,,1,40-49,3,-2.1527727635245695,-1.198091990574198,Digital Active Customers
5252,1969,Graduation,Divorced,23910.0,1,0,,80,16,12,18,7,1,13,1,2,0,3,7,0,0,0,0,0,0,0,56,1,67,,0,50-59,1,-1.9238230642790288,0.9347153569029966,High Value Customers
7444,1969,Master,Married,42169.0,1,1,,20,19,0,9,0,0,2,2,1,0,3,8,0,0,0,0,0,0,0,56,2,30,,0,50-59,3,-1.9152296624459049,-0.8073044565373783,Digital Active Customers
6919,1978,2n Cycle,Married,26224.0,1,0,2013-04-06,39,4,7,15,13,9,15,3,2,1,3,6,0,0,0,0,0,0,0,47,1,63,4514.0,0,40-49,3,-1.8575183469493963,-0.10763112856693524,Digital Active Customers
3537,1981,Graduation,Together,31089.0,1,0,,57,31,3,31,2,8,4,3,3,0,4,8,0,0,0,0,0,0,0,44,1,79,,0,40-49,3,-1.8146905619178333,0.019094219125434724,Digital Active Customers
10277,1961,Graduation,Single,30081.0,0,1,,27,36,0,2,0,0,4,1,1,0,3,7,0,0,0,0,0,0,0,64,1,42,,0,60-69,3,-1.8736810046168024,-0.5225733918000781,Digital Active Customers
2453,1960,Graduation,Together,62807.0,0,1,,83,526,28,135,10,21,99,3,5,3,12,5,0,0,0,0,0,0,0,65,1,819,,0,60-69,0,1.5758064177632432,0.801278193946732,Economy Customers
7972,1955,Graduation,Single,72906.0,0,0,,79,400,32,519,71,75,54,1,3,4,9,1,0,0,0,0,0,0,0,70,0,1151,,0,60-69,4,2.019673346806796,1.5871903243603662,Store-Focused Customers
895,1948,PhD,Married,61467.0,0,2,2012-09-12,69,410,16,114,0,5,49,3,5,2,10,5,0,0,0,0,0,0,0,77,2,594,4720.0,0,70+,2,1.2198268287928578,0.3863364511671148,Mid-Range Customers
1177,1966,Master,Together,49618.0,1,1,,77,80,3,26,4,2,14,4,3,1,3,7,0,0,0,0,0,0,0,59,2,129,,0,50-59,1,-1.2179976356595086,0.7864260816188403,High Value Customers
7141,1986,Master,Single,21888.0,1,0,,15,88,10,46,2,3,64,4,5,1,2,10,0,0,0,0,0,1,0,39,1,213,,1,30-39,3,-2.2841404672672057,-1.741659721434983,Digital Active Customers
7232,1973,Graduation,Widow,42429.0,0,1,2014-11-02,99,55,0,6,2,0,4,2,1,1,3,5,0,0,0,0,0,0,0,52,1,67,3939.0,0,50-59,1,-1.4476615208729524,1.9850797094604735,High Value Customers
8477,1956,Graduation,Divorced,26150.0,2,1,2013-11-03,61,5,1,13,3,5,1,1,1,0,3,7,0,0,0,0,0,0,0,69,3,28,4303.0,0,60-69,1,-1.885403361018443,0.46125813933062204,High Value Customers
2457,1975,Basic,Married,30801.0,0,1,,23,8,4,5,15,2,11,2,1,0,3,7,0,0,0,0,0,0,0,50,1,45,,0,40-49,3,-2.0389738925466765,-0.5920828905770622,Digital Active Customers
988,1965,Graduation,Married,81168.0,0,0,2014-07-05,84,410,0,592,147,22,22,1,6,4,7,3,1,0,0,0,0,0,0,60,0,1193,4059.0,1,50-59,4,1.8824566518374575,1.1701950822204572,Store-Focused Customers
7930,1969,Master,Single,26877.0,0,0,,74,101,13,76,20,18,40,2,3,1,6,6,0,0,0,0,0,0,0,56,0,268,,0,50-59,1,-0.9763763474273149,0.7078243018095042,High Value Customers
4587,1944,Master,Widow,45006.0,0,0,,90,162,25,53,16,0,10,1,3,1,7,3,0,0,0,0,0,0,0,81,0,266,,0,70+,1,0.295519611978946,1.558772314243938,High Value Customers
6682,1973,Basic,Married,18978.0,1,0,2012-11-12,41,2,8,1,4,7,15,1,1,0,3,8,0,0,0,0,0,0,0,52,1,37,4659.0,0,50-59,3,-2.3906260382044873,-0.24122758574263725,Digital Active Customers
6222,1967,Graduation,Married,22574.0,2,1,,28,25,0,8,2,0,2,2,2,0,3,7,0,0,0,0,0,0,0,58,3,37,,0,50-59,3,-1.9630850350612057,-0.6254366397499251,Digital Active Customers
10299,1969,PhD,Single,48240.0,0,0,2012-09-11,73,389,91,248,64,49,41,3,6,3,13,5,0,0,0,0,0,1,0,56,0,882,4721.0,1,50-59,0,1.515219692368172,0.33535204218717857,Economy Customers
3083,1974,Graduation,Married,45837.0,1,1,,88,215,13,87,17,17,24,5,6,2,5,7,0,0,0,0,0,0,0,51,2,373,,0,50-59,1,-0.4931513445315963,0.6940942900659064,High Value Customers
8953,1965,Master,Single,35791.0,2,1,2013-06-05,94,27,0,5,0,0,3,2,1,0,3,8,0,0,0,0,0,0,0,60,3,35,4454.0,0,50-59,1,-1.9585364130443106,1.3638925882549775,High Value Customers
1503,1976,PhD,Together,162397.0,1,1,2013-03-06,31,85,1,16,2,1,2,0,0,0,1,1,0,0,0,0,0,0,0,49,2,107,4545.0,0,40-49,4,0.972053609444129,1.0877783677259,Store-Focused Customers
8650,1978,Graduation,Widow,54162.0,1,1,,31,5,6,10,6,5,10,1,1,0,3,4,0,0,0,0,0,0,0,47,2,42,,0,40-49,3,-1.178192239267344,0.1545539952749455,Digital Active Customers
10862,1960,Master,Married,30522.0,0,1,,6,179,8,83,19,11,26,5,1,2,9,2,0,0,0,0,0,0,0,65,1,326,,0,60-69,2,0.024080050180236807,-0.5812376181256809,Mid-Range Customers
2782,1961,PhD,Married,54456.0,0,1,2013-11-07,23,352,0,27,10,0,15,3,6,1,7,6,0,0,0,0,0,0,0,64,1,404,4299.0,0,60-69,2,0.28930695715450105,-1.163653439101741,Mid-Range Customers
6941,1971,Graduation,Single,31632.0,0,0,,92,17,8,12,11,15,32,1,2,1,2,7,0,0,0,0,0,0,0,54,0,95,,0,50-59,1,-1.9233930342825853,1.345881237922573,High Value Customers
10972,1949,Graduation,Widow,72298.0,0,0,2014-10-03,52,625,35,169,58,17,35,1,4,3,6,1,0,0,0,1,1,0,0,76,0,939,3969.0,1,70+,4,1.594438709308934,0.7007872517812558,Store-Focused Customers
10708,1978,2n Cycle,Single,36975.0,1,0,,50,10,6,11,0,4,2,1,1,0,3,7,0,0,0,0,0,0,0,47,1,33,,0,40-49,3,-1.9641129136911186,0.24213007239025885,Digital Active Customers
6583,1955,2n Cycle,Married,72635.0,0,0,2013-03-06,54,390,22,323,104,35,107,1,6,8,6,3,1,0,0,0,0,0,0,70,0,981,4545.0,1,60-69,4,1.5179167110232852,0.2398154508721232,Store-Focused Customers
3641,1976,Graduation,Married,13624.0,1,0,,93,10,2,15,2,1,6,2,2,0,3,6,0,0,0,0,0,0,0,49,1,36,,0,40-49,1,-2.076060325481464,1.4550402604443522,High Value Customers
10156,1975,Graduation,Single,84196.0,0,1,2013-03-06,56,215,63,507,231,31,190,1,8,4,7,3,0,0,0,0,0,0,0,50,1,1237,4545.0,0,40-49,4,2.1054293871664838,0.12030900947450877,Store-Focused Customers
4299,1960,Graduation,Together,70971.0,0,1,,28,1001,17,572,93,125,17,7,11,11,5,7,0,0,0,0,0,1,0,65,1,1825,,1,60-69,0,2.02996076583954,-1.7194312794214688,Economy Customers
3469,1977,PhD,Divorced,34487.0,1,1,2012-06-09,94,19,18,33,24,1,8,3,3,0,3,9,0,0,0,0,0,0,0,48,2,103,4815.0,0,40-49,1,-1.9681902297900449,0.9997556059794501,High Value Customers
5063,1977,Graduation,Single,28769.0,1,0,,76,41,5,129,10,3,3,3,4,1,4,9,0,0,0,0,0,0,0,48,1,191,,0,40-49,1,-1.727849693757106,0.2926930917774633,High Value Customers
10727,1970,PhD,Married,69084.0,1,0,,43,1181,107,199,39,30,30,2,7,3,13,8,0,0,0,0,0,0,0,55,1,1586,,0,50-59,0,2.1507758684357903,-1.0484339119168886,Economy Customers
9624,1958,PhD,Together,65488.0,0,0,,46,603,45,207,36,18,54,1,3,4,6,1,0,0,0,0,0,0,0,67,0,963,,0,60-69,4,1.236364135928212,0.6601919883889483,Store-Focused Customers
5156,1970,2n Cycle,Married,62466.0,0,1,,13,129,129,259,168,121,83,5,6,3,12,4,0,0,0,0,0,0,0,55,1,889,,0,50-59,2,1.7663607792639375,-1.2400371389081306,Mid-Range Customers
4376,1960,2n Cycle,Single,32218.0,0,0,,27,10,24,15,13,1,30,1,2,1,3,7,0,0,1,0,0,1,0,65,0,93,,1,60-69,3,-1.6448764031174452,-0.6489512670080403,Digital Active Customers
8923,1973,Graduation,Single,83917.0,0,0,,12,514,22,732,42,198,79,1,6,7,7,3,0,0,0,0,0,1,0,52,0,1587,,1,50-59,4,2.1428671114099074,-0.9422906229191204,Store-Focused Customers
8461,1962,Graduation,Divorced,46102.0,2,1,2014-10-03,3,14,0,1,0,0,1,1,1,0,2,7,0,0,0,0,0,0,0,63,3,16,3969.0,0,60-69,3,-1.7600870635316814,-1.1608724052265944,Digital Active Customers
6945,1952,Graduation,Single,84574.0,0,0,2013-04-06,72,387,20,713,38,54,163,1,9,11,11,5,0,0,0,0,0,0,0,73,0,1375,4514.0,0,70+,0,2.938516533189406,0.016211242288357464,Economy Customers
944,1962,Graduation,Married,56181.0,0,1,2013-08-01,6,121,103,69,8,44,48,1,4,2,7,4,0,0,0,0,0,0,0,63,1,393,4397.0,0,60-69,2,0.3363604465887722,-1.119636768143853,Mid-Range Customers
1907,1950,Master,Divorced,63120.0,0,1,,53,965,69,279,54,41,69,5,8,4,9,7,0,0,0,0,0,1,0,75,1,1477,,1,70+,0,1.910054505613997,-0.7333075809039291,Economy Customers
701,1971,Graduation,Married,73691.0,0,1,2013-06-11,58,707,21,250,85,43,73,2,6,2,8,2,0,0,1,0,0,0,0,54,1,1179,4448.0,1,50-59,4,1.9450952089437044,0.5111255912051305,Store-Focused Customers
3856,1960,Graduation,Together,63381.0,0,1,2012-05-10,78,571,50,142,33,50,159,4,4,5,13,2,0,0,0,0,0,0,0,65,1,1005,4845.0,0,60-69,4,2.215756661089755,1.1837801962745738,Store-Focused Customers
4149,1948,PhD,Together,76140.0,0,0,,57,586,66,653,17,0,26,1,5,9,6,2,0,0,0,0,0,0,0,77,0,1348,,0,70+,4,2.004758089049548,0.5846155433367427,Store-Focused Customers
2131,1959,PhD,Divorced,62859.0,0,1,,37,1063,89,102,16,12,25,4,9,4,6,6,0,0,0,0,0,0,0,66,1,1307,,0,60-69,2,1.4903201710171405,-1.0988909840633085,Mid-Range Customers
2942,1964,Graduation,Single,45906.0,0,1,2013-07-05,20,305,3,27,4,3,144,2,5,4,4,5,0,0,1,0,0,0,0,61,1,486,4424.0,1,60-69,2,-0.258532784490029,-0.9315459607872908,Mid-Range Customers
1173,1947,Master,Together,77632.0,0,0,2013-10-03,73,1200,105,758,0,42,147,1,4,2,6,2,0,0,0,1,1,1,0,78,0,2252,4334.0,1,70+,4,2.6791060801195794,1.1852497839866976,Store-Focused Customers
4381,1971,PhD,Married,46463.0,1,1,,56,163,2,40,8,11,11,7,3,1,6,6,0,0,0,0,0,0,0,54,2,235,,0,50-59,1,-0.667013505027631,0.24028647863354372,High Value Customers
4611,1970,Graduation,Together,105471.0,0,0,,36,1009,181,104,202,21,207,0,9,8,13,3,1,0,0,0,1,1,0,55,0,1724,,1,50-59,4,3.9822976803432515,-0.6946289038961037,Store-Focused Customers
3376,1970,Master,Divorced,55282.0,1,0,,9,125,6,73,8,4,19,1,3,1,6,4,0,0,0,0,0,0,0,55,1,235,,0,50-59,2,-0.1944887916987476,-0.852756090997094,Mid-Range Customers
4679,1977,Master,Married,78710.0,0,1,,42,721,0,152,119,50,50,3,7,6,12,4,0,0,0,0,0,0,0,48,1,1092,,0,40-49,0,2.293461551951775,-0.4318821643172958,Economy Customers
10928,1958,Graduation,Together,66886.0,0,1,,28,315,4,62,41,31,146,2,7,1,7,5,0,0,0,0,0,0,0,67,1,599,,0,60-69,2,1.0135800844349352,-0.9749735554533207,Mid-Range Customers
4248,1960,Master,Single,98777.0,0,0,,23,1000,19,711,125,115,38,0,4,6,9,1,0,0,0,1,0,0,0,65,0,2008,,1,60-69,4,3.2805685398655773,-0.1186186244538051,Store-Focused Customers
6728,1985,Graduation,Together,29103.0,1,0,,38,16,0,17,6,3,6,2,1,0,3,9,0,0,0,0,0,0,0,40,1,48,,0,30-39,3,-2.500041551241057,-0.39958733605905883,Digital Active Customers
6661,1974,Graduation,Married,67445.0,0,1,2012-12-08,63,757,80,217,29,80,11,5,9,6,12,6,0,0,0,0,0,0,0,51,1,1174,4633.0,0,50-59,0,2.1538705385503625,-0.3941071739951371,Economy Customers
4725,1950,PhD,Together,50616.0,0,1,,71,30,2,25,0,1,9,1,1,1,4,2,0,0,0,0,0,0,0,75,1,67,,0,70+,1,-0.398993367104393,1.5004139181344824,High Value Customers
3277,1955,Graduation,Divorced,49431.0,0,1,2012-03-08,9,219,3,100,26,0,17,2,7,1,5,8,0,0,0,0,0,0,0,70,1,365,4908.0,0,60-69,2,-0.2307885663561013,-1.9835725914451199,Mid-Range Customers
5555,1975,Graduation,Divorced,153924.0,0,0,2014-07-02,81,1,1,1,1,1,1,0,0,0,0,0,0,0,0,0,0,0,0,50,0,6,4062.0,0,40-49,4,0.7624130426837923,2.7123903257578443,Store-Focused Customers
2564,1953,Graduation,Together,61278.0,0,1,2014-04-01,87,111,3,28,2,6,15,2,3,1,4,6,0,0,0,0,0,0,0,72,1,165,4154.0,0,70+,1,-0.49896754142877864,1.1956224956211954,High Value Customers
946,1958,2n Cycle,Together,26490.0,0,0,,92,45,47,52,21,20,25,2,3,1,5,6,0,0,0,0,0,0,0,67,0,210,,0,60-69,1,-1.0317270349482603,1.2287982675610498,High Value Customers
3867,1947,PhD,Together,73059.0,0,1,,36,410,112,420,0,82,71,1,9,3,13,4,0,0,0,0,0,0,0,78,1,1095,,0,70+,2,2.9858107843568913,-1.0115212102434392,Mid-Range Customers
6940,1966,PhD,Single,46734.0,1,2,,86,100,1,39,6,1,76,4,3,2,3,6,0,0,1,0,0,0,0,59,3,223,,1,50-59,1,-1.0368502891389626,1.1862617393278476,High Value Customers
55,1963,Graduation,Together,56253.0,0,1,2012-07-12,83,509,0,65,7,11,5,4,7,2,9,6,0,0,0,0,0,0,0,62,1,597,4782.0,0,60-69,0,0.9013859505502552,0.46035799315954323,Economy Customers
7093,1985,Graduation,Married,19986.0,1,0,,74,3,6,5,0,2,6,1,0,0,3,7,0,0,0,0,0,0,0,40,1,22,,0,30-39,1,-2.5087365693076453,1.0567987518999673,High Value Customers
5084,1975,Graduation,Widow,58330.0,0,1,,87,445,53,213,104,98,151,1,6,4,13,4,0,0,0,0,0,0,0,50,1,1064,,0,40-49,0,1.9384420205632162,0.9447491411631916,Economy Customers
1777,1980,Basic,Married,25965.0,0,0,2012-07-09,29,2,2,11,41,7,11,1,2,0,3,8,0,0,0,0,0,0,0,45,0,74,4785.0,0,40-49,3,-2.188857354438045,-0.6826561528849463,Digital Active Customers
8162,1956,Master,Together,14661.0,0,0,2013-01-01,88,4,1,11,6,2,2,1,1,0,3,6,0,0,0,0,0,0,0,69,0,26,4609.0,0,60-69,1,-1.9417560300618097,1.3710021275964266,High Value Customers
10826,1959,Graduation,Married,18690.0,0,0,,77,6,1,7,23,4,19,1,1,1,2,8,0,0,0,0,0,0,0,66,0,60,,0,60-69,1,-2.3321798478368985,0.8056162794675854,High Value Customers
8754,1974,PhD,Together,45068.0,0,1,,25,14,0,3,0,0,3,1,1,0,2,7,0,0,0,0,0,0,0,51,1,20,,0,50-59,3,-1.9244310765625594,-0.46800190350484455,Digital Active Customers
1987,1987,Basic,Single,21063.0,1,0,,34,1,10,11,19,3,15,2,2,0,3,6,0,0,0,0,0,0,0,38,1,59,,0,30-39,3,-2.075117373083966,-0.2423684484070556,Digital Active Customers
11007,1968,PhD,Married,29187.0,1,0,2013-09-05,43,26,0,6,0,0,2,1,1,0,3,8,0,0,0,0,0,0,0,57,1,34,4362.0,0,50-59,3,-2.1364203797592585,-0.16635590164029143,Digital Active Customers
7426,1971,2n Cycle,Married,54690.0,1,1,2013-07-11,76,111,16,37,7,9,18,3,3,1,5,3,0,0,0,0,0,0,0,54,2,198,4418.0,0,50-59,1,-0.2230966042314656,1.3095363874186192,High Value Customers
9153,1964,PhD,Married,59304.0,0,1,,81,418,61,428,80,51,10,3,7,8,10,5,0,0,0,0,0,0,0,61,1,1048,,0,60-69,0,1.6247693408178632,0.5291737810050526,Economy Customers
10379,1962,Master,Single,59247.0,0,2,2013-08-11,87,327,9,122,19,14,83,5,5,2,9,6,0,0,0,0,0,0,0,63,2,574,4387.0,0,60-69,0,0.6866404329847923,0.844463913768472,Economy Customers
9204,1970,Graduation,Widow,66731.0,0,1,2012-12-09,33,371,159,194,58,106,141,4,4,3,6,3,0,0,0,0,0,0,0,55,1,1029,4632.0,0,50-59,4,0.9828223776947538,-0.09536784313005912,Store-Focused Customers
3197,1980,Graduation,Married,77353.0,0,1,,38,275,59,107,69,101,59,2,6,4,8,4,0,0,0,0,0,0,0,45,1,670,,0,40-49,4,1.1563245738805918,-0.321888361933379,Store-Focused Customers
2920,1975,PhD,Single,52614.0,0,1,2012-01-12,63,789,0,142,12,9,38,2,2,4,8,8,0,0,0,0,0,0,0,50,1,990,4964.0,0,40-49,1,-0.11301893249696308,0.2771674161599545,High Value Customers
6961,1974,Graduation,Married,26751.0,2,0,,26,1,1,5,0,3,1,1,1,0,2,8,0,0,0,0,0,0,0,51,2,11,,0,50-59,3,-2.4294628882164373,-0.6373742814721637,Digital Active Customers
4673,1963,PhD,Married,81300.0,0,1,,17,1004,12,145,32,12,36,3,10,3,5,5,1,0,0,0,0,1,0,62,1,1241,,1,60-69,2,1.8645795519008574,-1.5877893982850335,Mid-Range Customers
9937,1979,Graduation,Single,70337.0,0,0,2014-02-01,75,187,81,149,25,43,91,1,2,2,12,1,0,0,0,0,0,0,0,46,0,576,4213.0,0,40-49,4,1.4816229242796959,1.606767373664183,Store-Focused Customers
8779,1985,2n Cycle,Married,36145.0,1,0,,13,56,4,76,17,1,18,4,4,1,3,9,0,0,1,0,0,1,0,40,1,172,,1,30-39,3,-1.8718611908434766,-1.5112494022623795,Digital Active Customers
9596,1980,PhD,Single,65295.0,0,0,,19,365,32,117,34,110,6,1,3,3,13,2,0,0,0,0,0,0,0,45,0,664,,0,40-49,4,1.5575098122317328,-0.3684918095147106,Store-Focused Customers
2891,1963,Graduation,Divorced,68118.0,0,1,,51,595,23,123,10,23,154,2,8,9,4,6,0,0,0,0,0,0,0,62,1,928,,0,60-69,2,0.7976556021467409,-0.4740343993420613,Mid-Range Customers
4910,1967,Graduation,Divorced,68743.0,0,0,,81,1132,134,384,175,134,115,1,11,5,13,7,0,0,0,0,0,0,0,58,0,2074,,0,50-59,0,3.289707442152813,-0.3069998521334595,Economy Customers
75,1982,2n Cycle,Together,41039.0,0,0,,32,34,11,137,179,61,45,1,8,1,5,8,0,0,0,0,0,0,0,43,0,467,,0,40-49,2,-0.5108025216669647,-1.3633781812233734,Mid-Range Customers
10120,1955,Graduation,Together,38946.0,0,1,,84,116,6,82,6,6,41,2,3,1,6,5,0,0,0,0,0,0,0,70,1,257,,0,60-69,1,-0.42226690963848945,1.1379717147760444,High Value Customers
6327,1967,Graduation,Together,65777.0,0,0,,87,565,32,435,28,32,54,1,2,8,6,1,0,0,0,0,0,0,0,58,0,1146,,0,50-59,4,1.158866729192674,2.0412027137354976,Store-Focused Customers
10142,1976,PhD,Divorced,66476.0,0,1,2013-07-03,99,372,18,126,47,48,78,2,5,2,11,4,0,0,0,0,0,0,0,49,1,689,4426.0,0,40-49,0,1.3414452507797932,1.508925695705034,Economy Customers
9826,1972,PhD,Single,86857.0,0,0,2012-12-09,96,899,102,838,133,102,40,1,5,6,10,2,0,0,0,0,0,1,0,53,0,2114,4632.0,1,50-59,4,3.1370852654871664,1.7652346933224254,Store-Focused Customers
1501,1982,PhD,Married,160803.0,0,0,2012-04-08,21,55,16,1622,17,3,4,15,0,28,1,0,0,0,0,0,0,0,0,43,0,1717,4877.0,0,40-49,4,2.372301088617673,0.9345384315837724,Store-Focused Customers
10767,1989,PhD,Together,77845.0,0,0,,40,760,40,480,0,40,26,1,3,5,12,1,1,0,0,0,1,0,0,36,0,1346,,1,30-39,4,2.2657481990581285,0.48635207435256445,Store-Focused Customers
7279,1969,PhD,Together,69476.0,0,0,,3,260,86,559,63,9,67,1,4,6,4,2,0,0,0,0,0,0,0,56,0,1044,,0,50-59,4,0.9133124533291863,-0.7972239539128844,Store-Focused Customers
7230,1960,PhD,Divorced,50611.0,0,1,2012-04-10,98,459,0,24,6,0,4,6,4,5,7,6,0,0,0,1,0,1,0,65,1,493,4875.0,1,60-69,1,0.060420106308419395,1.313557383988036,High Value Customers
143,1970,Graduation,Single,61209.0,0,0,,73,466,0,224,119,49,99,1,5,3,4,2,0,0,0,0,0,0,0,55,0,957,,0,50-59,4,0.8243086403944107,1.1371108044418974,Store-Focused Customers
450,1958,Master,Together,42315.0,0,1,2013-12-07,90,67,15,80,17,11,80,3,1,4,4,3,0,0,0,0,0,0,0,67,1,270,4269.0,0,60-69,1,-0.6351261321491024,1.9244686902163564,High Value Customers
9316,1952,Basic,Together,13084.0,0,0,2013-02-11,29,2,0,7,3,7,10,1,1,0,3,6,0,0,0,0,0,0,0,73,0,29,4568.0,0,70+,3,-1.9339617136769724,-0.4055035143162958,Digital Active Customers
6379,1949,Master,Widow,47570.0,1,1,,3,67,1,20,0,2,31,3,2,2,2,7,0,0,0,0,0,1,0,76,2,121,,1,70+,3,-1.3438720981356276,-1.33041512126739,Digital Active Customers
9239,1961,Master,Married,61923.0,0,2,,94,92,4,18,3,3,6,1,2,1,4,3,0,0,0,0,0,0,0,64,2,126,,0,60-69,1,-0.2927605682187678,1.9873811206877197,High Value Customers
8315,1995,Graduation,Single,34824.0,0,0,,65,4,2,11,2,0,4,1,1,0,2,6,0,0,0,0,0,0,0,30,0,23,,0,18-29,3,-2.2198568456613232,0.9041170352806654,Digital Active Customers
2868,1949,PhD,Single,26518.0,1,1,2013-08-04,33,20,1,28,3,3,2,3,2,0,3,8,0,0,0,0,0,1,0,76,2,57,4394.0,1,70+,3,-1.792602430073147,-0.66661610075284,Digital Active Customers
10888,1961,Graduation,Single,45938.0,0,0,2013-03-11,46,273,11,178,62,83,29,2,8,4,6,6,0,0,0,0,0,0,0,64,0,636,4540.0,0,60-69,2,0.4509752559629025,-0.742944806995163,Mid-Range Customers
1277,1960,Graduation,Together,78468.0,0,0,2014-09-04,29,434,22,388,104,22,34,1,10,7,10,4,1,0,0,0,0,0,0,65,0,1004,3998.0,1,60-69,2,2.536620804708376,-1.2195721608978065,Mid-Range Customers
9977,1973,Graduation,Divorced,78901.0,0,1,,99,321,11,309,33,26,34,3,9,3,5,4,0,0,0,0,0,0,0,52,1,734,,0,50-59,0,1.3074085753759133,1.1564002082322289,Economy Customers
10196,1978,Graduation,Married,71427.0,2,0,2014-12-03,26,212,123,177,15,64,23,2,8,2,8,4,0,0,0,0,0,0,0,47,2,614,3908.0,0,40-49,2,1.2857838605220366,-0.9631795348690113,Mid-Range Customers
6384,1978,Graduation,Divorced,71022.0,0,1,2014-11-02,30,909,12,278,0,12,242,3,5,2,11,8,0,0,1,0,0,0,0,47,1,1453,3939.0,1,40-49,0,1.4111122636047366,-1.097483527230918,Economy Customers
8029,1988,Master,Single,90247.0,0,0,,27,1184,32,352,21,16,16,1,3,4,7,1,1,0,0,1,1,1,0,37,0,1621,,1,30-39,4,2.0103299046846606,0.24615519005317754,Store-Focused Customers
968,1968,Master,Divorced,41335.0,1,0,,24,112,19,21,16,14,5,3,4,1,4,7,0,0,0,0,0,0,0,57,1,187,,0,50-59,3,-1.0867193588118855,-0.9645831778431169,Digital Active Customers
6988,1986,Graduation,Married,71952.0,1,0,2013-10-01,93,656,80,455,52,107,93,2,8,4,8,4,0,0,1,0,1,0,0,39,1,1443,4336.0,1,30-39,0,1.9100620186485047,1.0556990478290929,Economy Customers
4472,1970,PhD,Divorced,35682.0,1,0,,34,23,0,8,6,2,18,1,1,1,3,2,0,0,0,0,0,0,0,55,1,57,,0,50-59,3,-1.1017417523193485,0.4413918942593052,Digital Active Customers
6991,1951,Graduation,Divorced,43185.0,0,1,2013-10-04,88,537,6,42,16,6,30,2,9,3,6,8,0,0,0,0,0,0,0,74,1,637,4333.0,0,70+,0,0.36626470130433564,0.053629284915517224,Economy Customers
3336,1948,PhD,Together,66375.0,0,1,,96,712,0,45,0,0,191,3,2,4,5,7,0,0,1,0,0,0,0,77,1,948,,1,70+,1,0.18295642116286667,1.4222414979051823,High Value Customers
4301,1971,Master,Married,35178.0,1,0,2013-10-01,10,23,1,13,2,2,18,1,1,1,2,7,0,0,1,0,0,1,0,54,1,59,4336.0,1,50-59,3,-2.0429807914510425,-0.9565846710258885,Digital Active Customers
1940,1986,Graduation,Married,25252.0,1,0,2013-12-07,26,1,3,4,2,2,6,1,1,0,2,8,0,0,0,0,0,0,0,39,1,18,4269.0,0,30-39,3,-2.6062041843654873,-0.6015030370265496,Digital Active Customers
1272,1965,Master,Single,55250.0,0,1,,49,664,58,83,32,0,66,4,7,5,10,5,0,0,0,0,0,0,0,60,1,903,,0,50-59,0,1.4045449319884518,-0.4326077682600673,Economy Customers
1388,1975,Graduation,Single,33249.0,1,0,,11,6,10,21,19,14,42,2,2,1,3,6,0,0,0,0,0,0,0,50,1,112,,0,40-49,3,-1.6535013640659526,-0.9302923824130999,Digital Active Customers
1044,1953,Graduation,Together,58398.0,0,0,,44,299,5,201,21,21,49,3,5,4,8,4,0,0,0,0,0,0,0,72,0,596,,0,70+,2,0.9542978854326125,-0.1644523949568589,Mid-Range Customers
6969,1982,Graduation,Together,50272.0,1,0,2013-07-08,75,99,13,66,43,8,4,3,4,1,5,7,0,0,0,0,0,0,0,43,1,233,4421.0,0,40-49,1,-0.9000525874347935,0.6075777017170853,High Value Customers
10479,1975,PhD,Married,76618.0,0,0,2012-07-12,64,749,40,294,121,160,147,1,3,2,5,1,0,0,0,0,0,0,0,50,0,1511,4782.0,0,40-49,4,1.5475897071811653,1.3078025982979506,Store-Focused Customers
3619,1960,2n Cycle,Divorced,87305.0,0,0,,19,345,25,501,63,138,80,1,5,3,8,2,0,0,0,0,1,1,0,65,0,1152,,1,60-69,4,2.175947849903135,-0.5156955938596579,Store-Focused Customers
1715,1978,Graduation,Together,25851.0,1,0,2013-11-02,45,9,4,18,7,5,5,2,2,0,3,7,0,0,0,0,0,0,0,47,1,48,4304.0,0,40-49,3,-2.0290694073553386,-0.07139050135434358,Digital Active Customers
10159,1970,Graduation,Divorced,58710.0,0,1,,77,440,81,368,0,122,174,6,11,5,9,6,0,0,0,0,0,0,0,55,1,1185,,0,50-59,0,1.8824506938279701,-0.20874847961729312,Economy Customers
1463,1958,Graduation,Single,45160.0,1,1,,9,8,2,5,3,0,3,1,1,0,2,7,0,0,0,0,0,0,0,67,2,21,,0,60-69,3,-1.7203919370802643,-0.9986552790615043,Digital Active Customers
5114,1965,Master,Married,74806.0,0,1,,1,670,9,249,0,28,9,2,5,4,5,4,0,0,0,0,0,0,0,60,1,965,,0,50-59,2,0.969310724418343,-1.2879526892877737,Mid-Range Customers
4990,1954,Graduation,Married,59111.0,0,0,2013-02-05,90,524,0,134,28,28,155,1,11,1,8,7,0,0,0,0,0,0,0,71,0,869,4574.0,0,70+,0,1.5338702979864458,0.009253148518894864,Economy Customers
4329,1984,PhD,Married,18988.0,1,0,,43,6,0,6,2,1,1,2,1,0,3,7,0,0,0,0,0,0,0,41,1,16,,0,40-49,3,-2.3955833278524548,-0.0027127923880913857,Digital Active Customers
10936,1965,Graduation,Married,72190.0,0,0,,79,597,166,597,172,166,249,1,5,6,4,3,0,0,0,0,0,0,0,60,0,1947,,0,50-59,4,1.777297058453861,1.1846977014911226,Store-Focused Customers
4692,1976,Graduation,Married,7500.0,1,0,2012-01-08,19,7,0,12,13,7,32,5,4,1,2,9,0,0,1,0,0,1,0,49,1,71,4968.0,1,40-49,3,-2.523475831336424,-1.4298444139493374,Digital Active Customers
7212,1966,Graduation,Married,44794.0,0,1,2014-08-06,99,54,0,7,0,0,4,1,2,0,3,6,0,0,0,0,0,0,0,59,1,65,4027.0,0,50-59,1,-1.3355863887916746,1.6980211890877945,High Value Customers
6086,1955,Graduation,Married,80395.0,0,0,,62,445,25,706,80,76,48,1,6,5,12,2,1,0,0,0,0,0,0,70,0,1380,,1,60-69,4,3.031009744995783,0.5049576401702801,Store-Focused Customers
437,1976,Master,Divorced,75012.0,0,0,,41,294,142,218,164,58,151,1,3,8,11,1,0,0,0,0,0,0,0,49,0,1027,,0,40-49,4,1.9654762861366204,0.48825987849169433,Store-Focused Customers
11171,1965,Master,Married,56962.0,2,1,2013-11-10,60,292,3,77,10,3,26,7,6,3,5,7,0,0,0,0,0,0,0,60,3,411,4296.0,0,50-59,2,-0.14413468235670218,-0.1358802646270936,Mid-Range Customers
11101,1991,Graduation,Together,89891.0,0,0,,17,412,22,132,59,28,183,1,11,6,8,4,0,0,0,0,1,0,0,34,0,836,,1,30-39,0,2.0482898045663096,-1.5187812016236564,Economy Customers
5329,1949,PhD,Divorced,35946.0,1,1,,24,8,0,3,0,0,0,1,0,0,3,5,0,0,0,0,0,0,0,76,2,11,,0,70+,3,-1.4616033258080248,-0.22159444138154433,Digital Active Customers
610,1953,PhD,Together,53593.0,1,1,2012-07-08,60,349,4,78,6,0,43,8,7,2,6,8,0,0,0,0,0,0,0,72,2,480,4786.0,0,70+,2,0.13027734979852484,-0.4811878663247079,Mid-Range Customers
9384,1978,Graduation,Married,66373.0,1,1,2013-12-06,57,328,9,124,12,24,109,7,4,2,10,3,0,0,0,0,0,0,0,47,2,606,4270.0,0,40-49,4,1.1069201873819596,0.5580840825982476,Store-Focused Customers
5956,1948,PhD,Divorced,45072.0,1,2,,74,144,2,99,7,2,30,5,6,1,4,8,0,0,0,0,0,0,0,77,3,284,,0,70+,1,-0.5512232138886971,0.06835404746038803,High Value Customers
10430,1973,Graduation,Divorced,89694.0,1,1,2013-09-10,22,1126,28,211,37,28,42,3,4,3,4,5,1,0,0,1,1,0,0,52,2,1472,4357.0,1,50-59,4,1.1468959444041038,-0.5814073650370662,Store-Focused Customers
7875,1949,Graduation,Married,72025.0,0,0,,46,967,0,617,43,50,0,1,4,8,13,2,1,0,0,1,1,1,0,76,0,1677,,1,70+,4,3.0770171844869303,0.21527744734489093,Store-Focused Customers
7072,1973,Graduation,Married,67432.0,0,1,,69,432,79,341,177,136,170,2,8,5,4,4,0,0,0,0,0,0,0,52,1,1335,,0,50-59,0,1.3112386322238756,0.3739002201023976,Economy Customers
6255,1952,Master,Together,70545.0,0,1,2014-03-06,29,138,39,63,55,18,21,1,4,1,7,2,0,0,0,0,0,0,0,73,1,334,4180.0,0,70+,2,0.9988974286137312,-0.1395243098606021,Mid-Range Customers
6516,1989,Basic,Married,17487.0,1,0,,37,0,0,1,7,4,6,1,1,0,2,7,0,0,0,0,0,0,0,36,1,18,,0,30-39,3,-2.6340255908216657,-0.14660204572128244,Digital Active Customers
5564,1969,Graduation,Together,62882.0,0,1,2012-09-08,26,509,133,497,78,24,97,2,7,5,6,4,0,0,0,0,0,0,0,56,1,1338,4724.0,0,50-59,2,1.4266179810307973,-0.8512923828053733,Mid-Range Customers
5682,1953,PhD,Single,64108.0,0,1,,8,948,10,86,13,21,21,4,6,9,11,5,0,0,0,0,0,0,0,72,1,1099,,0,70+,2,1.8921359294378808,-1.5617730048125644,Mid-Range Customers
7458,1956,Master,Together,34941.0,1,1,2013-06-03,26,39,2,25,4,3,24,2,3,0,3,8,0,0,0,0,0,0,0,69,2,97,4456.0,0,60-69,3,-1.5599198397376028,-0.9545589003454569,Digital Active Customers
5237,1950,PhD,Single,48767.0,1,2,2014-01-01,79,28,1,21,3,0,10,3,2,1,3,5,0,0,0,0,0,0,0,75,3,63,4244.0,0,70+,1,-0.9086931949440815,1.2019166421450285,High Value Customers
7761,1978,2n Cycle,Together,38702.0,1,0,2013-01-08,71,13,11,24,13,8,40,2,3,0,4,6,0,0,0,0,0,0,0,47,1,109,4602.0,0,40-49,1,-1.296638672486281,0.7328001892616841,High Value Customers
5278,1964,Graduation,Married,82224.0,0,0,,83,307,26,360,138,31,40,1,6,9,5,3,1,0,0,0,0,0,0,61,0,902,,1,60-69,4,1.3779317854355209,1.1879137511737978,Store-Focused Customers
3560,1952,Graduation,Together,83844.0,0,0,2013-12-05,57,901,31,345,75,31,191,1,4,4,11,1,0,0,0,0,1,0,0,73,0,1574,4271.0,1,70+,4,3.0385982622787733,0.7781036877767417,Store-Focused Customers
7235,1975,2n Cycle,Married,17003.0,1,0,2013-09-12,37,2,5,12,4,8,7,3,2,0,4,5,0,0,0,0,0,0,0,50,1,38,4355.0,0,40-49,3,-1.7143059451033833,-0.08750414821355779,Digital Active Customers
10548,1995,Graduation,Single,71163.0,0,0,2014-09-03,30,283,17,372,138,106,44,1,3,8,12,1,0,0,0,0,0,0,0,30,0,960,3999.0,0,18-29,4,1.7348957246534407,0.19053485719457627,Store-Focused Customers
2281,1970,Graduation,Single,33697.0,1,0,,34,4,3,7,0,3,11,1,1,0,2,7,0,0,1,0,0,0,0,55,1,28,,1,50-59,3,-2.077303084345977,-0.2493085038440546,Digital Active Customers
4073,1954,2n Cycle,Married,63564.0,0,0,,0,769,80,252,15,34,65,1,10,10,7,6,0,0,1,0,0,1,0,71,0,1215,,1,70+,2,1.758680013976408,-2.3674110773727084,Mid-Range Customers
6974,1972,PhD,Together,83443.0,0,0,,89,518,42,742,55,56,84,1,6,10,5,2,0,0,0,0,0,0,0,53,0,1497,,0,50-59,4,1.9545016753997835,1.534651744759107,Store-Focused Customers
7938,1958,PhD,Together,51518.0,0,1,2013-03-10,92,350,8,66,17,4,4,2,3,2,10,3,0,0,0,0,0,0,0,67,1,449,4541.0,0,60-69,4,0.8300310876983538,1.6168659736758852,Store-Focused Customers
7094,1975,Graduation,Widow,58330.0,0,1,,87,445,53,213,104,98,151,1,6,4,13,4,0,0,0,0,0,0,0,50,1,1064,,0,40-49,0,1.9384420205632162,0.9447491411631916,Economy Customers
3667,1969,Graduation,Married,80952.0,0,0,,20,778,178,689,41,27,44,1,8,5,11,8,1,0,0,1,1,1,0,56,0,1757,,1,50-59,0,2.3653050599770187,-1.7849344653960353,Economy Customers
7723,1979,Graduation,Together,75507.0,0,0,2014-02-05,56,709,93,374,104,80,80,1,8,6,6,3,0,0,0,0,0,0,0,46,0,1440,4209.0,0,40-49,4,1.9158719082725053,0.1276351526824078,Store-Focused Customers
3870,1978,2n Cycle,Together,63855.0,0,0,2013-09-02,28,359,35,314,93,116,89,1,7,3,13,4,0,0,0,0,0,0,0,47,0,1006,4365.0,0,40-49,0,2.070962330845204,-0.9145378015228804,Economy Customers
4012,1972,PhD,Together,62220.0,0,1,2012-11-08,55,799,12,375,16,12,12,5,7,6,5,6,0,0,0,0,0,1,0,53,1,1226,4663.0,1,50-59,0,0.8362866655335686,-0.2385420499432808,Economy Customers
5909,1964,Graduation,Married,58512.0,0,1,,25,895,10,101,13,0,152,5,3,4,8,8,0,0,0,0,0,0,0,61,1,1171,,0,60-69,2,0.4140313671606814,-1.0044436512066195,Mid-Range Customers
10470,1979,Master,Married,40662.0,1,0,,0,40,2,23,0,4,23,2,2,1,3,4,0,0,0,0,0,0,0,46,1,92,,0,40-49,3,-1.2784834148047832,-0.9380280290666636,Digital Active Customers
6488,1959,PhD,Married,38829.0,0,1,2014-06-04,86,76,0,7,0,0,16,1,3,2,2,5,0,0,0,0,0,0,0,66,1,99,4090.0,0,60-69,1,-1.1920272975702595,1.302715341914093,High Value Customers
10270,1981,2n Cycle,Married,35523.0,1,0,2013-03-10,8,11,5,22,12,5,11,2,3,0,3,7,0,0,0,0,0,0,0,44,1,66,4541.0,0,40-49,3,-1.7484059616030367,-1.2626578577346244,Digital Active Customers
6887,1967,Graduation,Single,79146.0,1,1,,33,245,16,223,21,43,16,2,8,1,8,6,0,0,0,0,0,0,0,58,2,564,,0,50-59,2,1.2250655618147135,-1.050096197995872,Mid-Range Customers
6406,1988,Master,Married,78285.0,0,0,,13,647,107,391,175,67,40,1,6,4,10,3,0,0,0,0,0,0,0,37,0,1427,,0,30-39,4,2.1470373706614176,-0.9463356055002987,Store-Focused Customers
7573,1978,PhD,Single,31626.0,1,0,2013-10-05,12,39,1,9,2,1,34,1,2,1,2,7,0,0,1,0,0,1,0,47,1,86,4332.0,1,40-49,3,-2.0437058519458717,-1.0140313765625844,Digital Active Customers
4508,1952,Graduation,Single,75127.0,0,0,,92,203,35,305,46,17,227,1,2,11,5,1,0,0,0,0,0,0,0,73,0,833,,0,70+,4,1.119415012578619,2.1938946552099945,Store-Focused Customers
221,1955,Graduation,Married,48726.0,0,1,,90,138,3,38,4,0,59,3,3,2,4,6,0,0,0,0,0,0,0,70,1,242,,0,60-69,1,-0.6948119144796111,1.2516249368253944,High Value Customers
5331,1977,Graduation,Married,74985.0,0,0,2012-11-09,8,587,51,898,247,0,86,1,3,6,7,2,0,0,0,0,0,0,0,48,0,1869,4662.0,0,40-49,4,1.9152318725833832,-0.5486882802384232,Store-Focused Customers
1911,1987,Graduation,Together,67430.0,0,0,2012-05-09,6,595,97,291,127,133,121,1,11,5,12,6,0,0,0,0,0,0,0,38,0,1364,4846.0,0,30-39,0,2.3959203977763295,-2.3086015735321546,Economy Customers
20,1965,2n Cycle,Married,46891.0,0,1,2013-01-09,91,43,12,23,29,15,61,1,2,1,4,4,0,0,0,0,0,0,0,60,1,183,4601.0,0,50-59,1,-0.7330771738717314,1.7222409837476365,High Value Customers
8786,1956,Master,Married,62058.0,0,1,,52,301,7,74,10,0,58,4,6,1,7,6,0,0,0,0,0,0,0,69,1,450,,0,60-69,2,0.5434174720609307,-0.29287997076853217,Mid-Range Customers
10582,1979,Graduation,Married,72063.0,0,1,2013-03-07,3,180,32,348,76,32,90,2,5,2,12,2,0,0,0,0,0,0,0,46,1,758,4544.0,0,40-49,4,1.891987113413605,-1.0639728376294562,Store-Focused Customers
1915,1951,PhD,Married,78939.0,0,0,2013-12-12,57,794,115,243,150,0,205,1,8,5,6,3,0,0,0,0,0,0,0,74,0,1507,4264.0,0,70+,4,2.3975361008669402,0.07290070638427902,Store-Focused Customers
8897,1965,Graduation,Single,42720.0,1,1,,9,392,5,91,28,26,112,8,7,3,7,8,0,0,0,0,0,1,0,60,2,654,,1,50-59,2,0.049666581790670045,-2.0184177310946008,Mid-Range Customers
2371,1972,Graduation,Married,33622.0,1,1,,22,39,1,22,3,4,12,3,2,0,4,7,0,0,0,0,0,0,0,53,2,81,,0,50-59,3,-1.6386194630998179,-0.7754594722801638,Digital Active Customers
4303,1957,PhD,Together,6835.0,0,1,2012-08-12,76,107,2,12,2,2,12,0,0,0,1,20,0,0,0,0,0,0,0,68,1,137,4751.0,0,60-69,1,-4.586339499709111,-0.8145231730414798,High Value Customers
6825,1953,Graduation,Together,41452.0,1,1,2013-06-03,86,13,0,3,0,0,0,1,1,0,2,7,0,0,0,0,0,0,0,72,2,16,4456.0,0,70+,1,-1.7082444352882518,1.2670369661668213,High Value Customers
1072,1965,PhD,Single,40760.0,0,1,,64,70,0,17,0,0,6,2,2,1,3,6,0,0,0,0,0,0,0,60,1,93,,0,50-59,1,-1.3847555839534487,0.6388449517121708,High Value Customers
4964,1958,PhD,Together,74250.0,0,0,,90,680,11,392,75,0,0,1,2,11,4,1,0,0,0,0,0,0,0,67,0,1158,,0,60-69,4,1.1531223187759616,2.172127019531329,Store-Focused Customers
2461,1955,Master,Single,51124.0,1,1,,79,26,1,11,0,1,4,2,1,0,3,3,0,0,0,0,0,0,0,70,2,43,,0,60-69,1,-0.771252503121238,1.6387269414813033,High Value Customers
10736,1971,Graduation,Single,72258.0,0,1,2013-12-09,28,522,0,522,227,120,134,2,6,9,5,2,0,0,0,0,0,0,0,54,1,1525,4267.0,0,50-59,4,1.7636661328514867,-0.32177007017797,Store-Focused Customers
3194,1974,PhD,Single,71466.0,0,0,2014-05-04,86,412,12,546,78,182,0,1,4,4,10,1,0,0,0,0,0,0,0,51,0,1230,4121.0,0,50-59,4,2.095249329353111,1.7029484204480985,Store-Focused Customers
10839,1976,Graduation,Together,36283.0,1,1,,42,6,5,5,8,0,5,2,1,0,3,4,0,0,0,0,0,0,0,49,2,29,,0,40-49,3,-1.4962148997148499,0.4192478475170192,Digital Active Customers
49,1970,Graduation,Single,20587.0,1,0,2014-11-05,39,2,3,6,4,1,9,1,1,1,2,7,0,0,0,0,0,0,0,55,1,25,3936.0,0,50-59,3,-2.3247338123376786,-0.14165031266828454,Digital Active Customers
4290,1972,Graduation,Married,30467.0,1,0,,8,1,3,8,2,5,5,1,1,0,2,7,0,0,0,0,0,0,0,53,1,24,,0,50-59,3,-2.1744187762192104,-1.0273836677896073,Digital Active Customers
10219,1972,Graduation,Together,31590.0,1,0,,40,6,2,15,6,6,3,1,1,0,3,8,0,0,0,0,0,0,0,53,1,38,,0,50-59,3,-2.1402386650429293,-0.23464517938172655,Digital Active Customers
4211,1986,Basic,Married,20425.0,1,0,,5,4,12,5,3,16,17,2,2,0,3,7,0,0,0,0,0,0,0,39,1,57,,0,30-39,3,-2.2376656854391834,-1.2533058150047316,Digital Active Customers
1135,1960,Master,Together,17144.0,1,1,,96,18,2,19,0,2,6,5,3,0,4,7,0,0,0,0,0,0,0,65,2,47,,0,60-69,1,-1.6687555828180147,1.2077294941278482,High Value Customers
6299,1968,PhD,Divorced,42564.0,0,1,2013-02-01,28,324,48,186,39,18,198,6,6,8,4,7,0,0,1,0,0,1,0,57,1,813,4578.0,1,50-59,2,-0.26939517511473143,-1.1049047481346106,Mid-Range Customers
10846,1978,Master,Married,43783.0,1,0,,22,327,9,125,25,4,139,6,7,1,8,7,0,0,1,0,0,0,0,47,1,629,,1,40-49,2,0.18434441414958913,-1.4647188765222152,Mid-Range Customers
347,1976,Graduation,Divorced,40780.0,0,1,2012-08-09,30,229,27,71,13,3,34,4,7,1,5,9,0,0,0,0,0,0,0,49,1,377,4754.0,0,40-49,3,-0.8012291157537766,-1.4555616979723163,Digital Active Customers
6543,1945,Master,Together,62847.0,0,0,,45,521,168,706,80,76,61,1,3,6,4,2,0,0,0,0,0,0,0,80,0,1612,,0,70+,4,1.4553503167880486,0.47709443784593175,Store-Focused Customers
10446,1957,PhD,Married,82017.0,0,0,2012-07-11,58,184,23,446,30,23,23,1,5,4,7,2,1,0,0,1,1,1,0,68,0,729,4783.0,1,60-69,4,1.6238759565938765,0.6453694246864101,Store-Focused Customers
3479,1950,Graduation,Single,16813.0,0,0,,49,4,8,11,12,2,13,1,2,0,3,7,0,0,1,0,0,0,0,75,0,50,,1,70+,1,-1.8356181847734814,-0.07557625129046049,High Value Customers
11075,1978,Graduation,Married,51267.0,1,1,,37,183,2,64,7,2,12,4,3,3,5,4,0,0,0,0,0,0,0,47,2,270,,0,40-49,3,-0.4814112222964133,0.018403687815032543,Digital Active Customers
4442,1961,Graduation,Single,46524.0,0,1,2013-05-04,70,31,19,35,26,14,52,2,1,1,5,3,0,0,0,0,0,0,0,64,1,177,4486.0,0,60-69,1,-0.5327853413398302,1.3299855561730565,High Value Customers
199,1962,Master,Single,45183.0,0,0,,33,219,3,60,12,9,12,1,4,1,7,7,0,0,0,1,0,0,0,63,0,315,,1,60-69,2,-0.38917381266736906,-0.773659123909596,Mid-Range Customers
6722,1954,PhD,Married,70421.0,0,1,,98,479,28,136,75,14,35,3,10,3,7,6,0,0,0,0,0,0,0,71,1,767,,0,70+,0,1.5375729710958965,0.5775671007693248,Economy Customers
796,1965,2n Cycle,Divorced,60161.0,0,1,,17,584,44,212,46,8,177,3,11,4,8,8,0,0,0,0,0,0,0,60,1,1071,,0,50-59,2,1.4080807446451984,-2.2682576090065774,Mid-Range Customers
3749,1973,Graduation,Together,73926.0,0,0,2013-02-03,54,627,91,597,159,91,15,1,6,5,12,3,0,0,0,0,0,0,0,52,0,1580,4576.0,0,50-59,4,2.6904424719950115,0.16419804041869857,Store-Focused Customers
8523,1968,Graduation,Married,19329.0,1,0,,39,24,1,16,12,2,5,3,4,0,3,8,0,0,0,0,0,0,0,57,1,60,,0,50-59,3,-1.9024270089274928,-0.704866126502358,Digital Active Customers
310,1970,Master,Married,61872.0,0,1,,81,330,5,159,36,27,16,4,4,4,9,4,0,0,0,0,0,0,0,55,1,573,,0,50-59,0,0.804819451733977,1.113364345186659,Economy Customers
8629,1956,Graduation,Widow,46984.0,1,1,,71,19,1,10,2,1,8,1,1,0,3,5,0,0,0,0,0,0,0,69,2,41,,0,60-69,1,-1.1730260234739784,1.1077643134177542,High Value Customers
236,1951,Graduation,Married,34838.0,1,1,,62,28,23,29,29,14,47,3,2,1,4,6,0,0,0,0,0,0,0,74,2,170,,0,70+,1,-1.1056000182613512,0.4898780522475725,High Value Customers
9930,1944,PhD,Single,82716.0,0,0,2013-05-11,8,606,148,228,15,148,22,1,6,8,13,2,0,0,0,0,0,0,0,81,0,1167,4479.0,0,70+,2,3.167420095190827,-1.1550689111623391,Mid-Range Customers
3483,1958,Graduation,Married,48192.0,0,0,2013-06-04,76,1039,43,204,153,58,29,3,2,8,12,8,1,1,0,1,0,1,0,67,0,1526,4455.0,1,60-69,0,1.06155175734828,0.49818077084364476,Economy Customers
4599,1976,Master,Married,49681.0,0,2,2013-04-11,66,411,0,26,0,0,21,6,7,1,7,7,0,0,0,0,0,0,0,49,2,458,4509.0,0,40-49,0,0.043313523981990266,-0.11789642783144987,Economy Customers
7326,1971,Master,Married,56850.0,0,1,,83,34,1,19,2,7,0,1,1,1,3,2,0,0,0,0,0,0,0,54,1,63,,0,50-59,1,-0.698072479785806,1.9714906599068351,High Value Customers
7352,1957,Graduation,Married,55267.0,0,1,,28,161,28,136,32,3,45,4,3,4,6,3,0,0,0,0,0,0,0,68,1,405,,0,60-69,2,0.274764824379053,-0.19052076007318222,Mid-Range Customers
2350,1972,Graduation,Married,59666.0,1,1,,87,623,53,178,23,17,133,7,3,2,8,8,0,0,0,1,0,0,0,53,2,1027,,1,50-59,0,0.2288287717885559,0.8747214164702597,Economy Customers
9145,1972,Graduation,Single,72504.0,0,1,2013-06-04,43,604,26,470,123,161,94,2,5,9,6,2,0,0,0,0,0,0,0,53,1,1478,4455.0,0,50-59,4,1.7330970705180477,0.23633485081423225,Store-Focused Customers
2964,1981,Graduation,Married,26872.0,0,0,,0,3,10,8,3,16,32,1,1,1,2,6,0,0,0,0,0,0,0,44,0,72,,0,40-49,3,-2.166031049383445,-1.1054885033334594,Digital Active Customers
5585,1972,Graduation,Single,21359.0,1,0,,1,12,2,17,6,1,10,2,2,0,3,8,0,0,0,0,0,1,0,53,1,48,,1,50-59,3,-2.202195351217155,-1.5583736369450987,Digital Active Customers
9687,1975,Graduation,Single,73170.0,0,0,,1,184,174,256,50,30,32,1,5,4,6,2,0,0,0,0,0,0,0,50,0,726,,0,40-49,2,1.0615079184504,-0.9972026081099383,Mid-Range Customers
3732,1955,Master,Married,52750.0,0,1,2013-04-02,72,393,0,239,90,69,69,6,5,7,9,4,0,0,0,0,0,0,0,70,1,860,4518.0,0,60-69,0,1.1986459477628086,0.6341241685313778,Economy Customers
6303,1986,PhD,Together,91820.0,0,0,,72,410,73,747,76,161,30,0,5,5,12,1,0,0,0,0,0,0,0,39,0,1497,,0,30-39,4,2.968783332655395,1.2139048562995363,Store-Focused Customers
11176,1970,PhD,Together,65968.0,0,1,2014-12-05,12,376,9,83,19,4,4,2,5,4,7,3,0,0,0,0,0,0,0,55,1,495,3906.0,0,50-59,2,0.791288978656482,-0.8715365675534201,Mid-Range Customers
2986,1976,Graduation,Married,30772.0,1,1,2014-12-03,89,7,2,4,2,1,4,1,1,0,2,6,0,0,0,0,0,0,0,49,2,20,3908.0,0,40-49,1,-2.0471737111296324,1.5420993321612357,High Value Customers
7462,1954,Graduation,Single,22507.0,0,0,,67,68,0,226,51,157,68,3,10,2,4,9,0,0,0,0,0,0,0,71,0,570,,0,70+,0,-0.43574714754900806,-0.8520562389583952,Economy Customers
3900,1972,Graduation,Married,65685.0,0,1,,54,642,14,49,0,7,57,1,9,2,9,5,0,0,0,0,0,0,0,53,1,769,,0,50-59,0,1.518717856014601,-0.4620029569876297,Economy Customers
7034,1978,2n Cycle,Married,25804.0,1,0,2013-01-09,34,8,7,9,13,6,12,2,2,0,3,8,0,0,0,0,0,0,0,47,1,55,4601.0,0,40-49,3,-2.18073974858336,-0.5408171987413263,Digital Active Customers
9493,1980,PhD,Single,76412.0,0,0,2013-05-05,15,840,53,804,23,71,17,1,5,4,8,3,1,0,0,0,1,1,0,45,0,1808,4485.0,1,40-49,4,2.111887310815056,-0.7478608974890096,Store-Focused Customers
1143,1972,Graduation,Married,22063.0,1,0,2013-08-08,43,7,10,13,3,11,11,2,2,0,3,7,0,0,0,0,0,0,0,53,1,55,4390.0,0,50-59,3,-2.017663718677241,-0.16330609173750407,Digital Active Customers
1,1961,Graduation,Single,57091.0,0,0,,0,464,5,64,7,0,37,1,7,3,7,5,0,1,0,0,0,1,0,64,0,577,,1,60-69,2,0.7645185770486516,-1.8298217561482317,Mid-Range Customers
3855,1963,Graduation,Married,22419.0,0,0,,74,30,3,47,19,21,42,1,3,2,2,8,0,0,0,0,0,0,0,62,0,162,,0,60-69,1,-1.9628923513246188,0.4820794834756953,High Value Customers
5536,1959,Graduation,Together,87771.0,0,1,,61,1492,38,287,50,57,33,1,5,10,4,6,1,1,0,1,1,1,0,66,1,1957,,1,60-69,4,1.6898583370691078,0.25269451243197966,Store-Focused Customers
5989,1959,2n Cycle,Divorced,78353.0,0,1,,51,752,122,476,39,153,34,1,10,2,11,8,0,0,0,0,0,0,0,66,1,1576,,0,60-69,0,2.567022152154761,-1.1606737738165465,Economy Customers
9499,1954,Graduation,Married,93404.0,1,2,2013-07-05,97,1279,15,287,20,0,15,3,3,4,7,5,0,0,0,1,1,0,0,71,3,1616,4424.0,1,70+,4,1.908440369792361,1.6608022354594916,Store-Focused Customers
6768,1962,Graduation,Divorced,37859.0,1,2,2013-12-01,75,22,1,8,2,1,2,2,1,0,3,8,0,0,0,0,0,0,0,63,3,36,4275.0,0,60-69,1,-1.8855661176939744,0.7941214586682414,High Value Customers
2150,1958,PhD,Widow,80995.0,0,1,2013-11-05,83,860,28,409,73,56,56,1,8,9,4,4,0,0,0,0,0,0,0,67,1,1482,4301.0,0,60-69,0,1.8869617217174115,0.7819018005528046,Economy Customers
6646,1984,Graduation,Together,16529.0,1,0,2014-01-03,23,3,0,5,13,0,1,1,1,0,3,6,0,0,0,0,0,0,0,41,1,22,4242.0,0,40-49,3,-2.2887617376624756,-0.4649600604802748,Digital Active Customers
4887,1976,PhD,Divorced,55412.0,1,1,,65,10,5,28,11,1,8,1,2,0,3,5,0,0,0,0,0,0,0,49,2,63,,0,40-49,1,-1.12248555893791,0.8938064110765748,High Value Customers
8560,1992,Graduation,Single,48789.0,0,0,2012-10-09,94,351,16,156,7,5,145,1,6,4,7,6,0,0,0,0,0,0,0,33,0,680,4693.0,0,30-39,0,0.03631361189010893,1.036934868736038,Economy Customers
3321,1967,PhD,Together,56575.0,0,2,2013-05-05,42,421,5,90,0,16,10,3,7,3,7,5,0,0,0,0,0,0,0,58,2,542,4485.0,0,50-59,2,0.6599081994691229,-0.5594327155937955,Mid-Range Customers
11003,1980,2n Cycle,Together,25130.0,1,0,2013-02-10,10,2,5,7,0,18,18,2,2,0,3,7,0,0,0,0,0,0,0,45,1,50,4569.0,0,40-49,3,-2.0765222003118713,-1.1097614869435346,Digital Active Customers
10402,1967,Graduation,Married,35441.0,1,1,,94,25,1,9,2,1,1,2,1,0,3,8,0,0,0,0,0,0,0,58,2,39,,0,50-59,1,-1.9874877279981904,1.3695340355979424,High Value Customers
9904,1956,Graduation,Married,71391.0,0,1,,50,336,123,274,46,123,141,5,6,5,12,3,0,0,0,0,0,0,0,69,1,1043,,0,60-69,4,2.408032577557492,-0.01654964364287593,Store-Focused Customers
6141,1972,Master,Single,49494.0,1,0,,46,191,9,97,0,6,82,2,6,1,5,7,0,0,0,0,0,0,0,53,1,385,,0,50-59,2,-0.40040121537494466,-0.5526667987604001,Mid-Range Customers
5687,1980,Graduation,Divorced,81702.0,0,0,,98,563,50,774,28,31,187,1,7,7,12,3,0,0,0,0,0,0,0,45,0,1633,,0,40-49,4,2.9362705083389935,1.3937097797819324,Store-Focused Customers
10856,1980,2n Cycle,Single,45889.0,0,1,2013-02-07,42,31,0,6,0,1,8,1,1,0,3,6,0,0,0,0,0,0,0,45,1,46,4572.0,0,40-49,3,-1.6600884408915972,0.1800227389020238,Digital Active Customers
5121,1977,Graduation,Single,56628.0,0,1,,30,479,5,82,7,17,171,2,7,6,5,5,0,0,1,0,0,0,0,48,1,761,,1,40-49,2,0.4215889820858926,-0.8391861120087248,Mid-Range Customers
4186,1950,Graduation,Together,34026.0,1,1,2013-05-08,11,18,6,15,12,8,17,3,2,1,3,5,0,0,0,0,0,0,0,75,2,76,4482.0,0,70+,3,-1.1938203905849665,-0.8707910658548689,Digital Active Customers
368,1974,Graduation,Married,40049.0,0,1,,61,91,65,52,10,44,28,3,3,2,6,5,0,0,0,0,0,0,0,51,1,290,,0,50-59,1,-0.6247949522034044,0.5202607960362399,High Value Customers
3312,1988,Graduation,Single,34176.0,1,0,2014-12-05,12,5,7,24,19,14,20,4,3,0,4,6,0,0,0,0,0,0,0,37,1,89,3906.0,0,30-39,3,-1.5438535230462118,-1.005407261821982,Digital Active Customers
11121,1981,Graduation,Married,19419.0,1,0,2012-10-11,76,2,14,28,16,3,7,4,4,0,3,9,0,0,0,0,0,0,0,44,1,70,4691.0,0,40-49,1,-2.202842355148977,0.3003596977016818,High Value Customers
5332,1960,2n Cycle,Married,82504.0,0,0,,2,362,50,431,134,35,54,1,3,6,7,1,0,0,0,0,0,0,0,65,0,1066,,0,60-69,4,1.7506012043592813,-0.6138595750544434,Store-Focused Customers
5848,1970,Graduation,Together,81205.0,0,0,,43,724,74,929,97,55,130,1,5,6,7,2,0,1,1,0,1,1,0,55,0,2009,,1,50-59,4,2.515633955129311,0.23032802398150878,Store-Focused Customers
10343,1991,2n Cycle,Single,61618.0,0,0,,27,605,91,399,0,45,205,2,3,6,8,3,0,0,0,0,0,0,0,34,0,1345,,0,30-39,4,1.0399534118648766,-0.13753995406441488,Store-Focused Customers
5935,1956,Master,Single,55284.0,0,1,,60,547,7,140,0,7,63,3,7,5,8,5,0,0,0,0,0,0,0,69,1,764,,0,60-69,0,1.1152608148899028,-0.08879924046515979,Economy Customers
2895,1963,Graduation,Single,49980.0,0,1,,79,104,1,54,13,9,14,2,3,1,5,5,0,0,0,0,0,0,0,62,1,195,,0,60-69,1,-0.5174698967598608,1.0740506906482914,High Value Customers
10262,1980,Graduation,Married,15072.0,2,0,2013-10-05,96,8,2,15,0,10,18,4,3,1,3,5,0,0,0,0,0,0,0,45,2,53,4332.0,0,40-49,1,-1.7987804359933066,1.5745405745240733,High Value Customers
7848,1974,Graduation,Single,49166.0,0,1,,17,224,2,25,7,0,110,2,5,3,3,6,0,0,0,0,0,0,0,51,1,368,,0,50-59,3,-0.7257558066983828,-1.094667947979335,Digital Active Customers
9477,1954,PhD,Married,65324.0,0,1,2014-11-01,0,384,0,102,21,32,5,3,6,2,9,4,0,0,0,0,0,0,0,71,1,544,3940.0,0,70+,2,1.2940354275750705,-1.601899261833404,Mid-Range Customers
4856,1957,2n Cycle,Married,82347.0,0,0,2012-06-11,38,556,54,845,202,133,63,1,7,7,10,3,1,0,1,0,0,0,0,68,0,1853,4813.0,1,60-69,4,3.1212244766794415,-0.4261786001157685,Store-Focused Customers
7186,1966,PhD,Together,30843.0,1,1,,43,24,0,2,0,0,9,2,1,1,2,5,0,0,1,0,0,0,0,59,2,35,,1,50-59,3,-1.7638184169149218,0.27919351770660567,Digital Active Customers
5794,1974,PhD,Married,46374.0,0,1,,1,408,0,21,0,0,17,3,7,1,7,8,1,0,0,1,0,1,0,51,1,446,,1,50-59,2,-0.17506025238829706,-2.213216859510733,Mid-Range Customers
1456,1979,Graduation,Single,60474.0,0,1,2013-01-04,25,265,199,303,234,9,170,7,10,2,12,7,0,0,0,0,0,0,0,46,1,1180,4606.0,0,40-49,0,1.9321164409713871,-1.8022620042640143,Economy Customers
4877,1973,Master,Married,38576.0,0,1,2014-04-03,2,34,0,7,0,0,0,1,1,0,3,7,0,0,0,0,0,0,0,52,1,41,4152.0,0,50-59,3,-1.8764299579056747,-1.2000231930778915,Digital Active Customers
425,1985,Graduation,Married,55357.0,2,0,,66,374,64,116,84,25,64,3,6,2,11,5,0,0,0,0,0,0,0,40,2,727,,0,30-39,0,1.0186378384254735,0.24998009593016207,Economy Customers
3007,1966,Graduation,Together,37758.0,1,1,2012-04-10,49,27,2,10,0,0,1,2,1,0,3,8,0,0,0,0,0,0,0,59,2,40,4875.0,0,50-59,3,-1.9428994520574414,0.03262923035929884,Digital Active Customers
1031,1989,2n Cycle,Married,85710.0,0,0,2013-05-05,5,600,20,350,29,30,33,1,6,9,10,2,0,0,0,0,1,0,0,36,0,1062,4485.0,1,30-39,4,2.117440612035051,-1.0136970779017345,Store-Focused Customers
4297,1969,Graduation,Together,23228.0,1,0,,71,13,2,18,6,1,0,2,2,0,3,8,0,0,0,0,0,0,0,56,1,40,,0,50-59,1,-2.1155109666307,0.5231324415848737,High Value Customers
807,1969,Master,Together,44602.0,1,1,,35,167,2,89,0,0,34,6,6,1,4,8,0,0,0,0,0,0,0,56,2,292,,0,50-59,3,-0.834617797322732,-1.0240900588339141,Digital Active Customers
9553,1987,Graduation,Married,7500.0,0,0,2013-09-01,94,0,2,3,4,1,5,1,0,0,3,6,0,0,0,0,0,0,0,38,0,15,4366.0,0,30-39,1,-2.615749288437651,1.7616396775922352,High Value Customers
4271,1989,2n Cycle,Together,38683.0,1,0,2012-04-10,80,46,35,69,84,41,66,6,4,1,6,7,0,0,0,0,0,0,0,36,1,341,4875.0,0,30-39,1,-0.96961122155432,0.7202178107750439,High Value Customers
4120,1975,2n Cycle,Single,49514.0,1,0,,61,88,39,78,58,13,93,2,6,1,4,7,0,0,0,0,0,0,0,50,1,369,,0,40-49,1,-0.5937810093040019,-0.0726853856722844,High Value Customers
2036,1973,PhD,Together,57906.0,0,1,2013-11-06,29,243,11,119,10,3,15,3,4,2,8,4,0,0,0,0,0,0,0,52,1,401,4300.0,0,50-59,2,0.3862509316601854,-0.4143840012098422,Mid-Range Customers
115,1966,Master,Single,43456.0,0,1,,0,275,11,68,25,7,7,3,5,1,8,5,0,0,0,0,0,0,0,59,1,393,,0,50-59,2,0.16919367095680468,-1.6185075051554354,Mid-Range Customers
4259,1986,Master,Single,19485.0,2,0,,80,6,0,4,0,0,0,1,1,0,2,7,0,0,0,0,0,0,0,39,2,10,,0,30-39,1,-2.5525129614001973,1.1308208464374223,High Value Customers
8687,1978,Graduation,Together,53172.0,0,1,2013-06-05,54,121,62,90,68,20,125,3,2,3,8,3,0,0,0,0,0,0,0,47,1,486,4454.0,0,40-49,4,0.19957854480381698,0.7320532469829056,Store-Focused Customers
2447,1979,Graduation,Together,30545.0,1,0,,71,4,12,15,19,7,12,2,2,0,3,7,0,0,0,0,0,0,0,46,1,69,,0,40-49,1,-1.9287424825632766,0.7213370435224061,High Value Customers
10140,1983,PhD,Together,70123.0,0,0,,27,1308,0,396,23,0,0,1,5,7,4,3,0,1,0,1,0,0,0,42,0,1727,,1,40-49,4,1.306737704781966,-0.30858600958862986,Store-Focused Customers
9353,1959,Graduation,Single,62450.0,0,1,2014-06-01,61,515,47,267,62,66,38,2,5,5,4,3,0,0,0,1,0,0,0,66,1,995,4093.0,1,60-69,4,0.8642814160789754,0.6044546854219995,Store-Focused Customers
3623,1976,Graduation,Together,21675.0,1,0,2014-11-06,55,4,0,16,17,4,4,3,4,0,3,7,0,0,0,0,0,0,0,49,1,45,3935.0,0,40-49,3,-1.815882371125047,-0.05204915792433927,Digital Active Customers
738,1981,2n Cycle,Single,42395.0,1,1,2014-04-04,35,48,13,57,24,15,25,4,3,1,4,7,0,0,0,0,0,0,0,44,2,182,4151.0,0,40-49,3,-1.3680797810235403,-0.46006139426804593,Digital Active Customers
7631,1978,Master,Together,61346.0,1,0,2013-06-10,34,562,58,168,43,16,142,1,5,7,10,3,0,0,0,0,0,0,0,47,1,989,4449.0,0,40-49,4,1.4615425966183178,-0.2752898924723751,Store-Focused Customers
4789,1953,Graduation,Together,80812.0,0,0,,95,769,22,500,210,143,33,1,4,8,5,2,1,0,1,0,1,0,0,72,0,1677,,1,70+,4,2.0374085158588686,1.8981147063135428,Store-Focused Customers
773,1971,Master,Divorced,42835.0,1,1,,64,379,4,93,12,9,98,7,6,6,4,6,0,0,0,0,0,0,0,54,2,595,,0,50-59,1,-0.32290046189886173,0.12186848128771739,High Value Customers
10602,1983,Graduation,Married,39922.0,1,0,,30,29,12,59,19,1,36,2,3,0,4,8,0,0,0,0,0,0,0,42,1,156,,0,40-49,3,-1.617195046356245,-0.7513410636323883,Digital Active Customers
1446,1956,Master,Single,86424.0,0,0,2014-05-04,12,387,68,569,89,45,68,1,6,9,12,1,0,0,0,0,0,0,0,69,0,1226,4121.0,0,60-69,4,3.1411677273467222,-0.8198144171546209,Store-Focused Customers
3270,1978,2n Cycle,Together,17117.0,1,0,,96,12,23,38,30,18,7,4,3,1,3,9,0,0,0,0,0,0,0,47,1,128,,0,40-49,1,-2.285780392486789,1.0077696265194116,High Value Customers
8443,1972,Graduation,Single,24762.0,1,0,2014-10-02,16,6,10,12,3,15,40,3,3,1,2,8,0,0,1,0,0,1,0,53,1,86,3970.0,1,50-59,3,-2.1150867693192015,-1.2076382993894454,Digital Active Customers
9653,1975,Graduation,Married,35797.0,0,1,,16,27,1,14,4,1,21,2,2,0,3,8,0,0,0,0,0,0,0,50,1,68,,0,40-49,3,-1.9484823266831957,-1.0558898183066014,Digital Active Customers
8916,1975,Graduation,Divorced,36627.0,2,0,,78,9,1,5,0,0,1,1,0,0,3,5,0,0,0,0,0,0,0,50,2,16,,0,40-49,1,-1.7641043616448084,1.4775727145821183,High Value Customers
8017,1981,2n Cycle,Married,51111.0,1,1,,83,22,0,19,6,5,3,2,2,0,3,6,0,0,0,0,0,0,0,44,2,55,,0,40-49,1,-1.4229265604452082,1.2920962360831236,High Value Customers
5830,1972,PhD,Single,86857.0,0,0,2012-12-09,96,899,102,838,133,102,40,1,5,6,10,2,0,0,0,0,0,1,0,53,0,2114,4632.0,1,50-59,4,3.1370852654871664,1.7652346933224254,Store-Focused Customers
4597,1970,PhD,Together,82072.0,0,0,2013-02-07,67,889,55,685,168,92,129,1,3,2,13,1,0,0,0,0,0,0,0,55,0,2018,4572.0,0,50-59,4,3.309478148561396,1.212081869070756,Store-Focused Customers
7023,1953,PhD,Single,46231.0,2,1,,87,189,2,55,0,5,12,4,6,1,4,9,0,0,0,0,0,0,0,72,3,263,,0,70+,1,-0.7614432035068346,0.33498027972066263,High Value Customers
8086,1959,Graduation,Married,42243.0,1,1,2013-11-12,34,48,0,2,0,0,5,2,2,0,3,7,0,0,0,0,0,0,0,66,2,55,4294.0,0,60-69,3,-1.4737059199022138,-0.41186795603167936,Digital Active Customers
8825,1962,Graduation,Together,51195.0,1,1,2013-01-04,46,230,14,156,82,24,58,8,9,2,5,8,0,0,0,0,0,0,0,63,2,564,4606.0,0,60-69,2,0.15595034607382127,-1.1120324772851733,Mid-Range Customers
2930,1978,Master,Single,68092.0,0,0,,7,852,60,207,78,36,48,2,2,6,10,5,0,0,0,0,0,0,0,47,0,1281,,0,40-49,4,1.121138385133283,-0.9555893174335254,Store-Focused Customers
1928,1973,Graduation,Married,31814.0,1,0,2013-09-02,73,35,3,20,4,1,20,2,2,0,3,9,0,0,1,0,0,0,0,52,1,83,4365.0,1,50-59,1,-2.122485428580988,0.4815587979457888,High Value Customers
7108,1965,Master,Widow,51390.0,1,1,2012-08-09,54,205,20,47,23,2,56,6,5,2,5,5,0,0,0,0,0,0,0,60,2,353,4754.0,0,50-59,2,-0.12500623763022053,0.08049600180917071,Mid-Range Customers
10925,1983,Graduation,Married,76630.0,0,0,,93,255,31,446,40,56,175,1,3,10,11,1,0,0,0,0,0,0,0,42,0,1003,,0,40-49,4,1.9001684066629745,2.0666432388463543,Store-Focused Customers
9960,1991,Basic,Single,26868.0,1,0,,52,0,0,1,8,3,2,1,1,0,2,7,0,0,0,0,0,0,0,34,1,14,,0,30-39,3,-2.4826733445794957,0.3367259961994159,Digital Active Customers
8800,1943,PhD,Divorced,48948.0,0,0,2013-01-02,53,437,8,206,160,49,42,2,7,10,5,6,0,0,1,0,0,1,0,82,0,902,4608.0,1,70+,2,0.6866734531118579,-0.4358033660199935,Mid-Range Customers
9224,1972,PhD,Single,55260.0,0,1,2012-12-12,81,825,8,53,11,0,242,2,8,10,5,6,0,0,0,0,0,0,0,53,1,1139,4629.0,0,50-59,0,0.7723340185126841,0.38550616262154946,Economy Customers
5519,1956,Graduation,Together,64090.0,0,1,2013-07-08,8,316,58,161,76,51,135,1,6,9,4,5,0,0,0,0,0,1,0,69,1,797,4421.0,1,60-69,2,0.5775841481229758,-1.3905279059395321,Mid-Range Customers
5046,1958,Graduation,Divorced,78331.0,0,1,,97,756,138,354,160,169,61,2,10,6,7,4,0,0,0,0,0,0,0,67,1,1638,,0,60-69,0,2.6755366638420277,0.8626893048933537,Economy Customers
7037,1974,PhD,Married,37087.0,1,0,2013-11-08,50,194,55,134,15,0,3,3,4,2,8,6,0,0,0,0,0,0,0,51,1,401,4298.0,0,50-59,1,-0.3190426502367811,-0.13387888828655112,High Value Customers
905,1986,Graduation,Divorced,21846.0,1,0,,38,7,17,18,6,10,26,4,4,0,3,8,0,0,0,0,0,0,0,39,1,84,,0,30-39,3,-2.066910849851935,-0.6659276753266001,Digital Active Customers
8624,1958,Graduation,Married,81320.0,0,0,2013-06-02,61,183,33,493,59,103,57,1,4,3,10,2,0,0,0,0,0,0,0,67,0,928,4457.0,0,60-69,4,2.0712518712508627,0.7957142272995378,Store-Focused Customers
8945,1970,Graduation,Divorced,54137.0,0,1,,46,171,0,11,0,1,20,2,4,1,4,6,0,0,0,0,0,0,0,55,1,203,,0,50-59,1,-0.6986802793142547,-0.12057392914193157,High Value Customers
6445,1967,Graduation,Together,66825.0,0,0,,73,243,101,405,29,40,40,1,4,5,6,2,0,0,0,0,0,0,0,58,0,858,,0,50-59,4,1.0439594735378934,1.229353672847529,Store-Focused Customers
2727,1973,Graduation,Together,57100.0,0,0,2013-04-12,19,181,21,69,39,3,96,1,3,3,6,3,0,0,0,0,0,0,0,52,0,409,4508.0,0,50-59,2,0.10407283348782723,-0.39873224916538075,Mid-Range Customers
6404,1969,Graduation,Together,58917.0,1,2,,10,151,7,89,0,7,28,5,4,1,6,5,0,0,0,0,0,0,0,56,3,282,,0,50-59,2,-0.09422057177601809,-1.086054885776824,Mid-Range Customers
11074,1977,Graduation,Single,85072.0,0,0,2014-09-04,94,494,92,391,194,11,241,1,3,4,10,0,0,0,0,0,0,0,0,48,0,1423,3998.0,0,40-49,4,2.4979233039278004,2.2637608786597756,Store-Focused Customers
10150,1961,Graduation,Single,86429.0,0,0,,10,464,28,873,29,18,37,0,7,4,7,2,1,0,0,0,0,1,0,64,0,1449,,1,60-69,4,2.5140900660281393,-1.0214555906583718,Store-Focused Customers
1968,1971,Graduation,Widow,45684.0,1,0,2013-02-12,37,5,1,5,10,0,7,1,1,0,2,7,0,0,0,0,0,0,0,54,1,28,4567.0,0,50-59,3,-1.8641216704935788,-0.11873076728715853,Digital Active Customers
6534,1974,Graduation,Together,47889.0,1,0,2014-04-01,94,29,0,29,0,5,4,1,2,0,3,5,0,0,0,0,0,0,0,51,1,67,4154.0,0,50-59,1,-1.226552209961504,1.727358530981477,High Value Customers
9485,1986,PhD,Married,45921.0,0,0,2014-10-03,23,102,9,49,24,3,12,1,2,1,6,4,0,0,0,0,0,0,0,39,0,199,3969.0,0,30-39,3,-0.7355350966259521,-0.28131560312397424,Digital Active Customers
7053,1966,PhD,Single,78420.0,0,0,,75,604,28,674,91,28,28,1,3,10,8,1,0,0,0,0,0,0,0,59,0,1453,,0,50-59,4,2.0891453923332324,1.5430956125612552,Store-Focused Customers
4654,1992,Graduation,Together,75114.0,0,0,2013-07-11,40,571,12,523,63,60,24,1,3,10,5,2,0,0,0,0,0,0,0,33,0,1253,4418.0,0,30-39,4,0.922745874992453,0.5060062404223752,Store-Focused Customers
9760,1963,PhD,Widow,52278.0,0,1,,24,953,0,71,0,0,174,6,10,5,10,8,0,0,0,0,0,1,0,62,1,1198,,1,60-69,0,1.5536471993807492,-2.008317845789758,Economy Customers
1048,1972,Master,Married,35641.0,1,0,,11,63,3,67,8,9,28,2,3,1,4,7,0,0,0,0,0,1,0,53,1,178,,1,50-59,3,-1.3892377299592837,-1.2269213753402468,Digital Active Customers
10619,1994,Graduation,Single,95529.0,0,0,2012-03-12,29,770,29,890,250,27,24,1,7,3,7,3,0,0,0,0,1,1,0,31,0,1990,4904.0,1,30-39,4,2.5678723757965343,-0.4603651640407866,Store-Focused Customers
9308,1954,Graduation,Married,62820.0,0,0,2013-11-05,51,398,61,265,138,61,53,1,3,4,6,1,0,0,0,0,0,0,0,71,0,976,4301.0,0,70+,4,1.2500911834132924,0.7871101724356515,Store-Focused Customers
10505,1960,Master,Together,73113.0,0,0,,86,741,19,154,50,9,28,1,3,4,7,2,0,0,0,0,0,0,0,65,0,1001,,0,60-69,4,1.3894309647800598,1.7183982108486853,Store-Focused Customers
8362,1982,PhD,Married,84169.0,0,0,2013-07-08,9,1478,19,403,0,19,0,1,7,6,6,3,0,0,0,1,1,1,0,43,0,1919,4421.0,1,40-49,4,2.297590961552759,-1.1095312806774629,Store-Focused Customers
2625,1954,2n Cycle,Single,42607.0,0,1,,30,156,29,56,30,32,47,2,3,2,7,3,0,0,0,0,0,0,0,71,1,350,,0,70+,2,0.17562019908832815,-0.20330171953454926,Mid-Range Customers
4637,1954,PhD,Single,74637.0,0,0,,73,960,64,464,146,0,16,1,6,9,9,3,1,0,0,0,0,0,0,71,0,1650,,1,70+,4,2.5750975429657452,0.7357659140426891,Store-Focused Customers
9972,1955,PhD,Together,46015.0,1,1,,25,38,0,2,0,0,6,1,1,0,3,7,0,1,1,0,0,0,0,70,2,46,,1,60-69,3,-1.494268305667812,-0.5522709333845552,Digital Active Customers
4483,1993,Graduation,Single,72354.0,0,0,,67,315,26,473,220,12,182,1,2,10,6,1,0,0,0,0,0,0,0,32,0,1228,,0,30-39,4,1.0112056612282652,1.5534887455568847,Store-Focused Customers
4487,1969,Master,Single,39858.0,1,0,,67,15,20,25,2,7,26,1,2,0,4,6,0,0,0,0,0,1,0,56,1,95,,1,50-59,1,-1.3047915552794687,0.7162265308354342,High Value Customers
4988,1948,PhD,Married,34469.0,1,1,2014-04-05,58,19,6,20,0,5,12,3,1,1,4,4,0,0,0,0,0,0,0,77,2,62,4150.0,0,70+,1,-0.9916684875373085,0.7724659319931108,High Value Customers
8931,1986,Graduation,Together,83033.0,1,0,,82,812,99,431,237,149,33,1,11,4,10,5,1,0,0,0,0,0,0,39,1,1761,,1,30-39,0,2.919693914810073,0.18560054858702177,Economy Customers
5871,1979,Master,Together,24401.0,0,0,,98,73,28,217,10,24,115,3,6,1,6,8,0,0,0,0,0,0,0,46,0,467,,0,40-49,1,-0.8859501368429713,0.7765191163112903,High Value Customers
2008,1978,Graduation,Married,77583.0,0,0,2014-10-02,93,372,23,384,250,12,108,1,4,5,9,2,1,0,0,0,0,0,0,47,0,1149,3970.0,1,40-49,4,1.7929326085012778,1.826193189633069,Store-Focused Customers
3139,1982,2n Cycle,Single,74116.0,0,0,,53,871,111,704,145,55,166,1,4,4,10,2,0,0,0,1,0,0,0,43,0,2052,,1,40-49,4,2.5718307888001743,0.6075173252621738,Store-Focused Customers
10037,1993,Graduation,Single,74293.0,0,0,2014-04-05,66,375,152,335,93,91,81,1,5,4,6,2,0,0,0,0,0,0,0,32,0,1127,4150.0,0,30-39,4,1.2070767340432393,1.0010491367830154,Store-Focused Customers
10673,1976,PhD,Married,68397.0,0,1,,6,760,80,466,17,13,80,1,6,9,5,3,0,0,0,0,0,0,0,49,1,1416,,0,40-49,4,1.3751324126914388,-1.1131737535631312,Store-Focused Customers
5303,1974,PhD,Together,79632.0,0,0,2014-08-04,42,471,0,510,99,21,12,1,6,4,9,2,0,0,0,0,0,0,0,51,0,1113,4029.0,0,50-59,4,2.1038532491275297,0.041086138930996025,Store-Focused Customers
538,1989,Graduation,Single,46107.0,1,0,2014-10-02,78,31,9,27,16,9,33,1,1,1,4,3,0,0,0,0,0,0,0,36,1,125,3970.0,0,30-39,1,-1.088506314162595,1.684976188176063,High Value Customers
7922,1951,PhD,Single,64950.0,0,1,2012-12-08,29,819,0,72,12,0,63,2,11,2,10,7,0,0,0,1,0,0,0,74,1,966,4633.0,1,70+,2,2.0385159255148557,-1.8461670528924987,Mid-Range Customers
5692,1989,Basic,Married,25443.0,1,0,,82,1,4,3,8,9,7,1,1,0,3,8,0,0,0,0,0,0,0,36,1,32,,0,30-39,1,-2.467810725678061,1.0550321323371428,High Value Customers
4843,1952,Graduation,Single,75127.0,0,0,,92,203,35,305,46,17,227,1,2,11,5,1,0,0,0,0,0,0,0,73,0,833,,0,70+,4,1.119415012578619,2.1938946552099945,Store-Focused Customers
6383,1971,PhD,Together,32892.0,1,0,,78,26,0,15,2,1,2,2,3,0,3,8,0,0,0,0,0,0,0,54,1,46,,0,50-59,1,-1.8198588011165784,0.6395628408870522,High Value Customers
1628,1971,Graduation,Together,71796.0,0,0,,54,354,21,311,167,75,32,1,9,3,4,4,0,0,0,0,0,0,0,54,0,960,,0,50-59,0,1.2315712994494998,-0.19259259147290403,Economy Customers
1204,1970,PhD,Married,67536.0,0,1,,45,1253,0,447,23,71,35,3,11,5,11,8,1,0,0,0,0,0,0,55,1,1829,,1,50-59,0,2.5664976263635157,-1.467540112671199,Economy Customers
3673,1971,Graduation,Single,55239.0,0,1,,59,371,17,238,23,24,106,3,7,5,11,5,0,0,0,0,0,0,0,54,1,779,,0,50-59,0,1.3712989945210896,-0.13612662866983072,Economy Customers
760,1975,PhD,Divorced,60554.0,1,0,2013-09-08,8,588,7,76,110,15,15,2,8,4,9,6,0,0,0,0,0,0,0,50,1,811,4359.0,0,40-49,2,1.119750282456249,-1.851071416033421,Mid-Range Customers
8957,1952,2n Cycle,Single,64831.0,1,1,2013-10-06,51,480,86,249,75,86,144,8,6,3,5,6,0,0,0,0,0,0,0,73,2,1120,4331.0,0,70+,2,0.9195506818865289,-0.2871019475714114,Mid-Range Customers
4128,1962,PhD,Together,56067.0,0,1,,51,517,12,54,16,6,120,2,7,4,7,5,0,0,0,0,0,0,0,63,1,725,,0,60-69,2,0.8714647493070149,-0.3111789721987686,Mid-Range Customers
6810,1983,Graduation,Divorced,82025.0,0,0,,76,267,98,606,48,70,98,1,3,2,6,1,0,0,0,0,1,1,0,42,0,1187,,1,40-49,4,1.4224244735988956,1.6892339418741391,Store-Focused Customers
5386,1953,Graduation,Together,94384.0,0,0,2013-04-03,62,1111,24,790,160,45,172,0,5,8,5,2,1,0,0,1,1,1,0,72,0,2302,4517.0,1,70+,4,2.942573588466552,0.8236242893082044,Store-Focused Customers
8700,1986,Basic,Single,14906.0,0,0,,86,7,7,14,7,16,15,3,2,1,3,7,0,0,0,0,0,0,0,39,0,66,,0,30-39,1,-2.3109861281080164,1.1426920307444084,High Value Customers
3202,1987,PhD,Married,51563.0,0,0,2012-01-10,60,1166,0,48,0,0,36,1,4,4,10,8,0,0,0,1,1,0,0,38,0,1250,4966.0,1,30-39,0,0.48836301472086824,-0.08091956050716863,Economy Customers
1328,1982,2n Cycle,Married,57937.0,0,1,,56,261,42,144,55,48,133,3,4,4,9,3,0,0,0,0,0,0,0,43,1,683,,0,40-49,4,0.8156616987733815,0.5373552207994146,Store-Focused Customers
8405,1979,Graduation,Divorced,68274.0,1,1,,83,135,25,51,23,25,46,2,4,2,5,3,0,0,0,0,0,0,0,46,2,305,,0,40-49,1,0.15407271392592764,1.4578984681543157,High Value Customers
6515,1977,Graduation,Together,39771.0,1,0,2013-06-12,92,6,2,18,2,8,14,1,2,0,3,4,0,0,0,0,0,0,0,48,1,50,4447.0,0,40-49,1,-1.2789877198863813,1.7939264956222312,High Value Customers
2882,1975,2n Cycle,Divorced,67893.0,0,1,2012-01-10,31,711,28,142,49,18,47,2,3,2,9,8,0,0,0,0,0,0,0,50,1,995,4966.0,0,40-49,2,0.4479333800517805,-0.7802003884984394,Mid-Range Customers
7574,1979,PhD,Together,27922.0,1,0,2014-10-05,80,11,0,13,2,4,11,1,2,0,3,4,0,0,0,0,0,0,0,46,1,41,3967.0,0,40-49,1,-1.5383111746019218,1.405850711212642,High Value Customers
6387,1976,PhD,Together,52190.0,1,1,2014-08-05,39,42,0,17,0,0,18,3,2,1,3,5,0,0,1,0,0,0,0,49,2,77,4028.0,1,40-49,3,-1.1785372478851972,0.10884660281185154,Digital Active Customers
5320,1973,Master,Divorced,44051.0,1,1,,20,79,7,58,6,3,18,4,3,1,4,6,0,0,0,0,0,1,0,52,2,171,,1,50-59,3,-1.0938798745199552,-0.7873252722953534,Digital Active Customers
5048,1971,PhD,Single,42767.0,2,0,2013-11-05,53,20,6,43,19,5,38,1,3,1,2,8,0,0,0,0,0,0,0,54,2,131,4301.0,0,50-59,1,-1.7156101454016592,-0.05213257961787999,High Value Customers
8146,1976,Master,Together,46106.0,1,1,2014-11-05,84,30,0,8,2,0,14,1,1,1,2,6,0,0,0,0,0,0,0,49,2,54,3936.0,0,40-49,1,-1.7318367585254395,1.441222758931891,High Value Customers
10031,1976,PhD,Married,16927.0,1,1,2013-10-02,50,20,2,23,3,1,4,5,3,0,4,8,0,0,0,0,0,0,0,49,2,53,4335.0,0,40-49,3,-2.0402773751695857,-0.2508820370072582,Digital Active Customers
5748,1965,Graduation,Married,59754.0,0,1,2012-01-12,96,115,27,44,4,146,139,3,5,2,6,5,0,0,0,0,0,1,0,60,1,475,4964.0,1,50-59,1,0.29262701023619453,1.334691641802877,High Value Customers
2134,1952,Graduation,Single,53700.0,0,1,,94,263,5,233,69,41,83,4,5,5,8,5,0,0,0,0,0,0,0,73,1,694,,0,70+,0,0.8219585798180433,1.164936260124418,Economy Customers
1523,1973,Graduation,Married,59041.0,1,1,2014-07-05,25,69,2,15,2,2,6,2,2,0,4,5,0,0,0,0,0,0,0,52,2,96,4059.0,0,50-59,3,-0.8532565610922059,-0.3196928492940374,Digital Active Customers
9665,1957,PhD,Divorced,54237.0,0,1,,48,267,3,30,4,0,57,4,5,2,5,6,0,0,0,0,0,0,0,68,1,361,,0,60-69,2,-0.11707071020964255,-0.2579325917769458,Mid-Range Customers
4640,1967,Graduation,Divorced,70647.0,0,1,,65,561,85,171,25,123,114,2,4,7,13,2,0,0,0,0,0,0,0,58,1,1079,,0,50-59,4,2.3208566548291802,0.8425064941312755,Store-Focused Customers
3635,1962,PhD,Single,52597.0,0,1,2014-07-05,69,492,0,37,7,0,42,3,6,3,8,5,0,0,0,0,0,0,0,63,1,578,4059.0,0,60-69,0,0.7005325340348956,0.32195577555639177,Economy Customers
3547,1969,Master,Together,41021.0,1,0,,12,14,7,9,6,16,12,2,2,0,3,6,0,0,0,0,0,1,0,56,1,64,,1,50-59,3,-1.4704090062053763,-0.8959527536781912,Digital Active Customers
2456,1975,PhD,Married,40233.0,0,1,,84,80,4,46,0,17,2,5,2,1,5,6,0,0,0,0,0,0,0,50,1,149,,0,40-49,1,-1.1788257064257859,1.2211641936866353,High Value Customers
5633,1980,Graduation,Married,50183.0,1,1,,47,97,12,84,13,10,15,7,3,1,6,5,0,0,0,0,0,0,0,45,2,231,,0,40-49,3,-0.5652910534421951,0.1558436086941716,Digital Active Customers
7801,1959,Graduation,Together,54753.0,0,1,2013-12-09,87,197,107,227,7,59,131,3,5,2,11,4,0,0,0,0,0,0,0,66,1,728,4267.0,0,60-69,0,1.3695241110442335,1.0565240737129271,Economy Customers
10489,1973,Graduation,Married,92955.0,0,0,,35,693,21,925,31,24,84,1,6,7,9,2,1,0,0,0,1,1,0,52,0,1778,,1,50-59,4,2.9254260062131356,-0.13383454826079927,Store-Focused Customers
7011,1973,Graduation,Married,33471.0,1,0,2012-12-10,47,43,2,27,0,9,12,3,3,0,4,7,0,0,0,0,0,0,0,52,1,93,4631.0,0,50-59,3,-1.5043780076239186,-0.15708761864921292,Digital Active Customers
2620,1974,PhD,Married,34596.0,1,0,,48,14,0,2,0,0,7,1,1,0,2,8,0,0,0,0,0,1,0,51,1,23,,1,50-59,3,-2.2657712648186594,0.042786385898662224,Digital Active Customers
3933,1980,Graduation,Together,44010.0,1,0,,46,186,36,234,86,72,48,6,10,2,6,9,0,0,0,0,0,0,0,45,1,662,,0,40-49,0,-0.003087436956408005,-1.367964063106521,Economy Customers
10981,1988,Graduation,Married,84219.0,0,0,2014-02-02,27,434,137,400,45,137,45,1,3,4,10,1,0,0,0,0,0,0,0,37,0,1198,4212.0,0,30-39,4,1.9782596184560044,0.16222026137848378,Store-Focused Customers
1734,1968,PhD,Together,40706.0,2,1,,37,59,0,11,4,2,5,4,3,0,4,7,0,0,0,0,0,0,0,57,3,81,,0,50-59,3,-1.3170070792355908,-0.4490785367044402,Digital Active Customers
10995,1988,2n Cycle,Married,15716.0,1,0,2012-12-11,8,16,5,30,8,7,26,3,3,0,4,8,0,0,0,0,0,0,1,37,1,92,4630.0,0,30-39,3,-2.196458233091291,-1.4657709509334498,Digital Active Customers
6357,1959,2n Cycle,Divorced,59052.0,0,1,,29,230,35,75,63,57,31,3,7,1,7,5,0,0,0,0,0,0,0,66,1,491,,0,60-69,2,0.762798474325855,-0.9656871398306888,Mid-Range Customers
9209,1971,Master,Together,80573.0,0,0,,85,829,138,430,60,92,15,1,4,6,13,2,0,0,0,0,0,0,0,54,0,1564,,0,50-59,4,2.870161238943968,1.4796480801783793,Store-Focused Customers
10286,1962,Graduation,Married,83715.0,0,0,2014-03-02,2,318,8,407,150,35,8,1,2,8,13,0,0,0,0,0,0,0,0,63,0,926,4184.0,0,60-69,4,2.5256640203670244,-0.4675806202023336,Store-Focused Customers
2611,1959,Master,Together,82576.0,0,0,2012-01-08,66,1206,55,445,168,18,18,1,2,4,12,1,0,0,0,0,1,0,0,66,0,1910,4968.0,1,60-69,4,3.0905834147286972,1.299465201738606,Store-Focused Customers
1600,1965,Master,Married,56962.0,2,1,2013-11-10,60,292,3,77,10,3,26,7,6,3,5,7,0,0,0,0,0,0,0,60,3,411,4296.0,0,50-59,2,-0.14413468235670218,-0.1358802646270936,Mid-Range Customers
3308,1952,Graduation,Married,35704.0,1,1,2014-03-01,54,30,9,12,2,11,30,3,2,0,4,4,0,0,0,0,0,0,0,73,2,94,4185.0,0,70+,1,-0.8613113416832067,0.5411398761018108,High Value Customers
5407,1954,Graduation,Together,53103.0,0,1,2013-12-09,70,729,17,133,11,0,195,5,10,6,7,7,0,0,1,0,0,0,0,71,1,1085,4267.0,1,70+,0,1.3186965652915374,-0.4551841265268269,Economy Customers
2166,1960,2n Cycle,Widow,46779.0,1,1,2013-12-07,55,12,1,3,0,0,7,1,0,1,2,4,0,0,0,0,0,0,0,65,2,23,4269.0,0,60-69,1,-1.3731276874122262,0.937583761792529,High Value Customers
3955,1965,Graduation,Divorced,4861.0,0,0,,20,2,1,1,1,0,1,0,0,0,0,14,0,0,0,0,0,0,0,60,0,6,,0,50-59,3,-4.07687635382431,-1.589716817769541,Digital Active Customers
6634,1979,Master,Divorced,33462.0,1,0,2013-07-08,78,22,3,18,0,0,11,1,2,0,3,7,0,0,0,0,0,0,0,46,1,54,4421.0,0,40-49,1,-1.884608652860768,0.9392198892890297,High Value Customers
3056,1978,Graduation,Divorced,63693.0,0,1,,63,587,43,337,42,87,54,3,11,6,9,6,0,0,0,0,0,0,0,47,1,1150,,0,40-49,0,1.8396554386448243,-0.5828144167380341,Economy Customers
5718,1950,Graduation,Married,80763.0,0,0,,17,674,168,108,192,42,231,1,5,11,6,3,1,0,0,0,1,1,0,75,0,1415,,1,70+,2,1.9574816853862935,-0.7278395503432784,Mid-Range Customers
6872,1974,PhD,Married,65352.0,0,1,,43,284,3,84,4,7,23,2,4,2,8,4,0,0,0,0,0,0,0,51,1,405,,0,50-59,2,0.5205814895866167,0.029598417610538715,Mid-Range Customers
8164,1978,PhD,Married,82170.0,0,0,,13,1023,93,651,49,55,37,1,5,6,7,2,0,0,0,0,0,0,0,47,0,1908,,0,40-49,4,2.337233500300466,-0.6326499727006473,Store-Focused Customers
4580,1969,Graduation,Married,75759.0,0,0,,46,1394,22,708,89,91,182,1,9,7,9,5,1,0,1,0,1,1,0,56,0,2486,,1,50-59,0,3.1911741384766152,-0.6916145889226362,Economy Customers
9305,1976,2n Cycle,Single,79689.0,0,0,2013-12-05,65,311,26,640,180,37,121,1,4,9,13,2,0,0,0,0,0,0,0,49,0,1315,4271.0,0,40-49,4,2.573743066119575,0.8997433003486808,Store-Focused Customers
453,1956,PhD,Widow,35340.0,1,1,,1,27,0,12,0,1,5,2,2,0,3,5,0,0,0,0,0,0,0,69,2,45,,0,60-69,3,-1.2753065072174932,-1.144049001506269,Digital Active Customers
8545,1954,Graduation,Divorced,85683.0,0,0,,6,1296,17,311,45,69,51,1,2,4,10,1,1,1,0,1,1,1,0,71,0,1789,,1,70+,4,2.8027367679482036,-0.449130379982991,Store-Focused Customers
9850,1972,2n Cycle,Married,24884.0,1,0,,32,3,6,7,0,0,3,1,0,0,3,7,0,0,0,0,0,0,0,53,1,19,,0,50-59,3,-2.2637066286024137,-0.2231997619977312,Digital Active Customers
7378,1981,Master,Together,42021.0,1,0,,34,393,5,136,7,5,27,5,10,1,6,9,0,0,1,0,0,0,0,44,1,573,,1,40-49,0,-0.13170060040973813,-1.7277340130570122,Economy Customers
7646,1989,Graduation,Single,64449.0,1,0,,70,218,63,282,137,35,70,4,5,3,12,4,0,0,0,0,0,0,0,36,1,805,,0,30-39,0,1.371474710678595,0.6589247626051591,Economy Customers
1640,1954,Graduation,Divorced,64587.0,1,1,,49,66,0,16,0,6,20,2,1,1,4,3,0,0,0,0,0,0,0,71,2,108,,0,70+,1,-0.3132317418612225,0.7607352358040292,High Value Customers
5184,1995,Graduation,Single,34824.0,0,0,,65,4,2,11,2,0,4,1,1,0,2,6,0,0,0,0,0,0,0,30,0,23,,0,18-29,3,-2.2198568456613232,0.9041170352806654,Digital Active Customers
8492,1978,Graduation,Together,75437.0,0,0,2013-09-11,25,795,0,545,95,58,0,1,8,4,10,6,1,0,0,0,0,0,0,47,0,1493,4356.0,1,40-49,0,2.0860900510484046,-1.3152441460387663,Economy Customers
11188,1957,Graduation,Together,26091.0,1,1,,84,15,10,19,8,17,20,3,2,1,3,5,0,0,0,0,0,0,0,68,2,89,,0,60-69,1,-1.4015237417065154,1.3029033276655484,High Value Customers
1212,1973,Graduation,Married,52845.0,1,0,,7,384,25,292,130,41,64,3,8,8,6,6,0,0,1,0,0,0,0,52,1,936,,1,50-59,2,0.6680883558096109,-1.844798370275481,Mid-Range Customers
9097,1956,Graduation,Divorced,46086.0,0,1,2013-03-11,34,244,8,32,7,2,50,4,3,1,8,4,0,0,0,0,0,0,0,69,1,343,4540.0,0,60-69,2,0.2027462655954277,-0.23048691595053555,Mid-Range Customers
10473,1956,PhD,Widow,78028.0,0,1,2012-10-09,38,158,19,288,25,0,38,1,6,4,9,7,0,0,0,1,1,1,0,69,1,528,4693.0,1,60-69,2,1.0434041174740538,-0.8471083412722634,Mid-Range Customers
7962,1987,PhD,Single,95169.0,0,0,2013-09-10,1,1285,21,449,106,20,20,1,4,3,4,1,1,0,0,0,1,1,0,38,0,1901,4357.0,1,30-39,4,2.0394887818744363,-0.5797569991029992,Store-Focused Customers
9984,1981,2n Cycle,Married,56337.0,1,1,,25,349,16,144,28,5,182,5,8,5,4,8,1,0,1,0,0,1,0,44,2,724,,1,40-49,2,-0.14179581107671246,-1.5063198014108736,Mid-Range Customers
5527,1987,Graduation,Together,22434.0,1,0,,25,4,12,11,3,13,15,2,2,0,3,8,0,0,0,0,0,0,0,38,1,58,,0,30-39,3,-2.359916389508034,-0.7891424902406464,Digital Active Customers
6374,1954,PhD,Married,36930.0,0,1,,50,223,2,31,0,2,39,5,5,2,4,8,0,0,0,0,0,0,0,71,1,297,,0,70+,1,-0.9100367547061492,-0.5228488956026137,High Value Customers
7453,1954,Graduation,Single,36130.0,0,1,2013-02-02,46,157,43,127,68,56,37,6,3,8,4,4,0,0,1,0,0,1,0,71,1,488,4577.0,1,70+,1,-0.4164959053231103,0.17859427460117314,High Value Customers
8952,1953,Master,Married,65569.0,0,1,2012-05-11,96,397,46,288,20,38,70,2,6,5,10,3,0,0,0,0,0,0,0,72,1,859,4844.0,0,70+,0,1.9034150956222053,1.3723109841592158,Economy Customers
241,1952,Graduation,Together,83844.0,0,0,2013-12-05,57,901,31,345,75,31,191,1,4,4,11,1,0,0,0,0,1,0,0,73,0,1574,4271.0,1,70+,4,3.0385982622787733,0.7781036877767417,Store-Focused Customers
8975,1968,Graduation,Married,19514.0,1,1,,47,14,3,21,2,1,28,4,3,1,2,8,0,0,1,0,0,0,0,57,2,69,,1,50-59,3,-2.1677977120449485,-0.31393782812437165,Digital Active Customers
6119,1963,PhD,Single,36736.0,1,1,2013-10-05,52,10,0,3,0,0,4,1,1,0,2,6,0,0,0,0,0,0,0,62,2,17,4332.0,0,60-69,1,-1.780709315861147,0.4144422019867758,High Value Customers
5236,1979,Graduation,Together,77568.0,0,1,,30,1230,0,396,232,178,158,1,10,2,8,5,1,0,0,1,1,0,0,46,1,2194,,1,40-49,0,2.832811316766492,-1.233234156345628,Economy Customers
5723,1976,PhD,Together,49187.0,0,1,2014-11-01,63,81,1,31,2,1,0,1,1,1,5,2,0,0,0,0,0,0,0,49,1,116,3940.0,0,40-49,1,-0.5756281056431131,1.3225532406705907,High Value Customers
1710,1978,Graduation,Single,30168.0,1,0,2013-07-03,51,154,20,66,0,12,27,7,6,1,4,9,0,0,0,0,0,0,0,47,1,279,4426.0,0,40-49,3,-1.3817046606923864,-0.7037599420376605,Digital Active Customers
1970,1968,Master,Together,34053.0,0,1,2012-10-09,14,63,0,21,7,0,12,1,3,0,3,8,0,0,0,0,0,0,0,57,1,103,4693.0,0,50-59,3,-1.729400103599352,-1.2743044248727031,Digital Active Customers
5313,1971,Master,Married,38196.0,1,1,,20,30,0,11,0,0,3,3,2,0,4,5,0,0,0,0,0,0,0,54,2,44,,0,50-59,3,-1.2643681865523715,-0.5407955371504161,Digital Active Customers
10634,1951,Master,Married,59412.0,0,0,,56,90,67,165,30,43,11,1,4,2,8,3,0,0,0,0,0,0,0,74,0,406,,0,70+,2,0.8631528622242447,0.46176216216446936,Mid-Range Customers
7010,1965,2n Cycle,Married,70924.0,0,0,2014-07-04,41,635,114,254,132,152,76,1,6,6,7,3,0,0,0,0,1,0,0,60,0,1363,4060.0,1,50-59,4,1.8211463842694786,-0.1446077467025569,Store-Focused Customers
8562,1969,Graduation,Together,54165.0,0,0,,72,127,4,73,15,6,11,1,2,1,7,2,0,0,0,0,0,0,0,56,0,236,,0,50-59,1,0.13621294156184732,1.4070622898611258,High Value Customers
3158,1973,Graduation,Married,32300.0,1,0,2013-03-01,1,13,3,6,6,5,6,1,1,0,3,8,0,0,0,0,0,0,0,52,1,39,4550.0,0,50-59,3,-2.149900800074535,-1.3910671368790462,Digital Active Customers
4436,1976,Graduation,Single,20180.0,0,0,,27,18,42,24,15,20,18,1,2,1,4,7,0,0,0,0,0,0,0,49,0,137,,0,40-49,3,-1.8940640734717802,-0.65573956941206,Digital Active Customers
5287,1973,Graduation,Married,34961.0,1,0,,77,45,2,26,4,1,1,3,3,1,3,7,0,0,0,0,0,0,0,52,1,79,,0,50-59,1,-1.62561545616263,0.7642908033957693,High Value Customers
2445,1974,PhD,Together,28440.0,1,0,2013-07-07,87,38,1,24,0,0,0,1,2,0,3,8,0,0,0,0,0,0,0,51,1,63,4422.0,0,50-59,1,-2.0580719788766446,1.0330696314073573,High Value Customers
6059,1953,PhD,Together,64504.0,1,2,2013-04-03,81,986,36,168,16,0,108,7,11,3,4,7,0,0,0,0,0,1,0,72,3,1314,4517.0,1,70+,0,1.4370159409329708,-0.1578330678007803,Economy Customers
4550,1966,Master,Together,33564.0,0,1,,51,61,0,3,0,0,7,1,1,1,3,5,0,0,0,0,0,0,0,59,1,71,,0,50-59,1,-1.5342371633321765,0.5031754967850602,High Value Customers
4240,1978,Graduation,Married,17345.0,1,0,2012-03-11,79,4,9,16,17,0,12,2,2,1,2,8,0,0,0,0,0,0,0,47,1,58,4905.0,0,40-49,1,-2.4703534050935385,0.795997560267363,High Value Customers
8911,1967,PhD,Married,56320.0,0,1,2013-08-04,11,201,53,172,116,77,83,3,5,4,9,4,0,0,0,0,0,0,0,58,1,702,4394.0,0,50-59,2,0.9609444259018363,-1.1303354453321368,Mid-Range Customers
3706,1978,Graduation,Single,28647.0,1,0,,54,19,8,29,0,12,26,1,2,2,2,7,0,0,1,0,0,1,0,47,1,94,,1,40-49,3,-2.081118799689378,0.22794302084647167,Digital Active Customers
3628,1987,Basic,Single,15038.0,1,0,,93,4,8,11,19,12,26,2,2,1,2,9,0,0,0,0,0,0,0,38,1,80,,0,30-39,1,-2.760669531413603,1.0947177540257813,High Value Customers
10175,1958,PhD,Divorced,32173.0,0,1,2013-01-08,0,18,0,2,0,0,2,1,1,0,3,4,0,0,0,0,0,0,0,67,1,22,4602.0,0,60-69,3,-1.3594316163473368,-0.9060663692540498,Digital Active Customers
8985,1964,2n Cycle,Together,68316.0,0,1,2012-04-11,54,806,80,161,120,11,33,5,10,7,10,6,0,0,0,0,0,0,0,61,1,1211,4874.0,0,60-69,0,2.1686709307408956,-0.7776303132835639,Economy Customers
5204,1971,Graduation,Together,74538.0,0,0,,21,380,98,733,110,112,28,1,8,8,5,3,0,0,0,0,1,1,0,54,0,1461,,1,50-59,4,1.8626268108994113,-0.9228389199535332,Store-Focused Customers
9220,1971,Graduation,Single,91700.0,0,0,,58,576,172,961,125,115,19,1,8,6,5,3,0,0,0,0,0,1,0,54,0,1968,,1,50-59,4,2.6226933110977804,0.2299380042634152,Store-Focused Customers
9888,1969,Graduation,Together,68695.0,0,0,,3,458,81,356,106,50,40,1,4,4,7,2,0,0,0,0,0,0,0,56,0,1091,,0,50-59,4,1.3758645536635887,-0.8681296148233156,Store-Focused Customers
5263,1977,2n Cycle,Married,31056.0,1,0,,99,5,10,13,3,8,16,1,1,0,3,8,0,0,0,0,0,0,0,48,1,55,,0,40-49,1,-2.1837144341970207,1.538441065211862,High Value Customers
1020,1973,Graduation,Married,79593.0,0,0,2014-12-05,70,350,60,568,110,133,145,1,5,6,7,2,0,0,0,0,1,0,0,52,0,1366,3906.0,1,50-59,4,1.9125045248709291,1.044709707235473,Store-Focused Customers
9503,1980,Graduation,Single,28071.0,0,0,,65,39,33,130,41,26,44,2,5,1,5,8,0,0,0,0,0,0,0,45,0,313,,0,40-49,1,-1.2476026546721024,-0.03858764296315872,High Value Customers
10613,1958,PhD,Together,37334.0,1,1,,44,26,1,16,2,2,15,4,3,0,4,4,0,0,0,0,0,0,0,67,2,62,,0,60-69,1,-0.8048961259184058,0.1395381056590339,High Value Customers
67,1972,Master,Single,46423.0,1,1,,6,68,0,16,0,0,8,3,2,0,4,7,0,0,0,0,0,0,0,53,2,92,,0,50-59,3,-1.3933474704326867,-1.2119071933778256,Digital Active Customers
6019,1971,PhD,Married,37126.0,1,0,,9,45,3,9,4,4,7,1,1,2,2,6,0,0,1,0,0,1,0,54,1,72,,1,50-59,3,-1.8421175223080728,-0.8388637553295127,Digital Active Customers
5863,1953,Graduation,Married,47703.0,0,1,,95,359,0,134,13,26,123,4,6,3,8,5,0,0,0,0,0,0,0,72,1,655,,0,70+,0,0.7966397168236863,1.0501515691386079,Economy Customers
3717,1959,Graduation,Married,61180.0,0,1,,70,403,24,29,6,24,218,2,5,5,6,3,0,0,1,0,0,0,0,66,1,704,,1,60-69,4,0.8894909060351505,0.8253969981503645,Store-Focused Customers
6730,1954,Graduation,Married,38998.0,1,1,2012-03-11,92,34,1,14,0,0,5,3,2,0,3,8,0,0,0,0,0,0,1,71,2,54,4905.0,0,70+,1,-1.608425347561127,1.147660980975837,High Value Customers
10749,1991,Graduation,Single,8028.0,0,0,,62,73,18,66,7,12,2,15,0,1,0,19,0,0,0,0,0,0,0,34,0,178,,0,30-39,3,-4.963281958701,-0.9488653070670451,Digital Active Customers
4998,1962,Graduation,Together,76081.0,0,0,,85,292,30,415,63,33,200,1,4,5,4,2,1,0,0,0,0,0,0,63,0,1033,,1,60-69,4,1.141316373774146,1.6432409095202873,Store-Focused Customers
6287,1986,Graduation,Together,34728.0,1,0,,2,14,0,16,0,0,6,1,1,1,2,6,0,0,0,0,0,1,0,39,1,36,,1,30-39,3,-2.112571155753254,-1.0039145298986354,Digital Active Customers
5985,1965,Master,Single,33168.0,0,1,,0,80,1,37,0,1,3,3,2,1,4,7,0,0,0,0,0,0,0,60,1,122,,0,50-59,3,-1.5286782090685187,-1.4564214817586199,Digital Active Customers
4754,1966,Master,Married,33585.0,0,1,,91,30,11,33,13,6,29,1,2,0,4,4,0,0,0,0,0,0,0,59,1,122,,0,50-59,1,-1.0473432488281145,1.6841231170365543,High Value Customers
4002,1960,PhD,Married,77037.0,0,1,,3,463,96,333,168,53,10,1,7,7,12,3,0,0,0,0,0,0,0,65,1,1123,,0,60-69,2,2.649613647853483,-1.5155491824745695,Mid-Range Customers
8870,1984,Graduation,Together,35196.0,1,0,,68,75,12,141,43,39,187,6,6,1,5,8,0,0,0,0,0,1,0,41,1,497,,1,40-49,1,-0.8765338495794268,-0.04390507967652146,High Value Customers
966,1966,Graduation,Married,44529.0,0,1,2013-05-07,98,538,13,91,17,6,26,6,6,2,11,5,0,0,0,1,0,0,0,59,1,691,4483.0,1,50-59,0,1.0384574339386168,1.1052078967330163,Economy Customers
4767,1965,2n Cycle,Married,70924.0,0,0,2014-07-04,41,635,114,254,132,152,76,1,6,6,7,3,0,0,0,0,1,0,0,60,0,1363,4060.0,1,50-59,4,1.8211463842694786,-0.1446077467025569,Store-Focused Customers
9725,1966,PhD,Together,28764.0,1,1,2014-05-06,16,8,0,3,0,0,1,1,1,0,2,8,0,0,1,0,0,0,0,59,2,12,4119.0,1,50-59,3,-2.2906288217856106,-0.9560934028808087,Digital Active Customers
4475,1949,PhD,Married,69098.0,0,0,,82,1315,22,780,145,0,178,1,7,8,9,5,0,0,0,0,0,0,0,76,0,2440,,0,70+,0,3.029240782674878,0.5513210234144781,Economy Customers
5740,1970,2n Cycle,Divorced,25959.0,1,1,,1,4,2,12,7,5,26,2,1,2,2,6,0,0,0,0,0,1,0,55,2,56,,1,50-59,3,-2.054781704065416,-1.115715404518729,Digital Active Customers
5731,1983,Master,Married,27100.0,1,0,2013-05-04,64,12,0,13,2,0,10,1,1,0,3,7,0,0,0,0,0,0,0,42,1,37,4486.0,0,40-49,1,-2.20669979650558,0.6450390275425713,High Value Customers
7290,1985,Graduation,Single,70596.0,0,0,2012-05-10,68,347,44,534,17,0,26,1,3,5,12,2,0,0,0,0,0,0,0,40,0,968,4845.0,0,30-39,4,1.7168131679183323,1.1455854162492953,Store-Focused Customers
3846,1974,Graduation,Married,42557.0,0,1,,98,192,5,53,0,5,15,4,6,1,4,8,0,0,0,0,0,0,0,51,1,270,,0,50-59,1,-0.938219920907947,0.8637066760128668,High Value Customers
8104,1951,PhD,Married,53312.0,0,0,2013-09-08,32,241,0,12,0,0,25,1,5,1,5,7,0,0,0,0,0,0,0,74,0,278,4359.0,0,70+,2,-0.28524289578088374,-0.8987596342141752,Mid-Range Customers
4507,1952,Graduation,Single,72228.0,0,0,,87,631,28,491,30,14,56,1,6,7,8,3,0,0,0,0,0,0,0,73,0,1250,,0,70+,4,2.0765909689323543,1.164227469752236,Store-Focused Customers
11013,1987,Graduation,Together,67605.0,0,0,,84,336,28,282,184,54,54,1,2,8,6,1,0,0,0,0,0,0,0,38,0,938,,0,30-39,4,0.759636069856253,2.026888044367176,Store-Focused Customers
4491,1949,Master,Married,62845.0,1,1,2012-01-10,3,1099,0,45,0,0,34,11,3,4,10,8,0,0,0,1,0,0,0,76,2,1178,4966.0,1,70+,2,0.9799923981717497,-1.742549375417009,Mid-Range Customers
3759,1958,Graduation,Together,65196.0,0,2,,34,743,19,181,12,0,200,2,7,6,11,5,0,0,1,0,0,0,0,67,2,1155,,1,60-69,2,2.035520955121657,-0.8964769156726926,Mid-Range Customers
1162,1987,PhD,Single,42000.0,0,0,2013-10-01,23,124,83,267,85,59,35,2,5,2,11,5,0,0,0,0,0,1,0,38,0,653,4336.0,1,30-39,2,0.5346827902245616,-0.9366906876456488,Mid-Range Customers
2055,1973,PhD,Divorced,35860.0,1,1,,37,15,0,8,4,2,20,2,1,1,2,5,0,0,1,0,0,0,0,52,2,49,,1,50-59,3,-1.749561820429395,0.139847892093993,Digital Active Customers
10766,1964,PhD,Married,65526.0,0,1,2014-11-04,22,397,19,69,12,0,9,1,4,4,8,2,0,0,0,0,0,0,0,61,1,506,3937.0,0,60-69,2,1.0389634130421739,-0.34725719810633204,Mid-Range Customers
4415,1961,Graduation,Married,16860.0,1,1,2012-12-09,19,10,4,4,3,3,14,3,1,1,3,7,0,0,0,0,0,0,0,64,2,38,4632.0,0,60-69,3,-2.1276968741328393,-0.8026048056549591,Digital Active Customers
3005,1992,Graduation,Single,83528.0,0,0,2014-01-05,7,530,117,678,134,44,147,1,4,10,8,1,1,0,1,0,0,1,0,33,0,1650,4240.0,1,30-39,4,2.1300929402750826,-0.5096640531197887,Store-Focused Customers
2223,1965,2n Cycle,Divorced,64176.0,0,1,2012-03-08,52,1215,33,249,64,116,149,8,8,9,8,6,0,0,0,0,0,0,0,60,1,1826,4908.0,0,50-59,0,2.038317405476153,-0.5474039043634861,Economy Customers
4817,1956,Graduation,Divorced,22304.0,0,0,2012-04-08,91,3,2,7,0,4,2,1,1,0,2,8,0,0,0,0,0,0,0,69,0,18,4877.0,0,60-69,1,-2.257113857065557,1.2243080342539743,High Value Customers
2875,1978,Graduation,Married,67023.0,0,0,2014-04-03,93,444,44,382,11,8,17,1,3,7,13,2,0,0,0,0,0,0,1,47,0,906,4152.0,0,40-49,4,1.8404580732871603,1.8332697451529294,Store-Focused Customers
10536,1971,PhD,Together,32892.0,1,0,,78,26,0,15,2,1,2,2,3,0,3,8,0,0,0,0,0,0,0,54,1,46,,0,50-59,1,-1.8198588011165784,0.6395628408870522,High Value Customers
11112,1966,Graduation,Together,70713.0,0,1,2012-03-12,23,736,114,279,82,76,190,6,5,6,8,3,0,0,0,0,0,0,0,59,1,1477,4904.0,0,50-59,4,1.9083735402789184,-0.572414603171561,Store-Focused Customers
3807,1955,Graduation,Together,59925.0,0,1,,83,473,21,176,19,21,56,3,9,2,9,6,0,0,0,0,0,0,0,70,1,766,,0,60-69,0,1.4813802986731575,0.18487684732239704,Economy Customers
9197,1953,Graduation,Married,39722.0,0,1,,92,32,0,5,2,0,8,2,2,0,3,5,0,0,0,0,0,0,0,72,1,47,,0,70+,1,-1.127074172723135,1.571021712325967,High Value Customers
10832,1958,Graduation,Together,46610.0,0,0,,4,288,10,30,4,10,125,1,6,1,6,6,0,0,0,0,0,0,0,67,0,467,,0,60-69,2,0.08238415908786013,-1.742456580598416,Mid-Range Customers
6421,1961,Graduation,Together,88347.0,0,0,2013-03-07,32,1050,178,555,77,138,118,1,4,7,9,1,1,0,0,0,0,0,0,64,0,2116,4544.0,1,60-69,4,3.1652749526044652,0.11923174667714224,Store-Focused Customers
4207,1981,PhD,Married,87171.0,0,0,2013-01-05,27,1001,44,107,58,44,44,1,6,7,11,2,0,0,1,0,1,0,0,44,0,1298,4605.0,1,40-49,4,2.5988005881166285,-0.4051432078899553,Store-Focused Customers
577,1976,2n Cycle,Together,26907.0,1,1,,10,9,1,7,0,3,2,2,1,0,3,7,0,0,0,0,0,0,0,49,2,22,,0,40-49,3,-2.148044866003818,-0.9881503850693136,Digital Active Customers
10855,1968,Master,Single,50014.0,1,0,,9,234,14,77,19,10,42,2,4,1,8,5,0,0,0,0,0,0,0,57,1,396,,0,50-59,2,0.13891131611923357,-1.1935622048597607,Mid-Range Customers
3081,1978,PhD,Married,41014.0,1,0,,65,7,2,6,2,0,3,1,1,0,2,7,0,0,0,0,0,0,0,47,1,20,,0,40-49,1,-2.0408370284816,0.724600684108643,High Value Customers
3535,1965,Graduation,Single,66294.0,0,0,,68,251,108,334,65,92,117,1,4,3,5,2,0,0,0,0,0,0,0,60,0,967,,0,50-59,4,1.0042970310618857,1.093805474464651,Store-Focused Customers
247,1971,Graduation,Married,36715.0,1,0,,16,172,10,125,21,13,16,6,7,2,4,9,0,0,0,0,0,1,0,54,1,357,,1,50-59,3,-0.9799015727360826,-1.8796153221997887,Digital Active Customers
8707,1956,Graduation,Married,79456.0,0,0,,12,565,42,548,64,83,99,1,5,6,4,3,0,0,0,0,0,1,0,69,0,1401,,1,60-69,2,1.5507364933664525,-0.8151167768372477,Mid-Range Customers
9523,1982,Graduation,Together,40479.0,1,0,,95,5,0,8,2,0,0,1,0,0,3,4,0,0,0,0,0,0,0,43,1,15,,0,40-49,1,-1.6243137717573637,2.161442593886132,High Value Customers
6072,1970,Master,Single,75345.0,0,0,2013-02-02,16,918,57,842,99,38,133,1,5,8,6,3,1,0,0,0,0,1,0,55,0,2087,4577.0,1,50-59,4,2.1642025074652476,-0.7119998877830338,Store-Focused Customers
6295,1977,Graduation,Married,54233.0,0,1,2013-04-02,46,652,8,158,21,0,142,4,11,6,5,8,0,0,0,0,0,0,0,48,1,981,4518.0,0,40-49,0,0.6369282537899046,-1.313454954313711,Economy Customers
10914,1970,Graduation,Single,24163.0,1,1,2013-12-10,3,4,1,7,2,1,2,2,1,0,3,4,0,0,0,0,0,0,0,55,2,17,4266.0,0,50-59,3,-1.6677687066005837,-0.8012507191120449,Digital Active Customers
1509,1958,PhD,Together,84460.0,0,0,2013-04-01,80,152,27,103,106,54,81,0,9,9,4,5,1,1,0,1,1,1,0,67,0,523,4519.0,1,60-69,0,1.1223386823821766,0.43980024480584023,Economy Customers
5577,1983,Graduation,Together,43776.0,1,0,2014-03-05,77,8,0,9,2,1,3,1,1,0,2,6,0,0,0,0,0,0,0,42,1,23,4181.0,0,40-49,1,-1.8938151071271758,1.2492484037372718,High Value Customers
7348,1958,PhD,Single,71691.0,0,0,,0,336,130,411,240,32,43,1,4,7,5,2,0,0,0,0,0,1,0,67,0,1192,,1,60-69,2,1.3662723198366338,-0.9406944926012644,Mid-Range Customers
1127,1973,PhD,Married,85844.0,0,0,,62,938,19,843,25,95,38,1,6,6,7,2,0,0,0,0,1,0,0,52,0,1958,,1,50-59,4,2.6593489388040825,0.6922768164210635,Store-Focused Customers
1833,1974,PhD,Single,39190.0,1,0,,91,68,8,18,19,8,12,2,2,1,4,5,0,0,0,0,0,0,0,51,1,133,,0,50-59,1,-1.1893438856871776,1.5873465032026415,High Value Customers
4944,1959,Graduation,Together,71367.0,0,0,,24,227,23,389,42,21,75,1,4,5,7,2,0,0,0,0,0,0,0,66,0,777,,0,60-69,4,1.2961140130277802,-0.2655143069674983,Store-Focused Customers
9080,1972,PhD,Single,38578.0,1,1,,2,38,4,22,3,3,3,3,3,0,3,8,0,0,0,0,0,0,0,53,2,73,,0,50-59,3,-1.7245321328933132,-1.6038105902719417,Digital Active Customers
6466,1965,PhD,Married,57236.0,1,1,2014-12-03,22,105,0,9,2,1,4,3,2,1,4,3,0,0,0,0,0,0,0,60,2,121,3908.0,0,50-59,3,-0.4567792958292501,-0.1591188220521561,Digital Active Customers
9964,1979,Graduation,Single,61825.0,0,1,2013-07-08,56,162,50,100,55,30,27,1,4,2,8,4,0,0,0,0,0,0,0,46,1,424,4421.0,0,40-49,4,0.4096185246184957,0.4226183261490541,Store-Focused Customers
4790,1958,Graduation,Divorced,79803.0,0,1,2014-02-06,54,574,8,216,21,16,33,1,4,3,5,1,0,0,0,0,0,0,0,67,1,868,4208.0,0,60-69,4,1.414445553777125,0.8377635391133506,Store-Focused Customers
10245,1986,2n Cycle,Single,80910.0,0,0,,71,160,80,369,67,39,41,1,3,3,8,1,0,0,0,0,0,0,0,39,0,756,,0,30-39,4,1.2900185095314733,1.5047326673718366,Store-Focused Customers
1109,1982,Master,Together,27590.0,1,0,,38,6,0,5,0,0,1,1,1,0,2,7,0,0,0,0,0,0,0,43,1,12,,0,40-49,3,-2.358874567006375,-0.10861326800388729,Digital Active Customers
6001,1979,Graduation,Married,56775.0,0,1,2013-02-01,62,614,35,160,58,35,35,2,5,8,10,5,0,0,0,0,0,0,0,46,1,937,4578.0,0,40-49,0,1.0196665264108367,0.2654158370798142,Economy Customers
5538,1975,Graduation,Divorced,83829.0,0,0,2013-08-10,78,897,161,430,186,161,27,0,4,7,6,1,1,0,1,0,1,1,0,50,0,1862,4388.0,1,40-49,4,2.261456084208706,1.5930143621269544,Store-Focused Customers
10552,1979,2n Cycle,Married,54210.0,0,1,,18,70,54,109,80,9,45,2,4,1,7,5,0,0,0,0,0,0,0,46,1,367,,0,40-49,2,-0.09163693081037518,-0.851988948635286,Mid-Range Customers
1545,1986,Graduation,Married,38508.0,1,0,2013-02-08,95,120,19,206,25,19,54,6,7,2,5,8,0,0,0,0,0,0,0,39,1,443,4571.0,0,30-39,1,-0.7451547884039614,0.6488611521423194,High Value Customers
7409,1970,Graduation,Together,53187.0,1,0,,66,211,2,30,7,7,10,2,4,1,6,5,0,0,0,0,0,0,0,55,1,267,,0,50-59,1,-0.2116345305642166,0.5679466017941058,High Value Customers
4444,1972,Graduation,Married,30023.0,1,0,,28,11,0,16,7,6,21,1,2,0,3,8,0,0,0,0,0,0,0,53,1,61,,0,50-59,3,-2.0208672411021644,-0.7266580133313815,Digital Active Customers
146,1960,PhD,Single,76045.0,0,0,,78,760,53,400,17,93,0,1,4,5,11,2,1,0,0,0,0,0,0,65,0,1323,,1,60-69,4,2.429899652979553,1.2667314235979241,Store-Focused Customers
6271,1952,PhD,Married,50870.0,0,1,,13,53,0,8,0,0,2,1,2,0,3,5,0,0,0,0,0,0,0,73,1,63,,0,70+,3,-0.9134948857314337,-0.7512072723394656,Digital Active Customers
10065,1970,2n Cycle,Married,15315.0,0,0,2013-03-08,27,7,4,13,15,8,17,2,2,0,4,5,0,0,0,0,0,0,0,55,0,64,4543.0,0,50-59,3,-1.6625589977297264,-0.4079191867759496,Digital Active Customers
4741,1974,2n Cycle,Married,65463.0,1,0,,17,391,32,70,21,32,16,2,6,2,9,5,0,0,0,1,0,0,0,51,1,562,,1,50-59,2,0.9055441852876921,-1.1687842794907448,Mid-Range Customers
246,1965,Graduation,Married,66480.0,1,1,,71,199,9,57,20,21,6,7,4,1,7,4,0,0,0,0,0,0,0,60,2,312,,0,50-59,1,0.4412689443173265,0.8603464813628386,High Value Customers
375,1954,Graduation,Divorced,76773.0,0,0,,79,516,56,449,86,33,16,1,2,2,11,1,0,0,0,0,0,0,0,71,0,1156,,0,70+,4,2.268352909852303,1.6799142752415592,Store-Focused Customers
1524,1983,2n Cycle,Single,81698.0,0,0,2013-01-03,1,709,45,115,30,160,45,1,8,2,5,5,1,0,0,0,0,1,0,42,0,1104,4607.0,1,40-49,2,1.2290388204578133,-1.735796456843278,Mid-Range Customers
10022,1973,PhD,Single,54466.0,1,1,2014-09-02,78,12,0,4,0,0,0,1,1,0,2,5,0,0,0,0,0,0,0,52,2,16,4000.0,0,50-59,1,-1.416267653163137,1.4204040108668676,High Value Customers
7451,1960,Master,Single,98777.0,0,0,,23,1000,19,711,125,115,38,0,4,6,9,1,0,0,0,1,0,0,0,65,0,2008,,1,60-69,4,3.2805685398655773,-0.1186186244538051,Store-Focused Customers
11010,1984,PhD,Single,16269.0,1,0,,75,19,3,18,3,1,0,3,3,0,3,8,0,0,0,0,0,0,0,41,1,44,,0,40-49,1,-2.302049060952524,0.5418059705797781,High Value Customers
4356,1971,Graduation,Together,71819.0,0,1,,70,1224,28,140,0,14,168,3,3,3,5,6,0,0,0,1,1,0,0,54,1,1574,,1,50-59,4,0.7957362497283662,0.7500676302090442,Store-Focused Customers
3885,1983,PhD,Married,33569.0,1,0,,10,16,2,18,3,0,24,1,1,1,2,8,0,0,1,0,0,1,0,42,1,63,,1,40-49,3,-2.377908078154466,-1.0625087696766158,Digital Active Customers
1175,1983,Master,Married,36262.0,0,0,,24,88,39,54,64,28,153,1,3,5,3,6,0,0,1,0,0,1,0,42,0,426,,1,40-49,3,-1.2988239259848136,-0.6380409166912078,Digital Active Customers
880,1966,Basic,Together,22634.0,0,0,,47,2,23,11,8,6,46,1,2,1,2,8,0,0,0,0,0,0,0,59,0,96,,0,50-59,3,-2.1934889792805015,-0.18172792202280533,Digital Active Customers
2320,1978,2n Cycle,Married,47025.0,0,1,2013-12-09,98,508,11,59,23,5,29,5,11,1,6,9,0,0,0,0,0,0,0,47,1,635,4267.0,0,40-49,0,0.2039880017024213,0.05501131040562862,Economy Customers
850,1968,Graduation,Single,70566.0,0,1,2013-06-10,4,381,28,215,84,28,21,2,6,5,9,3,0,0,0,0,0,0,0,57,1,757,4449.0,0,50-59,2,1.5464983593215824,-1.2788815668968543,Mid-Range Customers
4713,1979,PhD,Married,31605.0,1,0,,15,74,0,42,2,1,6,2,2,1,4,7,0,0,0,0,0,0,0,46,1,125,,0,40-49,3,-1.7315189629473184,-0.9670080890885254,Digital Active Customers
675,1973,Master,Divorced,52034.0,1,1,,67,146,0,93,7,13,73,5,4,2,5,7,0,0,0,0,0,0,0,52,2,332,,0,50-59,1,-0.6699195713729728,0.3435378112190779,High Value Customers
5025,1979,Graduation,Single,48526.0,1,0,,32,23,17,23,43,20,9,1,2,1,4,3,0,0,0,0,0,0,0,46,1,135,,0,40-49,3,-0.7860346420718294,0.15869372374331972,Digital Active Customers
2308,1954,Graduation,Married,46734.0,0,1,,40,110,5,137,26,23,29,2,6,1,5,7,0,0,0,0,0,0,0,71,1,330,,0,70+,2,-0.2685739478310018,-0.8007110387463147,Mid-Range Customers
5995,1962,Graduation,Divorced,39552.0,1,1,,54,165,3,147,4,24,41,7,6,2,5,8,0,0,0,0,0,1,0,63,2,384,,1,60-69,1,-0.6106434383259148,-0.5209917999636724,High Value Customers
6749,1966,Graduation,Single,86358.0,1,1,2012-08-08,78,957,47,494,82,47,95,4,5,3,6,8,0,0,0,0,0,0,0,59,2,1722,4755.0,0,50-59,0,1.3645254462509866,0.4519053600202691,Economy Customers
1010,1977,Graduation,Together,46931.0,2,1,,94,41,0,17,3,1,16,2,1,1,3,3,0,0,0,0,0,0,0,48,3,78,,0,40-49,1,-1.0995253418745459,2.146707423873812,High Value Customers
8977,1985,Basic,Single,16581.0,0,0,2013-12-01,51,1,3,4,2,3,11,1,0,0,3,4,0,0,0,0,0,0,0,40,0,24,4275.0,0,30-39,3,-2.1167200521892093,0.7851521225772672,Digital Active Customers
4756,1952,2n Cycle,Divorced,63998.0,0,0,,42,176,29,818,0,33,112,1,7,6,11,4,0,0,0,0,0,1,0,73,0,1168,,1,70+,2,2.257047661713336,-0.5408393912166304,Mid-Range Customers
3412,1951,Master,Married,67381.0,0,1,,67,815,8,53,11,0,70,4,2,2,9,7,0,0,0,1,0,0,0,74,1,957,,1,70+,2,0.7461585968134602,0.48063966156689747,Mid-Range Customers
606,1967,Graduation,Single,25930.0,1,1,2013-10-10,87,6,1,2,2,0,4,1,1,0,2,7,0,0,0,0,0,0,0,58,2,15,4327.0,0,50-59,1,-2.180654393339554,1.295316020953364,High Value Customers
5961,1978,Graduation,Married,42693.0,1,0,2014-07-06,29,8,4,20,6,3,16,1,1,0,3,5,0,0,0,0,0,0,0,47,1,57,4058.0,0,40-49,3,-1.5351850170985475,-0.08278983503051844,Digital Active Customers
2975,1976,Graduation,Together,85606.0,0,1,2012-12-11,89,717,42,864,219,30,84,2,6,7,9,3,1,0,0,0,0,0,0,49,1,1956,4630.0,1,40-49,4,2.7603244307224,1.319329113356632,Store-Focused Customers
2894,1985,Graduation,Single,72903.0,0,0,,74,1067,138,750,0,19,39,1,7,5,8,4,1,0,0,1,1,1,0,40,0,2013,,1,30-39,4,2.282957062298832,0.6142696198276552,Store-Focused Customers
7613,1974,2n Cycle,Together,49669.0,1,0,,97,166,5,107,11,8,29,2,5,1,6,6,0,0,0,0,0,0,0,51,1,326,,0,50-59,1,-0.2915704134724655,1.2228158420231632,High Value Customers
10542,1968,PhD,Married,36778.0,1,1,2012-05-08,63,29,4,34,2,4,4,3,3,0,3,9,0,0,0,0,0,0,0,57,2,77,4847.0,0,50-59,1,-1.8399189598703891,0.053013251064824886,High Value Customers
8015,1962,PhD,Divorced,85696.0,0,0,2013-03-05,88,714,76,395,116,0,12,1,4,6,9,1,0,0,0,0,0,1,0,63,0,1313,4546.0,1,60-69,4,2.4417061300011476,1.7888410597765625,Store-Focused Customers
10617,1989,Master,Divorced,10979.0,0,0,,34,8,4,10,2,2,4,2,3,0,3,5,0,0,0,0,0,0,0,36,0,30,,0,30-39,3,-2.0283589270222975,-0.2550542610642092,Digital Active Customers
11166,1961,Graduation,Married,49678.0,0,1,2013-02-02,81,229,5,56,3,2,20,2,6,2,4,7,0,0,0,0,0,0,0,64,1,315,4577.0,0,60-69,1,-0.4503534453438071,0.476728438499809,High Value Customers
849,1953,Master,Together,56129.0,0,1,,65,320,48,133,39,72,48,4,6,2,10,4,0,0,0,0,0,0,0,72,1,660,,0,70+,0,1.3960593138897464,0.2788856829400328,Economy Customers
523,1989,Graduation,Married,37155.0,1,0,,51,23,0,26,7,15,3,1,2,0,4,5,0,0,0,0,0,0,0,36,1,74,,0,30-39,3,-1.4816415638473062,0.4403470772359945,Digital Active Customers
4066,1978,2n Cycle,Divorced,21282.0,1,0,2014-11-05,76,1,5,8,4,8,20,2,2,1,2,6,0,0,0,0,0,0,0,47,1,46,3936.0,0,40-49,1,-2.1001583136448887,1.0020571776911567,High Value Customers
8414,1962,PhD,Single,33419.0,0,1,,76,56,0,12,0,0,18,2,2,0,4,7,0,0,0,0,0,0,0,63,1,86,,0,60-69,1,-1.4942987876195262,0.7989671719489235,High Value Customers
819,1945,Graduation,Widow,63285.0,0,0,2013-05-11,84,508,124,249,50,38,134,1,6,5,13,3,0,0,0,0,0,0,0,80,0,1103,4479.0,0,70+,0,2.6033384463799187,0.9105392627805525,Economy Customers
4961,1974,Master,Together,21255.0,1,0,,56,29,0,25,2,2,3,4,2,1,4,4,0,0,0,0,0,0,0,51,1,61,,0,50-59,1,-1.4432296462947842,0.6299387957769828,High Value Customers
749,1981,Graduation,Together,42162.0,1,0,,31,46,7,59,2,4,27,2,3,1,3,6,0,0,1,0,0,1,0,44,1,145,,1,40-49,3,-1.3970427497928233,-0.41553509137097117,Digital Active Customers
5430,1956,Graduation,Together,54450.0,1,1,,0,454,0,171,8,19,32,12,9,2,8,8,0,0,0,0,0,0,0,69,2,684,,0,60-69,2,0.8201414239143104,-2.5616945718889275,Mid-Range Customers
7755,1954,PhD,Married,57744.0,0,1,2013-12-11,91,350,3,39,0,0,19,2,9,1,4,8,0,0,0,0,0,0,0,71,1,411,4265.0,0,70+,0,0.11983763462223966,0.24617872577319153,Economy Customers
10525,1986,Graduation,Single,26576.0,1,0,,40,10,0,8,0,0,9,1,1,0,2,9,0,0,1,0,0,1,0,39,1,27,,1,30-39,3,-2.7233982577401212,-0.32172294674081786,Digital Active Customers
1453,1943,PhD,Widow,57513.0,0,0,2013-06-07,59,735,40,183,52,20,30,2,9,3,13,6,0,0,0,0,0,0,0,82,0,1060,4452.0,0,70+,0,2.415021211650307,-0.6714711504755276,Economy Customers
8310,1964,Graduation,Together,68142.0,0,1,,96,897,126,196,91,112,37,3,10,4,7,6,0,0,0,0,0,0,0,61,1,1459,,0,60-69,0,1.9485711745553802,0.5394845888349923,Economy Customers
10710,1979,Graduation,Married,7500.0,0,1,,61,5,2,3,3,0,5,1,1,0,2,8,0,0,0,0,0,0,0,46,1,18,,0,40-49,3,-2.83976965177928,0.36165837224425224,Digital Active Customers
5031,1974,Graduation,Together,83145.0,0,0,,14,777,35,731,39,137,114,1,5,9,11,2,0,0,0,0,1,1,0,51,0,1833,,1,50-59,4,2.9276219835349493,-0.703556114161585,Store-Focused Customers
2613,1960,Master,Married,54197.0,0,1,2014-03-04,16,162,6,37,6,13,13,2,1,3,6,1,0,0,0,0,0,0,0,65,1,237,4182.0,0,60-69,2,0.1126715932581894,0.0016114162196315131,Mid-Range Customers
213,1963,PhD,Single,23091.0,1,1,,98,35,0,11,0,0,2,4,2,1,3,7,0,0,0,0,0,0,0,62,2,48,,0,60-69,1,-1.8729186082318783,1.4482759689294895,High Value Customers
967,1976,Graduation,Married,46049.0,1,1,,11,342,9,112,19,14,19,10,5,2,9,7,0,0,0,0,0,1,0,49,2,515,,1,40-49,2,0.03376791787058385,-1.5552511280272623,Mid-Range Customers
1077,1974,Graduation,Together,56715.0,0,0,2012-05-12,52,258,105,239,237,172,9,1,7,3,4,4,0,0,0,0,0,0,0,51,0,1020,4843.0,0,50-59,0,0.6939937817623433,-0.03133473610853659,Economy Customers
7959,1961,Graduation,Married,79410.0,0,0,,19,658,80,483,123,13,13,1,3,2,5,1,0,0,0,0,0,0,0,64,0,1370,,0,60-69,4,1.6487967068310274,-0.07057991099806658,Store-Focused Customers
640,1951,Graduation,Married,57304.0,0,1,2013-11-03,61,356,80,329,138,17,106,2,7,6,10,5,0,0,0,0,0,0,0,74,1,1026,4303.0,0,70+,0,1.7303789754884273,-0.11692578968136953,Economy Customers
4252,1965,Graduation,Married,44375.0,0,1,,73,213,5,28,7,7,41,1,4,1,6,5,0,0,0,0,0,0,0,60,1,301,,0,50-59,1,-0.2822091436966852,0.7315360758022385,High Value Customers
8432,1956,Graduation,Together,54450.0,1,1,,0,454,0,171,8,19,32,12,9,2,8,8,0,0,0,0,0,0,0,69,2,684,,0,60-69,2,0.8201414239143104,-2.5616945718889275,Mid-Range Customers
6218,1965,Graduation,Married,59594.0,0,1,,74,457,4,29,0,0,9,1,8,1,7,7,0,0,0,1,0,0,0,60,1,499,,1,50-59,0,0.5407674969635317,-0.015185293289275037,Economy Customers
6905,1994,Graduation,Together,80685.0,0,0,,55,241,45,604,34,26,54,1,6,4,10,2,0,0,0,0,0,0,0,31,0,1004,,0,30-39,4,1.9238583549903294,0.4776242905906916,Store-Focused Customers
5922,1974,PhD,Married,40344.0,0,1,,48,210,0,6,0,0,2,2,4,1,5,7,0,0,0,0,0,0,0,51,1,218,,0,50-59,3,-1.0038293959479534,-0.2552097256815728,Digital Active Customers
3598,1972,Graduation,Married,62710.0,0,1,,53,441,35,83,7,29,11,4,4,2,12,4,0,0,0,0,0,0,0,53,1,606,,0,50-59,4,1.2523693280661279,0.22015839317215685,Store-Focused Customers
6116,1968,2n Cycle,Married,48985.0,0,1,2013-05-07,13,19,13,18,10,7,8,1,1,1,3,3,0,0,0,0,0,0,0,57,1,75,4483.0,0,50-59,3,-0.9703915561020835,-0.29075078432501483,Digital Active Customers
6263,1968,Graduation,Together,35322.0,1,2,,34,28,9,37,12,7,13,3,2,0,4,8,0,0,0,0,0,0,0,57,3,106,,0,50-59,3,-1.684337371897372,-0.5677555297884499,Digital Active Customers
10486,1948,Graduation,Married,77142.0,0,0,,54,476,75,162,29,151,97,1,4,4,8,2,0,0,0,0,0,0,0,77,0,990,,0,70+,4,1.8800138635662729,0.5850210852541701,Store-Focused Customers
2410,1969,Graduation,Single,81657.0,0,0,,69,364,40,425,158,60,50,1,3,4,8,1,0,0,0,0,0,0,0,56,0,1097,,0,50-59,4,1.8096738085544284,1.3873555431320646,Store-Focused Customers
193,1996,Basic,Married,14421.0,0,0,,81,0,0,2,3,3,8,1,1,0,2,5,0,0,1,0,0,0,0,29,0,16,,1,18-29,1,-2.463865541504231,1.4614195114490118,High Value Customers
3363,1974,2n Cycle,Married,20130.0,0,0,,99,0,6,3,7,6,12,1,1,0,3,8,0,0,0,0,0,0,0,51,0,34,,0,50-59,1,-2.3680673379769543,1.493979117428579,High Value Customers
8278,1990,PhD,Married,74214.0,0,0,,3,863,83,547,86,99,33,1,8,2,5,5,0,0,0,0,0,0,0,35,0,1711,,0,30-39,2,1.510365770867144,-1.6806363682416396,Mid-Range Customers
10660,1957,Master,Married,66726.0,1,1,2014-12-01,61,349,7,35,0,0,47,3,8,2,4,7,0,0,0,1,0,0,0,68,2,438,3910.0,1,60-69,2,0.2850677879993488,-0.3385938813643605,Mid-Range Customers
8686,1979,Basic,Together,23724.0,1,0,2013-08-01,65,5,23,15,0,18,14,2,2,0,3,8,0,0,0,0,0,0,0,46,1,75,4397.0,0,40-49,1,-2.207118138811428,0.37953487281584225,High Value Customers
1604,1960,Master,Married,47353.0,0,1,,93,184,2,19,8,8,4,3,2,2,6,5,0,0,0,0,0,0,0,65,1,225,,0,60-69,1,-0.48592213445628873,1.5791727356679968,High Value Customers
5907,1952,Master,Married,33444.0,1,1,2012-03-11,24,8,0,8,0,0,2,1,1,0,2,8,0,0,0,0,0,0,0,73,2,18,4905.0,0,70+,3,-2.0151722485028585,-0.7504380401601517,Digital Active Customers
10669,1981,Graduation,Married,54386.0,0,1,,8,277,21,64,62,21,25,2,3,2,10,3,0,0,0,0,0,0,0,44,1,470,,0,40-49,2,0.5818997582021816,-0.799190185497896,Mid-Range Customers
2918,1981,Graduation,Divorced,28510.0,1,1,,72,44,5,19,0,4,19,3,2,0,4,5,0,0,0,0,0,0,0,44,2,91,,0,40-49,1,-1.520845994489114,1.0115706807479572,High Value Customers
5735,1991,Master,Single,90638.0,0,0,,29,1156,120,915,94,144,96,1,3,4,10,1,0,0,0,0,1,0,0,34,0,2525,,1,30-39,4,3.1789900413662306,0.24228586371983568,Store-Focused Customers
359,1950,Graduation,Together,48070.0,0,1,,33,373,14,83,6,9,19,3,8,2,6,7,0,0,0,0,0,0,1,75,1,504,,0,70+,2,0.3641574026448806,-1.3013146033594847,Mid-Range Customers
8387,1957,Graduation,Married,43140.0,0,1,2013-05-01,68,134,8,76,6,0,11,1,4,1,5,6,0,0,0,0,0,0,0,68,1,235,4489.0,0,60-69,1,-0.5589138418562163,0.4332811811972481,High Value Customers
1829,1961,PhD,Divorced,54959.0,0,1,,55,1148,0,60,0,0,24,3,9,5,4,7,0,0,0,1,0,1,0,64,1,1232,,1,60-69,0,0.8126761343297554,-0.6762183375591733,Economy Customers
3839,1958,Basic,Single,15056.0,1,1,2013-03-05,76,6,12,3,21,6,40,5,2,2,3,5,0,0,0,0,0,0,0,67,2,88,4546.0,0,60-69,1,-1.6248143965287238,1.0331308379276616,High Value Customers
9392,1971,Graduation,Single,26954.0,1,0,2014-08-05,17,4,1,11,0,0,1,1,1,0,2,7,0,0,0,0,0,0,0,54,1,17,4028.0,0,50-59,3,-2.2309143071674598,-0.7736341664798928,Digital Active Customers
2292,1985,Graduation,Single,22327.0,1,0,2013-02-08,94,5,4,8,2,0,5,1,1,0,3,5,0,0,0,0,0,0,0,40,1,24,4571.0,0,30-39,1,-2.0174528101046767,1.813678852628082,High Value Customers
10466,1965,Graduation,Married,44393.0,1,1,,86,24,2,20,2,2,10,2,1,0,4,4,0,0,0,0,0,0,0,60,2,60,,0,50-59,1,-1.017868006778143,1.6956520877475503,High Value Customers
9855,1952,PhD,Single,62000.0,0,1,,25,899,0,101,0,0,20,1,6,6,13,4,1,0,0,0,0,0,0,73,1,1020,,1,70+,2,2.248956449413052,-0.9686094193787528,Mid-Range Customers
4088,1962,PhD,Together,31497.0,0,1,2012-06-12,22,108,1,28,13,1,4,2,3,1,4,8,0,0,0,0,0,0,0,63,1,155,4812.0,0,60-69,3,-1.508241932463017,-1.08740927803655,Digital Active Customers
5231,1974,2n Cycle,Married,45894.0,0,2,,15,27,2,7,0,2,13,1,1,0,3,5,0,0,0,0,0,0,0,51,2,51,,0,50-59,3,-1.432546918538616,-0.5033434721117781,Digital Active Customers
590,1970,Master,Divorced,78579.0,0,0,,35,816,66,549,216,66,99,1,5,6,4,3,0,0,0,0,0,1,0,55,0,1812,,1,50-59,4,1.7068331314066252,-0.08822630258164532,Store-Focused Customers
8732,1969,Master,Widow,67369.0,0,1,,81,1298,0,70,37,14,42,4,7,4,10,4,0,0,0,1,1,1,0,56,1,1461,,1,50-59,0,2.213531451203521,0.7099253330116005,Economy Customers
2315,1960,Graduation,Divorced,58401.0,0,1,,55,10,0,11,17,29,29,1,1,2,2,4,0,0,0,0,0,0,0,65,1,96,,0,60-69,1,-0.9604547781306356,0.8443408396818985,High Value Customers
3515,1952,Graduation,Single,62307.0,0,1,,94,87,13,34,10,6,10,1,4,0,4,5,0,0,0,0,0,0,0,73,1,160,,0,70+,1,-0.18260737983484776,1.4162119325327835,High Value Customers
2245,1969,Master,Married,43641.0,1,1,,50,57,2,51,4,2,23,3,2,1,4,6,0,0,0,0,0,0,0,56,2,139,,0,50-59,1,-1.2014229206663456,0.22129659265318857,High Value Customers
6283,1968,Master,Divorced,63841.0,0,1,,64,635,15,100,20,7,131,1,9,3,9,6,0,0,0,0,0,0,0,57,1,908,,0,50-59,0,1.5019143315400538,-0.32592051964257207,Economy Customers
2246,1965,2n Cycle,Married,46891.0,0,1,2013-01-09,91,43,12,23,29,15,61,1,2,1,4,4,0,0,0,0,0,0,0,60,1,183,4601.0,0,50-59,1,-0.7330771738717314,1.7222409837476365,High Value Customers
6606,1969,Master,Married,70091.0,1,0,,11,964,34,137,15,0,11,2,5,2,10,8,0,0,0,1,0,0,0,56,1,1161,,1,50-59,2,1.1122078354393556,-1.6721478496144482,Mid-Range Customers
5545,1972,PhD,Married,78075.0,0,0,2014-05-04,72,572,8,259,34,35,80,1,3,5,5,1,0,0,0,0,0,0,0,53,0,988,4121.0,0,50-59,4,1.1751309785834039,1.5445165298427248,Store-Focused Customers
7342,1961,2n Cycle,Widow,59184.0,0,1,2012-09-09,6,341,142,113,259,151,66,3,6,6,12,5,0,0,0,0,0,0,0,64,1,1072,4723.0,0,60-69,2,1.8191995773525125,-1.6322875409043516,Mid-Range Customers
837,1977,Graduation,Married,54809.0,1,1,2013-11-09,0,63,6,57,13,13,22,4,2,1,5,4,0,0,0,0,0,0,0,48,2,174,4297.0,0,40-49,3,-0.6261006685342726,-0.9461966653747471,Digital Active Customers
9500,1959,Graduation,Married,58113.0,0,1,,66,221,104,169,102,78,84,3,9,2,8,7,0,0,0,0,0,0,1,66,1,758,,0,60-69,0,1.0848558171014322,-0.43253199543335624,Economy Customers
3602,1958,Master,Married,51412.0,0,1,,42,140,3,29,4,5,14,2,3,2,4,4,0,0,0,0,0,0,0,67,1,195,,0,60-69,1,-0.4288911694067157,0.12334739716090598,High Value Customers
234,1979,Graduation,Divorced,15287.0,1,0,2012-10-10,60,1,2,8,4,3,13,2,1,1,2,7,0,0,1,0,0,1,0,46,1,31,4692.0,1,40-49,3,-2.529203841663093,0.4977932459387453,Digital Active Customers
2995,1957,Master,Together,66636.0,0,0,,64,291,10,689,84,10,0,1,3,4,9,1,0,0,0,0,0,0,0,68,0,1084,,0,60-69,4,1.8154503438591543,1.127754885307775,Store-Focused Customers
1118,1956,Master,Married,50965.0,0,1,,87,544,13,85,8,6,29,3,10,4,5,8,0,0,1,0,0,0,0,69,1,685,,1,60-69,0,0.4751680659213217,-0.04170378959831914,Economy Customers
7789,1965,PhD,Married,84618.0,0,0,,96,684,100,801,21,66,0,1,6,9,10,2,0,0,0,0,1,0,0,60,0,1672,,1,50-59,4,2.945489316726264,1.6084210415586226,Store-Focused Customers
3068,1990,Graduation,Married,18351.0,0,0,,1,1,12,9,0,14,7,1,2,0,3,7,0,0,0,0,0,0,0,35,0,43,,0,30-39,3,-2.3410462811960353,-1.365375030791126,Digital Active Customers
8955,1957,PhD,Together,40451.0,0,2,,54,35,0,4,0,0,10,1,1,1,2,5,0,0,1,0,0,0,0,68,2,49,,1,60-69,1,-1.4525553080260647,0.6066556738708029,High Value Customers
945,1965,Graduation,Together,36317.0,0,1,,53,87,3,25,3,2,13,2,3,0,4,7,0,0,0,0,0,0,0,60,1,133,,0,50-59,1,-1.3125295642770018,0.0032631392408025203,High Value Customers
5644,1957,Graduation,Together,42213.0,0,1,2013-12-10,96,309,3,24,4,3,20,2,5,1,7,7,0,0,0,1,0,0,0,68,1,363,4266.0,1,60-69,1,-0.18963210745919185,0.9474729806531371,High Value Customers
7192,1955,Graduation,Together,65748.0,0,1,,58,172,73,93,95,78,34,2,2,4,10,1,0,0,0,0,0,0,1,70,1,545,,0,60-69,4,1.381707029024106,1.0500888447964651,Store-Focused Customers
2324,1972,Graduation,Together,77044.0,0,1,,12,625,38,242,50,34,76,2,7,11,11,4,0,0,1,0,0,0,0,53,1,1065,,1,50-59,2,2.149461787788041,-1.3250526905495312,Mid-Range Customers
697,1969,Graduation,Together,74918.0,0,0,2013-12-03,78,972,59,913,25,19,59,1,5,9,6,3,0,0,0,0,1,0,0,56,0,2047,4273.0,1,50-59,4,2.1527886854406284,1.1309127397787153,Store-Focused Customers
3439,1972,Graduation,Married,56721.0,1,1,,64,157,6,39,6,13,75,5,4,1,5,6,0,0,0,0,0,0,0,53,2,296,,0,50-59,1,-0.44657532223502006,0.4072837950726461,High Value Customers
1506,1975,Graduation,Single,42160.0,1,1,,26,48,9,45,3,15,20,4,2,1,4,6,0,0,0,0,0,1,0,50,2,140,,1,40-49,3,-1.312394986008169,-0.4781581676892171,Digital Active Customers
232,1965,Graduation,Single,61559.0,0,1,,8,279,83,88,32,14,34,1,4,2,10,3,0,0,0,0,0,0,0,60,1,530,,0,50-59,2,1.1059999287597553,-0.9605674484245905,Mid-Range Customers
8876,1963,PhD,Together,33629.0,1,1,2012-08-08,49,132,0,16,0,0,4,5,3,1,4,9,0,0,0,0,0,0,0,62,2,152,4755.0,0,60-69,1,-1.6295831213418275,-0.41425663814483676,High Value Customers
4500,1991,PhD,Together,68682.0,0,0,2013-06-10,56,919,0,505,99,30,45,1,4,9,10,2,0,0,0,0,0,0,0,34,0,1598,4449.0,0,30-39,4,1.972163734824183,0.7136545353924634,Store-Focused Customers
9739,1963,Graduation,Single,34377.0,0,1,,55,62,0,22,3,1,26,2,2,2,2,7,0,0,0,0,0,0,0,62,1,114,,0,60-69,1,-1.7632340433080316,0.2248458376427485,High Value Customers
10395,1986,Basic,Single,8940.0,1,0,,25,1,45,3,4,6,42,3,3,1,3,8,0,0,0,0,0,0,0,39,1,101,,0,30-39,3,-2.4315265790501526,-0.9647546449503829,Digital Active Customers
1176,1973,Graduation,Married,26228.0,1,0,,50,2,6,4,3,1,9,1,1,0,2,8,0,0,0,0,0,0,0,52,1,25,,0,50-59,3,-2.407867432218897,0.07258624301615502,Digital Active Customers
1627,1957,2n Cycle,Divorced,77297.0,0,0,,84,408,61,109,48,122,41,1,5,7,9,4,1,0,0,0,0,0,0,68,0,789,,1,60-69,0,1.5776344429991271,1.0763936240087448,Economy Customers
938,1981,Graduation,Married,40211.0,1,1,,30,51,1,7,2,1,25,2,2,1,2,8,0,0,1,0,0,0,0,44,2,87,,1,40-49,3,-2.068716078417799,-0.5819465807031421,Digital Active Customers
2740,1958,PhD,Widow,33438.0,1,1,,81,62,1,16,3,2,6,4,2,1,4,5,0,0,0,0,0,0,0,67,2,90,,0,60-69,1,-1.130489660024044,1.2173682790207407,High Value Customers
257,1959,PhD,Married,75032.0,0,1,,74,952,12,180,47,12,12,2,5,4,9,3,0,0,0,0,0,0,0,66,1,1215,,0,60-69,4,2.019077995533129,0.9163490469687122,Store-Focused Customers
4058,1955,PhD,Single,61284.0,0,0,2013-12-10,76,618,15,106,20,7,45,1,11,2,8,6,0,0,0,1,0,0,0,70,0,811,4266.0,1,60-69,0,1.6626030774256237,-0.25574443049268225,Economy Customers
7736,1986,Graduation,Married,22518.0,1,0,,36,11,7,12,2,2,27,2,2,1,2,5,0,0,1,0,0,1,0,39,1,61,,1,30-39,3,-2.0249423589139424,-0.017422761092548505,Digital Active Customers
8210,1975,Master,Married,54730.0,0,1,,64,318,3,17,4,7,56,5,4,1,8,4,0,0,0,0,0,0,0,50,1,405,,0,40-49,0,0.31405089600608505,0.6252027410526817,Economy Customers
833,1955,Master,Married,38452.0,1,1,,62,56,0,14,0,0,2,3,3,0,3,7,0,0,0,0,0,0,0,70,2,72,,0,60-69,1,-1.3384299600649696,0.26743721696333345,High Value Customers
6230,1971,Graduation,Divorced,44421.0,1,1,,53,110,5,59,7,1,7,5,5,0,4,8,0,0,0,0,0,0,0,54,2,189,,0,50-59,1,-1.0783001781624397,-0.3514402708748433,High Value Customers
7325,1986,PhD,Together,38197.0,1,0,,86,23,0,11,2,1,3,1,1,0,3,5,0,0,0,0,0,0,0,39,1,40,,0,30-39,1,-1.7209301146735199,1.628627136754163,High Value Customers
1307,1978,Graduation,Divorced,41986.0,0,1,2014-09-02,15,27,5,8,8,3,12,3,3,0,4,4,0,0,0,0,0,0,0,47,1,63,4000.0,0,40-49,3,-0.9822714234472547,-0.6421291077549864,Digital Active Customers
1502,1983,Graduation,Together,28427.0,1,0,,67,18,3,19,3,3,6,2,2,0,3,8,0,0,0,0,0,0,0,42,1,52,,0,40-49,1,-2.189069067555059,0.46768062322981835,High Value Customers
6211,1976,PhD,Together,37395.0,1,0,2014-02-05,47,18,0,9,0,1,11,1,1,0,3,6,0,0,0,0,0,0,0,49,1,39,4209.0,0,40-49,3,-1.772672554745273,0.28871765344149086,Digital Active Customers
843,1971,Graduation,Married,64722.0,1,0,,47,303,0,280,60,147,15,4,8,2,11,6,0,0,0,0,0,0,0,54,1,805,,0,50-59,0,1.5472132372010614,-0.7347853697395117,Economy Customers
4174,1956,Master,Together,55249.0,0,1,,81,97,1,19,2,0,11,1,2,1,4,3,0,0,0,0,0,0,0,69,1,130,,0,60-69,1,-0.3540721661927099,1.5620190402910579,High Value Customers
9757,1972,Graduation,Together,84906.0,0,0,2013-04-10,98,997,15,414,99,30,76,1,5,6,12,2,0,1,0,1,1,0,0,53,0,1631,4510.0,1,50-59,4,2.9857435348475887,1.7768949504112594,Store-Focused Customers
6918,1989,Graduation,Married,28691.0,1,0,2013-04-07,56,5,4,13,8,0,4,1,1,0,3,8,0,0,0,0,0,0,0,36,1,34,4513.0,0,30-39,3,-2.412416427352099,0.29056602803446574,Digital Active Customers
286,1952,Graduation,Single,44213.0,1,1,,48,95,11,35,0,4,7,4,2,1,5,6,0,0,0,0,0,0,0,73,2,152,,0,70+,1,-0.8155687175729281,0.08312555546052346,High Value Customers
11086,1984,Basic,Single,25707.0,1,0,,18,1,6,2,3,6,3,1,1,0,3,7,0,0,0,0,0,0,0,41,1,21,,0,40-49,3,-2.2721669925126946,-0.7264592267161799,Digital Active Customers
1921,1967,PhD,Married,59062.0,2,1,2013-03-10,74,46,1,12,3,0,9,2,2,0,3,4,0,0,0,0,0,0,0,58,3,71,4541.0,0,50-59,1,-0.7751878394464865,1.2844032836242776,High Value Customers
4138,1962,Graduation,Single,76624.0,0,1,,68,411,106,147,54,115,66,1,5,10,7,1,0,0,1,0,0,0,0,63,1,899,,1,60-69,4,1.7578413480808857,1.0834576379290157,Store-Focused Customers
7718,1947,Master,Together,66000.0,0,0,,36,244,51,270,101,0,45,1,1,3,5,1,0,0,0,0,0,0,0,78,0,711,,0,70+,4,0.7609402937567652,0.6098628562183116,Store-Focused Customers
1291,1978,PhD,Together,27683.0,1,0,2012-04-08,90,152,9,121,12,12,45,4,6,2,4,8,0,0,0,0,0,0,0,47,1,351,4877.0,0,40-49,1,-1.2031597651273265,0.591376449487744,High Value Customers
6862,1971,Graduation,Divorced,1730.0,0,0,,65,1,1,3,1,1,1,15,0,0,0,20,0,0,0,0,0,0,0,54,0,8,,0,50-59,3,-5.120143710778699,-1.0872890266576325,Digital Active Customers
4136,1992,Basic,Single,7500.0,1,0,2012-03-12,63,10,17,18,8,26,40,4,3,2,2,9,0,0,0,0,0,0,0,33,1,119,4904.0,0,30-39,3,-2.809427264194412,0.06436614046229665,Digital Active Customers
803,1968,Graduation,Together,40521.0,1,1,2013-05-04,82,12,0,5,0,0,4,1,0,1,2,5,0,0,0,0,0,0,0,57,2,21,4486.0,0,50-59,1,-1.7413681343666734,1.6079831153658273,High Value Customers
4298,1973,PhD,Together,20427.0,1,0,,63,5,0,4,0,0,1,1,1,0,2,8,0,0,0,0,0,0,0,52,1,10,,0,50-59,1,-2.525838638718416,0.44175142935020634,High Value Customers
10833,1975,Graduation,Married,65106.0,0,1,,55,790,19,133,12,0,19,3,8,3,13,6,0,0,0,1,0,0,0,50,1,973,,1,40-49,0,1.9384975618535223,-0.528308021867563,Economy Customers
9606,1965,PhD,Married,69969.0,0,0,,64,882,29,514,38,29,44,1,4,2,6,3,1,0,0,0,1,1,0,60,0,1536,,1,50-59,4,1.5439636174083242,0.817784712406292,Store-Focused Customers
8534,1952,Graduation,Married,67433.0,0,2,,51,615,28,259,12,48,30,4,6,5,13,4,0,0,0,1,0,0,0,73,2,992,,1,70+,0,2.3347511784269366,-0.17657218429696606,Economy Customers
5153,1967,PhD,Married,77766.0,0,1,,97,1004,59,265,115,59,27,2,11,10,11,6,0,0,1,0,0,1,0,58,1,1529,,1,50-59,0,2.8663350205104403,0.38913396660190347,Economy Customers
961,1972,Graduation,Married,74716.0,0,1,2013-12-09,92,133,27,421,13,195,71,2,7,3,5,4,0,0,0,0,0,0,0,53,1,860,4267.0,0,50-59,0,1.0802441423712303,1.1889959388080749,Economy Customers
5011,1963,Graduation,Divorced,68118.0,0,1,,51,595,23,123,10,23,154,2,8,9,4,6,0,0,0,0,0,0,0,62,1,928,,0,60-69,2,0.7976556021467409,-0.4740343993420613,Mid-Range Customers
6653,1970,PhD,Married,55158.0,1,1,,72,293,0,87,4,11,23,4,7,2,5,7,0,0,0,0,0,1,0,55,2,418,,1,50-59,0,-0.10031212691499843,0.10351934972475586,Economy Customers
9094,1955,2n Cycle,Married,62972.0,0,1,2012-03-08,39,313,15,47,20,0,192,2,7,4,3,6,0,0,0,0,0,1,0,70,1,587,4908.0,1,60-69,2,0.2345597813733713,-0.7203175454587011,Mid-Range Customers
810,1975,Graduation,Married,74190.0,0,1,2014-12-05,49,151,81,86,168,91,64,2,4,2,11,2,0,0,0,0,0,0,0,50,1,641,3906.0,0,40-49,4,1.6191115324240521,0.4527177247153319,Store-Focused Customers
5493,1976,Graduation,Married,39356.0,1,1,,21,15,0,2,0,0,6,1,1,0,2,6,0,0,1,0,0,0,0,49,2,23,,1,40-49,3,-1.9024995992646456,-0.45697546016333573,Digital Active Customers
2147,1969,Graduation,Together,76653.0,0,0,,91,736,63,946,219,189,126,1,4,7,11,2,1,0,0,0,1,0,0,56,0,2279,,1,50-59,4,3.134689037359553,1.6793287853759002,Store-Focused Customers
5107,1973,PhD,Divorced,35860.0,1,1,,37,15,0,8,4,2,20,2,1,1,2,5,0,0,1,0,0,0,0,52,2,49,,1,50-59,3,-1.749561820429395,0.139847892093993,Digital Active Customers
3979,1983,PhD,Divorced,90687.0,0,0,,98,982,17,672,23,34,51,1,6,2,8,2,0,0,0,0,1,1,0,42,0,1779,,1,40-49,4,2.6267759258582344,1.7927216333120297,Store-Focused Customers
6049,1982,Master,Together,73450.0,0,0,2013-05-12,85,1142,51,415,90,69,37,1,7,8,11,3,1,0,1,0,0,0,0,43,0,1804,4478.0,1,40-49,4,2.750047841715835,1.0085313699060607,Store-Focused Customers
8147,1960,Graduation,Married,31454.0,1,1,2013-06-07,40,28,0,11,0,0,9,3,2,0,3,8,0,0,0,0,0,0,0,65,2,48,4452.0,0,60-69,3,-1.847083650270558,-0.4051476838343672,Digital Active Customers
1857,1952,Graduation,Single,47139.0,1,1,2014-06-03,2,46,0,12,0,2,23,2,2,1,2,7,0,0,0,0,0,1,0,73,2,83,4091.0,1,70+,3,-1.4228906176833276,-1.3511231151780259,Digital Active Customers
3910,1975,Graduation,Divorced,83829.0,0,0,2013-08-10,78,897,161,430,186,161,27,0,4,7,6,1,1,0,1,0,1,1,0,50,0,1862,4388.0,1,40-49,4,2.261456084208706,1.5930143621269544,Store-Focused Customers
5207,1963,PhD,Married,53378.0,1,1,,41,489,6,152,8,6,132,10,9,4,6,8,0,0,0,0,0,1,0,62,2,793,,1,60-69,2,0.5215237354397144,-1.2751511289066337,Mid-Range Customers
11114,1970,Graduation,Together,19656.0,1,0,2013-08-02,94,25,4,9,6,8,32,3,2,1,3,7,0,0,0,0,0,0,0,55,1,84,4396.0,0,50-59,1,-1.9983565610898943,1.3417031807247894,High Value Customers
5429,1948,PhD,Married,45579.0,0,1,,10,145,1,33,2,1,1,1,4,1,4,6,0,0,0,0,0,0,0,77,1,183,,0,70+,2,-0.603239819360786,-1.2945928715995196,Mid-Range Customers
9400,1958,2n Cycle,Single,85485.0,0,0,,73,630,26,611,44,18,54,1,6,6,6,2,0,0,0,0,0,0,0,67,0,1383,,0,60-69,4,2.2184008723468684,0.9950868245914247,Store-Focused Customers
1740,1944,Graduation,Married,55956.0,0,0,2014-07-04,22,760,38,104,50,9,38,2,7,3,4,4,0,0,0,1,0,0,0,81,0,999,4060.0,1,70+,2,1.0397907784655263,-1.0290761980034853,Mid-Range Customers
7488,1963,Master,Single,64191.0,0,1,,30,420,15,186,151,38,15,3,5,3,13,3,0,0,0,0,0,0,0,62,1,825,,0,60-69,4,2.006392591614038,-0.5031786359050082,Store-Focused Customers
195,1972,Graduation,Single,38808.0,1,0,,21,125,17,52,3,19,30,4,5,1,4,8,0,0,1,0,0,1,0,53,1,246,,1,50-59,3,-1.157601004387336,-1.319650190036572,Digital Active Customers
635,1966,Master,Married,57183.0,1,1,,51,464,5,64,7,0,70,8,9,1,7,8,0,0,0,0,0,0,0,59,2,610,,0,50-59,0,0.5488756582047184,-0.9763569308944433,Economy Customers
7527,1968,Master,Divorced,23748.0,1,0,,97,6,6,29,12,15,8,3,2,1,3,8,0,0,0,0,0,0,0,57,1,76,,0,50-59,1,-2.0552189610658096,1.2958093779274358,High Value Customers
10319,1971,Graduation,Married,66303.0,0,1,,56,1090,12,96,16,12,60,4,3,4,11,8,0,0,0,1,0,0,0,54,1,1286,,1,50-59,0,1.0135422774119263,-0.10143874046723284,Economy Customers
2296,1975,Master,Married,37368.0,1,0,,4,3,2,11,2,2,10,1,1,0,2,6,0,0,1,0,0,0,0,50,1,30,,1,40-49,3,-1.925860663654126,-0.9732155567026805,Digital Active Customers
10637,1964,Graduation,Married,40800.0,1,2,2013-01-01,77,24,0,27,8,30,10,2,3,0,3,7,0,0,0,0,0,0,1,61,3,99,4609.0,0,60-69,1,-1.3832024986802132,0.7520668908798871,High Value Customers
2931,1978,Graduation,Divorced,71847.0,0,0,,95,737,21,106,55,63,210,0,6,7,9,3,1,0,0,0,0,0,0,47,0,1192,,1,40-49,4,1.8339841052847055,1.467207446732208,Store-Focused Customers
907,1975,Graduation,Married,46149.0,0,1,,36,254,6,71,4,0,27,5,5,1,7,5,0,0,0,0,0,0,0,50,1,362,,0,40-49,2,-0.05793655704474462,-0.48394431131611615,Mid-Range Customers
3698,1983,Graduation,Together,78687.0,0,0,2012-09-08,13,817,185,687,145,55,241,1,4,6,8,2,0,0,0,0,1,1,0,42,0,2130,4724.0,1,40-49,4,2.407563462061444,-0.5217068212777218,Store-Focused Customers
9516,1971,2n Cycle,Divorced,49118.0,0,0,,90,620,54,239,99,98,119,2,9,7,10,7,0,1,0,1,0,1,0,54,0,1229,,1,50-59,0,1.45676579662586,0.24593519116075008,Economy Customers
679,1957,PhD,Married,37633.0,1,1,,49,13,4,20,0,0,1,2,1,0,3,9,0,0,0,0,0,0,0,68,2,38,,0,60-69,1,-1.9846670644814959,-0.13970908055501635,High Value Customers
7384,1951,Master,Together,39767.0,0,0,,18,113,61,204,34,26,47,2,7,1,7,8,0,0,0,0,0,0,0,74,0,485,,0,70+,2,0.034533882898115334,-1.8057281850712168,Mid-Range Customers
5043,1951,Basic,Married,26997.0,0,0,2012-05-11,89,7,23,78,133,49,144,2,4,2,5,7,0,0,0,0,0,0,0,74,0,434,4844.0,0,70+,1,-0.7649663990165325,0.8448010385325615,High Value Customers
5267,1970,Graduation,Divorced,33986.0,1,0,,43,16,2,18,2,1,5,1,1,0,3,7,0,0,0,0,0,0,0,55,1,44,,0,50-59,3,-1.9099855527516574,-0.003050498929042718,Digital Active Customers
339,1972,PhD,Married,57091.0,0,1,,82,462,0,24,6,0,4,2,9,2,5,7,0,0,0,1,0,1,0,53,1,496,,1,50-59,0,0.24441203232811928,0.1550701784311261,Economy Customers
2516,1969,2n Cycle,Married,46831.0,1,1,2013-08-06,84,22,2,10,6,4,34,2,1,2,2,4,0,0,0,0,0,0,0,56,2,78,4392.0,0,50-59,1,-1.3006978813198427,1.7025582702292157,High Value Customers
9010,1972,Master,Married,83151.0,0,0,2013-10-02,80,968,147,842,137,42,210,1,5,7,10,2,1,0,1,0,1,1,0,53,0,2346,4335.0,1,50-59,4,3.258449549700759,1.2750761583535146,Store-Focused Customers
378,1971,Graduation,Married,52531.0,0,0,,68,283,112,151,51,72,125,2,7,2,10,6,0,0,0,0,0,0,0,54,0,794,,0,50-59,0,1.0361276773467742,0.004610519206718294,Economy Customers
4808,1956,Graduation,Married,15759.0,0,0,2013-05-09,12,1,2,5,6,0,3,1,1,0,2,7,0,0,0,0,0,0,0,69,0,17,4481.0,0,60-69,3,-2.2495554660352326,-1.0087321482577987,Digital Active Customers
5068,1971,Graduation,Single,22804.0,1,0,,75,14,1,7,2,1,1,1,2,0,2,9,0,0,0,0,0,0,0,54,1,26,,0,50-59,1,-2.4593600518701364,0.529085019557617,High Value Customers
7628,1973,2n Cycle,Married,43050.0,1,0,,10,30,5,24,6,3,8,2,2,0,4,5,0,0,0,0,0,0,0,52,1,76,,0,50-59,3,-1.1747663769171628,-0.8169115056916412,Digital Active Customers
7128,1977,PhD,Single,42997.0,1,1,2013-07-12,91,4,0,5,0,1,5,1,1,0,2,7,0,0,0,0,0,0,0,48,2,15,4417.0,0,40-49,1,-1.9876066962541983,1.5021982267659884,High Value Customers
2811,1963,PhD,Single,48918.0,1,1,2014-12-04,21,52,0,9,0,0,1,2,1,0,4,4,0,0,0,0,0,0,0,62,2,62,3907.0,0,60-69,3,-0.9237065635418122,-0.23360311611076215,Digital Active Customers
3551,1954,Master,Together,60033.0,0,1,,28,62,1,57,19,11,48,2,2,1,5,2,0,0,0,0,0,0,0,71,1,198,,0,70+,2,0.1034106542085338,0.10941168140703776,Mid-Range Customers
1663,1978,PhD,Together,34043.0,1,0,,97,20,2,14,3,0,10,1,2,0,2,9,0,0,0,0,0,0,0,47,1,49,,0,40-49,1,-2.3127446558061022,1.2435797540485747,High Value Customers
5543,1966,Graduation,Together,57811.0,0,1,,49,545,7,114,37,21,78,5,7,2,11,5,0,0,0,1,0,0,0,59,1,802,,1,50-59,0,1.5005544612377593,-0.4430848135982747,Economy Customers
1577,1946,Graduation,Married,78569.0,0,0,,14,558,79,622,207,175,95,1,4,6,4,1,0,0,0,0,1,1,0,79,0,1736,,1,70+,4,2.1200261048987104,-0.3824156082642106,Store-Focused Customers
10641,1978,Graduation,Single,7500.0,1,1,,5,6,5,4,13,4,25,4,2,1,3,6,0,0,0,0,0,0,0,47,2,57,,0,40-49,3,-2.223923392968387,-1.179695993309982,Digital Active Customers
5336,1971,Master,Together,157733.0,1,0,2013-04-06,37,39,1,9,2,0,8,0,1,0,1,1,0,0,0,0,0,0,0,54,1,59,4514.0,0,50-59,4,1.042840150587806,1.105918984163297,Store-Focused Customers
6024,1953,Graduation,Together,94384.0,0,0,2013-04-03,62,1111,24,790,160,45,172,0,5,8,5,2,1,0,0,1,1,1,0,72,0,2302,4517.0,1,70+,4,2.942573588466552,0.8236242893082044,Store-Focused Customers
1878,1985,2n Cycle,Married,23148.0,0,0,,83,4,6,8,6,3,10,1,2,0,3,7,0,0,0,0,0,0,0,40,0,37,,0,30-39,1,-2.1685437889729116,1.0761258247369425,High Value Customers
3099,1970,Graduation,Divorced,44267.0,1,1,,48,183,5,65,3,5,49,5,5,2,4,9,0,0,0,0,0,0,0,55,2,310,,0,50-59,1,-1.121358578324003,-0.6466696658828716,High Value Customers
6055,1979,Graduation,Married,71626.0,0,0,2012-01-11,94,546,72,376,94,145,72,1,5,5,8,3,0,0,0,1,0,0,0,46,0,1305,4965.0,1,40-49,4,1.633215543589735,1.5913012228517929,Store-Focused Customers
5841,1966,Graduation,Together,60894.0,0,1,,61,606,7,155,10,0,54,5,10,3,8,7,0,0,0,0,0,0,0,59,1,832,,0,50-59,0,1.240749571493495,-0.678930114359259,Economy Customers
3972,1976,Graduation,Together,50200.0,1,1,2013-03-04,70,266,6,51,8,6,64,6,7,1,5,8,0,0,0,0,0,0,0,49,2,401,4547.0,0,40-49,0,-0.4391798456456854,-0.09272633422895286,Economy Customers
4394,1965,PhD,Married,81051.0,0,0,,43,1142,29,249,38,29,14,1,5,5,12,2,0,0,0,1,1,0,0,60,0,1501,,1,50-59,4,2.8784119065905167,0.10322179973612891,Store-Focused Customers
5758,1982,Graduation,Married,65169.0,0,0,,23,1074,0,69,0,0,46,1,10,4,13,6,1,1,1,0,1,1,0,43,0,1189,,1,40-49,0,2.288192740443671,-1.7181783404035582,Economy Customers
6658,1972,Graduation,Together,59868.0,0,1,,37,771,51,154,54,10,154,7,11,2,12,6,0,0,0,0,0,0,0,53,1,1194,,0,50-59,0,2.3124135313954794,-1.4583167573500795,Economy Customers
4603,1960,PhD,Married,65695.0,0,1,,50,371,32,189,0,58,6,2,5,4,10,4,0,0,0,0,0,0,0,65,1,656,,0,60-69,2,1.3452756876069443,0.015205101790266459,Mid-Range Customers
8427,1956,Master,Single,64857.0,0,0,,78,556,14,717,210,0,43,1,7,5,10,4,0,0,0,0,0,0,0,69,0,1540,,0,60-69,0,2.3994109252786653,0.5679859118348443,Economy Customers
10260,1965,Master,Together,45143.0,0,1,,74,202,5,74,11,5,14,3,6,1,5,7,0,0,0,0,0,0,0,60,1,311,,0,50-59,1,-0.44651482077919297,0.24473858150697858,High Value Customers
7143,1955,2n Cycle,Together,74805.0,0,1,2013-06-11,14,209,162,209,41,162,37,5,4,7,10,2,0,0,0,0,0,0,0,70,1,820,4448.0,0,60-69,2,1.8832408227560495,-0.6345944899318124,Mid-Range Customers
8789,1989,2n Cycle,Married,59060.0,1,0,2014-11-01,77,35,40,111,36,40,12,3,3,1,7,4,0,0,0,0,0,0,0,36,1,274,3940.0,0,30-39,1,-0.17023031449092768,1.2266563004672402,High Value Customers
6197,1962,PhD,Single,27238.0,1,1,,39,37,0,17,0,0,3,3,3,0,3,9,0,0,0,0,0,0,0,63,2,57,,0,60-69,3,-1.9655214697319308,-0.7123502218675705,Digital Active Customers
4554,1965,Graduation,Together,47009.0,0,1,2013-01-10,89,171,45,73,59,10,90,4,3,2,8,4,0,0,0,0,0,0,0,60,1,448,4600.0,0,50-59,1,0.20817957282805194,1.440902100800745,High Value Customers
4937,1973,2n Cycle,Married,46094.0,1,1,2014-10-06,62,12,2,20,3,2,5,1,1,0,3,7,0,0,0,0,0,0,0,52,2,44,3966.0,0,50-59,1,-1.7157759518520048,0.6114187923547474,High Value Customers
1920,1972,Graduation,Married,40321.0,1,1,,59,44,4,21,6,0,27,2,3,0,3,7,0,0,0,0,0,0,0,53,2,102,,0,50-59,1,-1.497722060773835,0.2413077906700816,High Value Customers
8749,1984,Graduation,Together,37235.0,1,0,2014-01-02,68,20,2,9,4,6,20,1,1,1,2,4,0,0,0,0,0,0,0,41,1,61,4243.0,0,40-49,1,-1.692908388318174,1.2465022337173441,High Value Customers
1650,1960,Master,Married,81843.0,0,0,,13,779,86,537,34,69,138,1,5,9,12,3,0,0,0,0,0,0,0,65,0,1643,,0,60-69,4,2.9152818385366897,-0.9476299039904819,Store-Focused Customers
10377,1958,Master,Together,46692.0,0,1,2013-06-06,37,170,6,97,24,12,88,3,6,1,5,6,0,0,0,0,0,0,0,67,1,397,4453.0,0,60-69,2,-0.11165073479278369,-0.7357115342097046,Mid-Range Customers
9206,1968,Graduation,Together,77382.0,0,1,2014-07-01,36,491,48,231,112,105,134,2,5,7,12,1,0,0,0,0,1,0,0,57,1,1121,4063.0,1,50-59,4,2.602277739519526,0.03755746804074997,Store-Focused Customers
10971,1977,Graduation,Single,37774.0,2,0,2012-03-09,28,173,8,107,7,2,176,4,7,2,3,9,0,0,1,0,0,1,1,48,2,473,4907.0,1,40-49,3,-1.0819949608705832,-1.4765703187360866,Digital Active Customers
6398,1974,Basic,Married,18393.0,1,0,,2,7,10,13,16,0,4,2,3,0,3,8,0,0,0,0,0,0,0,51,1,50,,0,50-59,3,-2.148892785254671,-1.6605190129791358,Digital Active Customers
9212,1962,Master,Married,72828.0,0,1,,17,1205,0,235,19,14,205,6,6,3,13,7,0,0,0,0,0,0,0,63,1,1678,,0,60-69,2,2.415095732939585,-1.5682912776041211,Mid-Range Customers
7937,1982,Graduation,Married,24711.0,0,0,,86,10,7,25,6,3,7,1,3,0,3,7,0,0,0,0,0,0,0,43,0,58,,0,40-49,1,-1.9492126802778458,1.0307749389470537,High Value Customers
839,1975,PhD,Married,45503.0,1,0,,54,97,4,44,6,1,18,1,3,1,4,5,0,0,0,0,0,0,0,50,1,170,,0,40-49,1,-0.9300326490468598,0.3785687962158338,High Value Customers
4246,1982,Master,Single,6560.0,0,0,2013-12-12,2,67,11,26,4,3,262,0,1,0,1,17,0,0,0,0,0,0,0,43,0,373,4264.0,0,40-49,3,-4.141704755118367,-2.6423010807885854,Digital Active Customers
158,1945,PhD,Together,71604.0,0,0,,3,345,53,528,98,75,97,1,8,3,5,4,0,0,1,0,0,1,0,80,0,1196,,1,70+,2,1.760247291052561,-1.6959827432995755,Mid-Range Customers
4832,1979,Graduation,Married,27244.0,1,0,2014-07-03,84,6,5,17,3,24,46,2,2,2,2,7,0,0,0,0,0,0,0,46,1,101,4061.0,0,40-49,1,-2.1060134543189153,1.120731463206296,High Value Customers
5621,1969,Graduation,Married,48752.0,1,1,2012-12-12,8,73,57,100,71,15,0,5,6,1,5,9,0,0,0,0,0,1,0,56,2,316,4629.0,1,50-59,2,-0.7517376276956467,-1.979840059106118,Mid-Range Customers
1945,1962,Graduation,Married,71434.0,0,1,,4,711,36,217,172,96,168,3,7,4,7,4,1,0,0,1,0,0,0,63,1,1400,,1,60-69,2,1.869332298043468,-1.5267070825037168,Mid-Range Customers
5147,1948,Graduation,Single,90842.0,0,0,,57,774,70,118,182,187,93,1,4,9,13,1,0,0,0,0,0,0,0,77,0,1424,,0,70+,4,3.3869192317898036,0.7423511282765608,Store-Focused Customers
2535,1978,Master,Married,88097.0,1,0,,24,163,0,480,0,126,75,1,6,5,8,9,1,0,0,1,1,1,0,47,1,844,,1,40-49,2,0.758652476234044,-1.4205808494748016,Mid-Range Customers
11039,1975,Graduation,Married,51948.0,0,1,,51,82,33,54,71,30,41,2,5,2,4,5,0,0,0,0,0,0,0,50,1,311,,0,40-49,1,-0.4253618905207178,0.04975501836729035,High Value Customers
9495,1982,Graduation,Together,71853.0,0,0,2013-08-05,29,358,108,413,141,97,32,1,2,8,6,1,0,0,0,0,0,0,0,43,0,1149,4393.0,0,40-49,4,1.066137977414967,0.3829915469438921,Store-Focused Customers
9635,1983,Master,Married,35876.0,0,0,,13,66,2,40,4,3,14,1,3,1,3,6,0,0,0,0,0,0,0,42,0,129,,0,40-49,3,-1.5594354910228898,-0.9647904796565276,Digital Active Customers
2173,1952,Graduation,Widow,40049.0,0,1,,23,13,6,7,0,3,3,1,1,0,3,6,0,0,0,0,0,0,0,73,1,32,,0,70+,3,-1.4265059589888405,-0.4992642956621093,Digital Active Customers
942,1982,Graduation,Single,39660.0,1,0,2012-08-08,36,139,13,78,20,13,36,3,7,1,3,9,0,0,0,0,0,1,0,43,1,299,4755.0,1,40-49,3,-1.25529571263922,-1.2140149993862817,Digital Active Customers
9386,1962,Graduation,Together,50127.0,0,1,,88,274,0,21,4,6,15,1,5,1,6,6,0,0,0,1,0,0,0,63,1,320,,1,60-69,1,-0.13607647483618643,0.9154908655498988,High Value Customers
5510,1977,Master,Married,43263.0,0,1,,2,262,6,61,0,10,102,3,5,2,6,5,0,0,0,0,0,0,0,48,1,441,,0,40-49,2,-0.22677405759615962,-1.477226288758558,Mid-Range Customers
873,1949,Master,Married,62845.0,1,1,2012-01-10,3,1099,0,45,0,0,34,11,3,4,10,8,0,0,0,1,0,1,0,76,2,1178,4966.0,1,70+,2,0.9799923981717497,-1.742549375417009,Mid-Range Customers
2253,1990,Graduation,Married,18929.0,0,0,,15,32,0,8,23,4,18,1,1,0,4,6,0,0,0,0,0,0,0,35,0,85,,0,30-39,3,-2.124199377729844,-0.6986018390768776,Digital Active Customers
5181,1982,Basic,Single,24367.0,1,0,,58,2,4,2,0,11,5,1,1,0,2,9,0,0,0,0,0,0,0,43,1,24,,0,40-49,3,-2.710872813547678,0.19410953812879236,Digital Active Customers
979,1975,Graduation,Single,33249.0,1,0,,11,6,10,21,19,14,42,2,2,1,3,6,0,0,0,0,0,0,0,50,1,112,,0,40-49,3,-1.6535013640659526,-0.9302923824130999,Digital Active Customers
10390,1959,2n Cycle,Married,26887.0,0,1,2013-10-02,27,6,7,4,3,4,6,1,1,0,3,6,0,0,0,0,0,0,0,66,1,30,4335.0,0,60-69,3,-1.7644637559259837,-0.3978604749421917,Digital Active Customers
4698,1983,PhD,Married,50150.0,0,0,,32,135,46,92,65,61,11,2,5,2,7,5,0,0,0,0,0,0,0,42,0,410,,0,40-49,2,-0.046429038244459195,-0.5637690578151616,Mid-Range Customers
7793,1976,Graduation,Together,62061.0,0,1,,12,641,7,84,0,30,38,3,10,4,7,6,0,0,0,1,0,0,0,49,1,800,,1,40-49,2,1.100913271643605,-1.9369670900459897,Mid-Range Customers
1745,1962,PhD,Divorced,85696.0,0,0,2013-03-05,88,714,76,395,116,0,12,1,4,6,9,1,0,0,0,0,0,1,0,63,0,1313,4546.0,1,60-69,4,2.4417061300011476,1.7888410597765625,Store-Focused Customers
10590,1956,PhD,Together,76542.0,0,0,,91,794,73,573,0,29,14,1,4,8,10,2,0,0,0,0,0,0,0,69,0,1483,,0,60-69,4,2.4833356902881802,1.6635949457010495,Store-Focused Customers
5080,1993,Graduation,Single,70515.0,0,0,,12,420,0,452,182,64,140,1,6,6,4,2,0,0,0,0,0,1,0,32,0,1258,,1,30-39,4,1.0723510360072999,-0.7047796253943477,Store-Focused Customers
8369,1987,Graduation,Together,18227.0,1,0,2012-08-11,21,1,2,7,4,3,11,1,0,1,2,8,0,0,0,0,0,0,0,38,1,28,4752.0,0,30-39,3,-2.8768493572616647,-0.6399762211427614,Digital Active Customers
5232,1965,Graduation,Married,69139.0,0,1,,23,86,12,75,33,15,6,1,4,1,5,4,0,0,0,0,0,0,0,60,1,227,,0,50-59,2,0.11435089560999233,-0.5154423750259688,Mid-Range Customers
2407,1982,Graduation,Married,69109.0,0,0,2012-09-11,10,823,25,459,124,29,95,1,6,6,7,4,0,0,0,0,1,1,0,43,0,1555,4721.0,1,40-49,4,1.5676797579278599,-1.1593244196836856,Store-Focused Customers
3834,1962,Graduation,Single,69627.0,0,1,,35,231,161,215,171,30,53,2,8,2,11,5,0,0,0,0,0,0,0,63,1,861,,0,60-69,2,1.9526291122296022,-0.9663044165035792,Mid-Range Customers
7912,1978,Graduation,Married,38136.0,1,0,,69,8,15,27,0,20,33,2,3,1,2,8,0,0,1,0,0,0,0,47,1,103,,1,40-49,1,-1.9118213691014139,0.43392044194483576,High Value Customers
7712,1946,PhD,Single,62159.0,0,0,,68,182,17,259,77,70,29,1,6,2,10,4,0,0,0,0,0,0,0,79,0,634,,0,70+,2,1.5783969847124033,0.36377133030146763,Mid-Range Customers
1065,1963,Graduation,Single,80695.0,0,0,,85,557,129,984,193,37,18,1,5,8,5,2,0,0,0,0,0,0,0,62,0,1918,,0,60-69,4,2.2395506071019686,1.502510583329303,Store-Focused Customers
7275,1971,Master,Single,33316.0,1,1,2013-04-10,34,79,1,31,4,4,12,3,2,1,4,6,0,0,0,0,0,0,0,54,2,131,4510.0,0,50-59,3,-1.4323962180610048,-0.2811642711724447,Digital Active Customers
1343,1968,Graduation,Together,58554.0,1,1,,55,368,24,68,38,0,88,6,8,2,6,7,0,0,0,0,0,0,0,57,2,586,,0,50-59,0,0.4047002046764253,-0.5523791081969179,Economy Customers
1384,1992,Basic,Married,17256.0,1,0,,10,6,4,14,8,8,22,2,2,1,2,8,0,0,1,0,0,0,0,33,1,62,,1,30-39,3,-2.6682882680201665,-1.2128058893222025,Digital Active Customers
9967,1974,Graduation,Divorced,53034.0,1,1,,30,160,15,196,15,11,50,8,6,1,7,8,0,0,0,0,0,0,0,51,2,447,,0,50-59,2,-0.173739187006891,-1.1987915517047898,Mid-Range Customers
6181,1950,2n Cycle,Together,52203.0,0,0,,36,488,21,238,56,108,28,1,8,7,11,6,0,0,0,0,0,0,0,75,0,939,,0,70+,2,1.6921615863978814,-1.1741626796383788,Mid-Range Customers
10507,1977,2n Cycle,Divorced,59601.0,0,1,,14,691,7,69,0,7,23,4,2,2,7,8,0,0,0,1,0,0,0,48,1,797,,1,40-49,3,-0.3297821092674585,-1.1298820064142505,Digital Active Customers
2674,1958,Master,Single,75154.0,0,1,2012-04-09,79,543,10,205,160,143,82,1,6,3,6,3,0,0,0,0,0,1,0,67,1,1143,4876.0,1,60-69,4,1.670165206586345,1.001607782939982,Store-Focused Customers
2698,1976,Graduation,Single,47025.0,0,1,2013-07-11,52,254,7,108,20,0,26,3,6,3,5,6,0,0,0,0,0,0,0,49,1,415,4418.0,0,40-49,1,-0.31772223128050203,-0.22688085433139676,High Value Customers
3231,1973,Graduation,Married,37971.0,1,0,,97,5,4,10,2,2,7,1,1,0,3,8,0,0,0,0,0,0,0,52,1,30,,0,50-59,1,-2.023932568752934,1.487293273484031,High Value Customers
4096,1968,Master,Divorced,41335.0,1,0,,24,112,19,21,16,14,5,3,4,1,4,7,0,0,0,0,0,0,0,57,1,187,,0,50-59,3,-1.0867193588118855,-0.9645831778431169,Digital Active Customers
10476,1958,Graduation,Married,67267.0,0,1,,0,134,11,59,15,2,30,1,3,2,5,2,0,0,0,0,0,0,0,67,1,251,,0,60-69,2,0.3574204496137998,-0.8182552387844813,Mid-Range Customers
5948,1975,Graduation,Single,57338.0,0,1,,96,143,6,52,11,8,17,2,4,1,5,5,0,0,0,0,0,0,0,50,1,237,,0,40-49,1,-0.36072497836805995,1.5147744237890517,High Value Customers
9140,1960,2n Cycle,Together,50523.0,1,1,,89,51,4,24,4,7,1,2,2,0,4,6,0,0,0,0,0,0,0,65,2,91,,0,60-69,1,-0.9857427943038467,1.3749119666911296,High Value Customers
10258,1965,Master,Single,35791.0,2,1,2013-06-05,94,27,0,5,0,0,3,2,1,0,3,8,0,0,0,0,0,0,0,60,3,35,4454.0,0,50-59,1,-1.9585364130443106,1.3638925882549775,High Value Customers
5675,1960,PhD,Divorced,50611.0,0,1,2012-04-10,98,459,0,24,6,0,4,6,4,5,7,6,0,0,0,1,0,0,0,65,1,493,4875.0,1,60-69,1,0.060420106308419395,1.313557383988036,High Value Customers
4743,1969,PhD,Married,56242.0,0,1,2013-03-03,72,689,8,167,11,8,88,5,8,4,11,6,0,0,0,0,0,0,0,56,1,971,4548.0,0,50-59,0,1.560549514176383,-0.024647464612836623,Economy Customers
8805,1960,Graduation,Single,48904.0,0,1,2012-02-12,1,283,10,38,0,13,27,4,7,2,4,8,0,0,0,0,0,0,0,65,1,371,4933.0,0,60-69,2,-0.44812346508993545,-2.184012014117631,Mid-Range Customers
1542,1975,Graduation,Single,56243.0,1,2,,26,347,0,35,4,3,7,6,4,2,8,5,0,0,0,0,0,0,0,50,3,396,,0,40-49,2,0.17061199232673474,-0.643674566440672,Mid-Range Customers
6770,1985,Graduation,Married,21355.0,1,0,,5,5,13,14,0,5,31,2,2,1,2,6,0,0,1,0,0,1,0,40,1,68,,1,30-39,3,-2.190333151541763,-1.0896749887918749,Digital Active Customers
8773,1971,Master,Together,57420.0,0,1,,22,280,0,18,0,0,24,3,5,1,6,7,0,0,0,1,0,0,0,54,1,322,,1,50-59,2,-0.2853865073529229,-1.1390386272677675,Mid-Range Customers
10420,1955,Master,Divorced,46390.0,0,1,2014-05-05,56,95,14,64,2,9,38,1,4,2,3,7,0,0,0,0,0,0,0,70,1,222,4120.0,0,60-69,1,-0.9317760125028739,-0.01677549123161663,High Value Customers
7514,1956,2n Cycle,Together,54342.0,1,1,2013-03-07,74,84,10,34,11,10,28,4,3,1,4,6,0,0,0,0,0,0,0,69,2,177,4544.0,0,60-69,1,-0.6614449156270933,0.7964748950672904,High Value Customers
793,1973,Graduation,Married,20895.0,1,0,2012-06-10,24,18,3,17,3,0,4,1,2,0,3,9,0,0,0,0,0,0,0,52,1,45,4814.0,0,50-59,3,-2.373435168898909,-1.0125914857038925,Digital Active Customers
10909,1948,Graduation,Married,92344.0,0,0,,9,992,24,694,51,19,119,0,5,10,5,1,0,0,1,0,1,0,0,77,0,1899,,1,70+,4,2.7677083068920916,-0.634443859103736,Store-Focused Customers
8702,1976,2n Cycle,Together,26907.0,1,1,,10,9,1,7,0,3,2,2,1,0,3,7,0,0,0,0,0,0,0,49,2,22,,0,40-49,3,-2.148044866003818,-0.9881503850693136,Digital Active Customers
4791,1980,Graduation,Together,44964.0,1,1,,35,19,1,17,2,0,2,1,1,0,3,8,0,0,0,0,0,0,0,45,2,41,,0,40-49,3,-1.9908324237374768,-0.314370212625217,Digital Active Customers
2963,1979,Graduation,Together,75507.0,0,0,2014-02-05,56,709,93,374,104,80,80,1,8,6,6,3,0,0,0,0,0,0,0,46,0,1440,4209.0,0,40-49,4,1.9158719082725053,0.1276351526824078,Store-Focused Customers
8216,1972,Master,Married,53761.0,1,1,2013-11-10,7,158,0,76,13,7,71,6,4,4,3,5,0,0,0,0,0,0,0,53,2,325,4296.0,0,50-59,3,-0.6319416606056278,-1.1137709006051886,Digital Active Customers
8140,1973,Graduation,Together,22682.0,1,0,2013-03-10,51,10,14,29,4,2,36,3,2,1,4,4,0,0,0,0,0,0,0,52,1,95,4541.0,0,50-59,3,-1.376302940520921,0.4818173232649351,Digital Active Customers
10146,1972,PhD,Together,38887.0,1,0,2014-02-03,17,25,1,13,0,0,3,1,1,0,3,7,0,0,0,0,0,0,0,53,1,42,4211.0,0,50-59,3,-1.852651553344203,-0.7554985884409143,Digital Active Customers
5289,1975,2n Cycle,Single,41658.0,1,1,2012-09-11,30,8,4,12,15,4,29,2,1,1,2,4,0,0,0,0,0,0,0,50,2,72,4721.0,0,40-49,3,-1.4953726978089374,0.09763497453700053,Digital Active Customers
2587,1972,PhD,Married,29791.0,1,0,,21,14,0,6,0,0,0,2,2,0,3,5,0,0,0,0,0,0,0,53,1,20,,0,50-59,3,-1.6009694024273744,-0.5112415691171709,Digital Active Customers
4405,1956,Master,Married,63915.0,0,2,,2,622,7,115,30,0,15,2,6,3,12,5,0,0,0,0,0,0,0,69,2,789,,0,60-69,2,1.7328571782312772,-1.751371234999395,Mid-Range Customers
8663,1974,Graduation,Divorced,39996.0,1,1,,85,11,0,3,0,0,1,1,1,0,2,6,0,0,0,0,0,0,0,51,2,15,,0,50-59,1,-1.8534664691308695,1.4452668448183237,High Value Customers
2589,1972,Graduation,Divorced,26759.0,1,0,2014-07-02,65,25,3,16,8,5,2,2,2,1,3,6,0,0,0,0,0,0,0,53,1,59,4062.0,0,50-59,1,-1.766284941524641,0.6484546177600606,High Value Customers
3421,1968,Master,Divorced,63841.0,0,1,,64,635,15,100,20,7,131,1,9,3,9,6,0,0,0,0,0,0,0,57,1,908,,0,50-59,0,1.5019143315400538,-0.32592051964257207,Economy Customers
10490,1969,PhD,Married,51039.0,1,1,2012-10-12,11,100,64,79,65,0,109,2,6,2,4,7,0,0,0,0,0,0,0,56,2,417,4690.0,0,50-59,2,-0.4615097680166938,-1.578357136371108,Mid-Range Customers
4094,1961,Graduation,Married,60544.0,1,1,,92,201,2,43,3,5,35,4,5,1,5,6,0,0,0,0,0,0,0,64,2,289,,0,60-69,1,-0.09836030628211563,1.0870671943645605,High Value Customers
9958,1972,Graduation,Married,65685.0,0,1,,54,642,14,49,0,7,57,1,9,2,9,5,0,0,0,0,0,0,0,53,1,769,,0,50-59,0,1.518717856014601,-0.4620029569876297,Economy Customers
2534,1953,Graduation,Married,37716.0,0,1,,4,97,1,41,6,2,41,2,4,1,3,7,0,0,0,0,0,0,0,72,1,188,,0,70+,3,-1.1122741571386006,-1.600038776471853,Digital Active Customers
4188,1957,Graduation,Single,36864.0,0,1,,53,204,5,39,17,0,89,3,5,2,4,8,0,0,0,0,0,1,0,68,1,354,,1,60-69,1,-0.9010213481419238,-0.4239331505380517,High Value Customers
6613,1970,Master,Married,44511.0,1,0,2012-12-10,39,513,7,133,46,14,14,6,8,4,8,8,0,0,0,0,0,0,0,55,1,727,4631.0,0,50-59,0,0.3675834178515838,-1.2545451551344238,Economy Customers
10827,1967,PhD,Married,36947.0,1,1,2012-07-08,49,88,3,21,4,1,29,4,3,0,4,9,0,0,0,0,0,0,0,58,2,146,4786.0,0,50-59,3,-1.623792978088521,-0.39019773433278393,Digital Active Customers
5491,1951,Master,Together,47352.0,0,1,2013-11-04,70,172,12,112,8,0,15,4,6,1,5,7,0,0,0,0,0,0,0,74,1,319,4302.0,0,70+,1,-0.2191735897899596,0.08503528009347357,High Value Customers
8402,1953,Master,Married,67087.0,0,1,,40,329,35,222,130,35,43,2,7,5,8,4,0,0,0,0,0,0,0,72,1,794,,0,70+,2,1.5488780376185352,-0.5164120075297085,Mid-Range Customers
8783,1950,Graduation,Married,57045.0,0,1,2012-08-09,40,296,13,104,11,13,17,3,4,2,9,3,0,0,0,0,0,0,0,75,1,454,4754.0,0,70+,2,1.0133746047135253,-0.04888106686052935,Mid-Range Customers
10010,1953,PhD,Divorced,36957.0,1,1,2012-06-09,43,100,2,16,2,1,31,4,3,2,2,9,0,0,0,0,0,1,0,72,2,152,4815.0,1,70+,1,-1.7317617253489632,-0.5710187763200318,High Value Customers
618,1977,PhD,Married,69389.0,0,1,,17,422,7,238,69,46,15,1,7,2,12,4,0,0,0,0,0,0,0,48,1,797,,0,40-49,2,1.8627270451240623,-1.2039672108436363,Mid-Range Customers
9121,1972,Graduation,Married,80134.0,1,0,,40,1218,16,272,104,0,80,2,5,3,6,6,1,0,0,1,1,1,0,53,1,1690,,1,50-59,4,1.4398795849284294,-0.39646117133505443,Store-Focused Customers
361,1969,Master,Married,43142.0,1,1,,84,5,1,7,2,1,4,1,1,0,2,7,0,0,0,0,0,0,0,56,2,20,,0,50-59,1,-1.8796539194548372,1.266945992312483,High Value Customers
4310,1944,Graduation,Married,80589.0,0,0,,25,507,93,520,242,40,26,1,5,10,5,1,1,0,0,0,0,1,0,81,0,1428,,1,70+,4,2.205964852187839,-0.20480485409496865,Store-Focused Customers
2678,1990,Graduation,Single,34412.0,1,0,,62,52,12,50,4,36,55,3,5,0,3,9,0,0,0,0,0,0,0,35,1,209,,0,30-39,3,-1.7910168969776716,-0.16940115552090343,Digital Active Customers
6376,1979,Graduation,Single,57537.0,1,0,2013-10-06,83,191,56,139,51,8,100,4,4,3,8,4,0,0,0,0,0,0,0,46,1,545,4331.0,0,40-49,0,0.43861123021025494,1.212679994176073,Economy Customers
524,1966,Basic,Together,22634.0,0,0,,47,2,23,11,8,6,46,1,2,1,2,8,0,0,0,0,0,0,0,59,0,96,,0,50-59,3,-2.1934889792805015,-0.18172792202280533,Digital Active Customers
10341,1948,Graduation,Together,51315.0,0,0,,45,68,28,39,16,30,41,1,2,2,5,2,0,0,0,0,0,0,0,77,0,222,,0,70+,2,0.0418618424607181,0.5679441257885346,Mid-Range Customers
5654,1972,Graduation,Married,36026.0,2,1,,34,20,4,10,6,4,17,2,2,0,3,6,0,0,0,0,0,0,0,53,3,61,,0,50-59,3,-1.5992128349095192,-0.24600950797493867,Digital Active Customers
4098,1973,Graduation,Married,24639.0,1,1,,3,20,3,16,0,4,1,3,2,0,4,6,0,0,0,0,0,0,0,52,2,44,,0,50-59,3,-1.7031955307064055,-1.2247755864582917,Digital Active Customers
5824,1972,PhD,Together,34578.0,2,1,2014-11-04,1,7,0,1,0,0,0,1,1,0,2,6,0,0,0,0,0,0,0,53,3,8,3937.0,0,50-59,3,-1.9590417987955402,-1.0813999863313994,Digital Active Customers
7000,1972,2n Cycle,Single,65704.0,0,0,,18,279,172,74,38,8,246,1,2,10,10,1,0,0,0,0,0,0,0,53,0,817,,0,50-59,4,1.3799848178149194,-0.08633397706414037,Store-Focused Customers
2561,1966,Graduation,Single,63810.0,0,1,2012-11-11,45,977,12,253,16,12,101,4,4,3,12,8,0,0,0,1,0,0,0,59,1,1371,4660.0,1,50-59,0,1.3782803412787632,-0.6066747876117197,Economy Customers
5229,1969,PhD,Together,54132.0,0,1,,81,30,1,8,0,0,3,1,1,0,3,7,0,0,0,0,0,0,0,56,1,42,,0,50-59,1,-1.5096069548211655,1.1893548116037538,High Value Customers
4086,1959,Graduation,Married,18690.0,0,0,,77,6,1,7,23,4,19,1,1,1,2,8,0,0,0,0,0,0,0,66,0,60,,0,60-69,1,-2.3321798478368985,0.8056162794675854,High Value Customers
2428,1970,Graduation,Married,28164.0,1,0,2013-04-05,23,3,18,26,11,8,12,3,2,0,4,7,0,0,0,0,0,0,0,55,1,78,4515.0,0,50-59,3,-1.7176643102116376,-0.7696286741048003,Digital Active Customers
8254,1974,PhD,Married,34596.0,1,0,,48,14,0,2,0,0,7,1,1,0,2,8,0,0,0,0,0,0,0,51,1,23,,0,50-59,3,-2.2657712648186594,0.042786385898662224,Digital Active Customers
2836,1972,PhD,Married,43269.0,1,0,,61,10,1,7,0,0,1,1,1,0,2,8,0,0,0,0,0,0,0,53,1,19,,0,50-59,1,-2.076791226716072,0.4507395145595892,High Value Customers
8418,1958,2n Cycle,Single,38741.0,1,1,,60,7,10,17,8,6,13,2,2,0,3,7,0,0,0,0,0,0,0,67,2,61,,0,60-69,1,-1.5142581378027844,0.34834967801562544,High Value Customers
1362,1972,Graduation,Single,31907.0,0,0,2013-04-03,75,33,87,64,175,16,74,1,6,1,6,7,0,0,0,0,0,0,0,53,0,449,4517.0,0,50-59,1,-0.5228630731854562,0.23277644530778394,High Value Customers
7152,1983,Master,Married,27100.0,1,0,2013-05-04,64,12,0,13,2,0,10,1,1,0,3,7,0,0,0,0,0,0,0,42,1,37,4486.0,0,40-49,1,-2.20669979650558,0.6450390275425713,High Value Customers
10033,1973,2n Cycle,Divorced,31163.0,1,0,,54,2,3,10,11,2,10,1,1,0,3,6,0,0,0,0,0,0,0,52,1,38,,0,50-59,1,-1.8500130223546876,0.4674805651660823,High Value Customers
9349,1985,Graduation,Married,92533.0,0,0,,84,693,21,118,110,147,42,1,6,5,11,2,1,0,0,0,1,0,0,40,0,1131,,1,30-39,4,2.5233623698189676,1.3249344850199198,Store-Focused Customers
274,1973,Graduation,Single,34853.0,1,1,,75,9,3,15,2,3,2,2,2,0,3,6,0,0,0,0,0,0,0,52,2,34,,0,50-59,1,-1.6453417201826352,0.9755139276662077,High Value Customers
3388,1967,Graduation,Divorced,70844.0,1,1,,16,129,26,67,3,67,2,5,6,1,5,7,0,0,0,0,0,0,0,58,2,294,,0,50-59,2,-0.02003412261829403,-1.395471680173678,Mid-Range Customers
922,1979,2n Cycle,Married,31086.0,1,1,2013-04-05,79,16,2,11,3,0,16,2,1,1,2,8,0,0,1,0,0,0,0,46,2,48,4515.0,1,40-49,1,-2.366295380520938,0.9721416669144983,High Value Customers
8588,1961,Graduation,Married,60544.0,1,1,,92,201,2,43,3,5,35,4,5,1,5,6,0,0,0,0,0,0,0,64,2,289,,0,60-69,1,-0.09836030628211563,1.0870671943645605,High Value Customers
2518,1986,2n Cycle,Together,20491.0,0,0,,16,5,4,5,4,2,10,1,0,1,2,7,0,0,0,0,0,0,0,39,0,30,,0,30-39,3,-2.6675703688576915,-0.6437477123340932,Digital Active Customers
574,1964,Graduation,Married,42523.0,0,0,,96,14,36,11,3,26,35,1,1,1,4,2,0,0,0,0,0,0,0,61,0,125,,0,60-69,1,-0.6753606176976984,2.2667818134880013,High Value Customers
3220,1983,Graduation,Married,39922.0,1,0,,30,29,12,59,19,1,36,2,3,0,4,8,0,0,0,0,0,0,0,42,1,156,,0,40-49,3,-1.617195046356245,-0.7513410636323883,Digital Active Customers
5967,1952,Graduation,Together,33402.0,1,1,,60,26,2,19,10,5,8,3,2,1,3,8,0,0,0,0,0,0,0,73,2,70,,0,70+,1,-1.6833359642720893,0.16964881449626087,High Value Customers
1183,1949,Master,Married,36408.0,1,1,,11,9,1,4,3,2,3,1,1,0,2,6,0,0,0,0,0,0,0,76,2,22,,0,70+,3,-1.6139694165690859,-0.8556886299312959,Digital Active Customers
6856,1979,Graduation,Together,21645.0,1,0,2012-03-09,75,14,0,23,4,5,19,3,3,0,3,9,0,0,0,0,0,1,0,46,1,65,4907.0,1,40-49,1,-2.2725758956657063,0.4001938523584343,High Value Customers
4530,1948,Master,Widow,78427.0,0,0,,36,972,19,595,180,26,138,3,3,7,10,3,1,0,0,0,0,1,0,77,0,1930,,1,70+,4,2.696526369736993,-0.011805667426573713,Store-Focused Customers
1553,1946,Graduation,Together,82657.0,0,0,,71,966,168,672,246,105,126,1,7,5,10,4,1,0,0,1,0,0,0,79,0,2283,,1,70+,4,3.4866808245531216,0.37611198315613603,Store-Focused Customers
4682,1958,Graduation,Married,51876.0,0,0,,88,99,27,102,28,48,6,1,2,2,8,1,0,0,0,0,0,0,0,67,0,310,,0,60-69,4,0.6011328178786068,1.9575352214049595,Store-Focused Customers
8204,1971,2n Cycle,Married,78041.0,0,0,,93,482,35,553,72,160,17,1,4,4,9,2,0,0,0,0,0,0,0,54,0,1319,,0,50-59,4,2.0348982325329947,1.802652139464129,Store-Focused Customers
5221,1957,Graduation,Married,52852.0,0,1,2012-01-12,93,714,8,99,11,0,47,4,10,7,5,8,0,0,1,0,0,0,0,68,1,879,4964.0,1,60-69,0,0.6629084063616857,0.14495820600462797,Economy Customers
1232,1982,PhD,Together,70038.0,0,0,,54,587,54,348,71,54,130,1,4,4,8,2,0,0,0,0,0,0,0,43,0,1244,,0,40-49,4,1.5228919005207702,0.6758942874605568,Store-Focused Customers
1927,1973,2n Cycle,Together,69401.0,0,1,,41,399,27,159,58,8,39,4,4,4,5,2,0,0,0,0,0,0,0,52,1,690,,0,50-59,4,0.718678993260133,0.3282875843593122,Store-Focused Customers
5788,1972,Graduation,Together,46053.0,1,0,,46,56,10,92,19,7,25,3,3,2,4,5,0,0,0,0,0,0,0,53,1,209,,0,50-59,3,-0.8504675244277667,0.13148125150142503,Digital Active Customers
6652,1965,Graduation,Married,77343.0,0,0,2014-09-06,28,227,151,573,98,54,31,1,3,4,9,1,0,0,0,0,0,0,0,60,0,1134,3996.0,0,50-59,4,1.9456328496075141,0.11559367902680832,Store-Focused Customers
6246,1953,Graduation,Single,73892.0,0,0,,40,703,102,601,0,58,43,1,3,11,8,1,0,0,0,0,0,1,0,72,0,1507,,1,70+,4,2.207080435085019,0.4415159850723839,Store-Focused Customers
5975,1967,PhD,Single,40304.0,1,0,,82,37,0,17,0,0,3,1,2,0,3,7,0,0,0,0,0,0,0,58,1,57,,0,50-59,1,-1.597931938436786,1.0393072681571678,High Value Customers
6875,1965,PhD,Together,32727.0,0,0,,38,167,13,180,86,13,70,2,7,3,5,8,0,0,0,0,0,0,0,60,0,529,,0,50-59,2,-0.5270007496225068,-1.13952043748513,Mid-Range Customers
4399,1969,Graduation,Together,68695.0,0,0,,3,458,81,356,106,50,40,1,4,4,7,2,0,0,0,0,0,0,0,56,0,1091,,0,50-59,4,1.3758645536635887,-0.8681296148233156,Store-Focused Customers
4042,1971,Graduation,Divorced,43300.0,0,1,,87,91,3,52,2,1,31,3,4,0,4,8,0,0,0,0,0,1,0,54,1,180,,1,50-59,1,-1.2301876302444237,0.7875012344773898,High Value Customers
2157,1972,Graduation,Together,26290.0,1,1,2013-12-01,49,15,8,16,11,5,22,4,2,0,4,6,0,0,0,0,0,0,0,53,2,77,4275.0,0,50-59,3,-1.6185561232219716,0.14740906269956475,Digital Active Customers
10133,1970,Graduation,Single,93790.0,0,0,2014-12-02,16,1302,68,731,89,114,45,0,6,7,12,2,1,0,0,1,1,1,0,55,0,2349,3909.0,1,50-59,4,3.8931586403984673,-0.7798512053555154,Store-Focused Customers
2525,1974,PhD,Married,38410.0,0,0,,65,153,64,123,116,64,14,2,5,2,9,6,0,0,0,0,0,1,0,51,0,534,,1,50-59,0,0.10078568242880306,0.16419195374018228,Economy Customers
8233,1950,Master,Widow,64866.0,0,1,,9,508,5,21,7,5,10,4,7,3,7,5,0,0,0,1,0,0,0,75,1,556,,1,70+,2,1.037034458343112,-1.5742452191106702,Mid-Range Customers
9483,1959,Graduation,Together,57957.0,0,1,,24,290,59,177,77,5,29,7,4,6,8,3,0,0,0,0,0,0,1,66,1,637,,0,60-69,2,0.9184805971879273,-0.470924313706606,Mid-Range Customers
2945,1955,PhD,Together,46015.0,1,1,,25,38,0,2,0,0,6,1,1,0,3,7,0,1,1,0,0,0,0,70,2,46,,1,60-69,3,-1.494268305667812,-0.5522709333845552,Digital Active Customers
10403,1978,Graduation,Together,16531.0,1,0,,43,2,13,6,7,5,11,3,3,0,3,7,0,0,0,0,0,0,0,47,1,44,,0,40-49,3,-2.0752988188400003,-0.28969196863532737,Digital Active Customers
5074,1986,Master,Married,28072.0,1,0,2013-08-07,10,30,0,10,2,0,5,1,1,0,3,7,0,0,0,0,0,0,0,39,1,47,4391.0,0,30-39,3,-2.2338215000686987,-0.9507877834969034,Digital Active Customers
10524,1963,Master,Divorced,49476.0,0,1,,29,386,23,95,54,41,196,4,2,11,5,2,0,0,0,0,0,0,0,62,1,795,,0,60-69,4,0.29254852625989675,0.13193478172145162,Store-Focused Customers
4690,1953,Graduation,Married,50725.0,0,1,,45,443,10,75,0,10,48,4,8,1,8,8,0,0,0,0,0,0,0,72,1,586,,0,70+,2,0.5860486471476956,-1.1127064928975277,Mid-Range Customers
7521,1952,Graduation,Together,83844.0,0,0,2013-12-05,57,901,31,345,75,31,191,1,4,4,11,1,0,0,0,0,1,0,0,73,0,1574,4271.0,1,70+,4,3.0385982622787733,0.7781036877767417,Store-Focused Customers
7196,1950,PhD,Married,41145.0,1,1,2014-08-02,20,9,0,3,0,0,1,1,0,0,3,3,0,0,0,0,0,0,0,75,2,13,4031.0,0,70+,3,-1.0690552743533117,-0.0380680964517201,Digital Active Customers
4406,1970,Graduation,Together,67419.0,0,1,,29,846,84,352,91,56,42,4,9,4,8,5,0,0,0,0,0,0,0,55,1,1471,,0,50-59,0,2.0156711758393713,-1.1907650907658105,Economy Customers
9672,1970,2n Cycle,Married,23162.0,1,1,,82,8,3,9,19,4,22,3,1,1,3,6,0,0,0,0,0,0,0,55,2,65,,0,50-59,1,-1.9310877458851063,1.2661696104070512,High Value Customers
4864,1977,Graduation,Married,34380.0,1,0,2013-02-05,68,72,7,58,13,1,24,4,4,1,3,8,0,0,0,0,0,0,0,48,1,175,4574.0,0,40-49,1,-1.6304459194286058,0.23630824057234673,High Value Customers
4706,1966,Graduation,Single,34704.0,0,1,,65,29,0,5,0,1,5,1,1,0,3,5,0,0,0,0,0,0,0,59,1,40,,0,50-59,1,-1.5350025439503883,0.9241456040725551,High Value Customers
4070,1969,PhD,Married,94871.0,0,2,2012-01-09,99,169,24,553,188,0,144,1,8,5,4,7,0,0,0,1,1,1,0,56,2,1078,4967.0,1,50-59,0,1.209357892719583,0.9182705793585432,Economy Customers
25,1958,Graduation,Married,65148.0,0,1,,9,460,35,422,33,12,153,2,6,6,7,4,0,0,0,0,0,0,0,67,1,1115,,0,60-69,2,1.4311700687688855,-1.2796204125400656,Mid-Range Customers
3697,1954,Graduation,Together,39898.0,0,1,2013-12-02,20,69,8,26,12,7,12,2,3,0,4,7,0,0,0,0,0,0,0,71,1,134,4274.0,0,70+,3,-1.1120870386095345,-1.0059801387855845,Digital Active Customers
217,1956,Master,Single,64857.0,0,0,,78,556,14,717,210,0,43,1,7,5,10,4,0,0,0,0,0,0,0,69,0,1540,,0,60-69,0,2.3994109252786653,0.5679859118348443,Economy Customers
4220,1970,PhD,Married,59892.0,0,1,2013-02-11,26,73,0,13,0,1,0,1,2,1,3,3,0,0,0,0,0,0,0,55,1,87,4568.0,0,50-59,3,-0.6446423081329721,0.008330207133213176,Digital Active Customers
5286,1987,Master,Single,41020.0,0,0,,68,112,1,54,7,7,36,1,3,2,4,3,0,0,0,0,0,0,0,38,0,217,,0,30-39,1,-0.8180101720918793,1.1048150332103475,High Value Customers
9559,1961,PhD,Married,57072.0,0,1,,79,944,0,60,0,0,30,2,7,5,13,5,0,0,1,0,0,0,0,64,1,1034,,1,60-69,0,2.0467155304225493,0.3843942053969906,Economy Customers
2849,1979,Graduation,Single,60474.0,0,1,2013-01-04,25,265,199,303,234,9,170,7,10,2,12,7,0,0,0,0,0,0,0,46,1,1180,4606.0,0,40-49,0,1.9321164409713871,-1.8022620042640143,Economy Customers
7787,1960,Graduation,Together,62807.0,0,1,,83,526,28,135,10,21,99,3,5,3,12,5,0,0,0,0,0,0,0,65,1,819,,0,60-69,0,1.5758064177632432,0.801278193946732,Economy Customers
3102,1981,2n Cycle,Together,19414.0,1,0,,32,2,3,12,3,5,7,1,1,0,3,8,0,0,0,0,0,0,0,44,1,32,,0,40-49,3,-2.4921640200989343,-0.4808779173915273,Digital Active Customers
5868,1980,Graduation,Married,19107.0,1,0,,49,2,4,9,10,5,16,2,1,0,3,7,0,0,0,0,0,0,0,45,1,46,,0,40-49,3,-2.3148881619839505,0.16266320492456723,Digital Active Customers
8370,1976,2n Cycle,Together,75484.0,0,1,2012-02-08,50,378,97,259,197,194,34,2,7,3,6,4,0,0,0,0,0,0,0,49,1,1159,4937.0,0,40-49,4,1.4291899881152867,-0.07139553490590966,Store-Focused Customers
9988,1976,Master,Single,70379.0,0,1,2013-03-03,84,553,25,142,65,67,8,3,6,3,13,4,0,0,0,0,0,0,0,49,1,860,4548.0,0,40-49,0,1.9792012156760623,0.8982736989509058,Economy Customers
2939,1970,Master,Together,79419.0,0,0,,96,751,127,687,20,15,31,1,4,6,4,2,0,0,0,0,0,0,0,55,0,1631,,0,50-59,4,1.6080409129426922,2.004147690531351,Store-Focused Customers
5529,1946,PhD,Together,64014.0,2,1,2014-10-06,56,406,0,30,0,0,8,7,8,2,5,7,1,0,0,0,0,0,0,79,3,444,3966.0,1,70+,2,0.5252417277820285,-0.5561313236005964,Mid-Range Customers
9743,1955,Graduation,Married,76998.0,0,1,2013-11-01,85,1449,89,161,69,35,107,2,11,8,8,6,0,0,0,0,1,0,0,70,1,1910,4305.0,1,60-69,0,2.8864327414612108,0.05374926219106404,Economy Customers
5763,1972,Master,Together,49854.0,1,0,2013-10-11,63,123,17,171,39,0,30,5,6,2,5,6,0,0,0,0,0,0,0,53,1,380,4326.0,0,50-59,1,-0.2394771101667573,0.09650756712971324,High Value Customers
3478,1971,PhD,Married,60585.0,1,1,,17,267,42,309,55,42,21,10,7,4,9,5,0,0,0,0,0,1,0,54,2,736,,1,50-59,2,1.1319429075956815,-1.3249805175318785,Mid-Range Customers
7494,1950,PhD,Divorced,42873.0,1,1,,11,209,0,40,3,2,15,4,6,1,4,8,0,0,0,0,0,0,0,75,2,269,,0,70+,2,-0.6486461598338881,-1.808836672063375,Mid-Range Customers
1763,1988,Graduation,Together,87679.0,0,0,,62,1259,172,815,97,148,33,1,7,11,10,4,1,0,1,0,1,1,0,37,0,2524,,1,30-39,4,3.240910271125092,0.2642604896882353,Store-Focused Customers
7250,1978,Graduation,Together,57867.0,1,0,2013-01-10,48,344,35,178,15,23,17,7,7,2,9,6,0,0,0,0,0,0,0,47,1,612,4600.0,0,40-49,0,0.7414074627844877,-0.5267081200677153,Economy Customers
2005,1990,Graduation,Married,35765.0,1,0,2013-11-12,86,22,3,30,0,5,15,2,2,0,4,6,0,0,0,0,0,0,0,35,1,75,4294.0,0,30-39,1,-1.6635326724744375,1.3407301549999755,High Value Customers
10770,1959,Graduation,Married,65492.0,0,0,,73,247,161,295,210,85,47,2,4,7,13,2,0,0,0,0,0,0,0,66,0,1045,,0,60-69,4,2.3005901485436646,1.0377708889753072,Store-Focused Customers
6885,1977,Graduation,Divorced,32952.0,1,0,2013-01-12,36,38,0,12,3,1,1,1,2,0,3,7,0,0,0,0,0,0,0,48,1,55,4598.0,0,40-49,3,-1.8794167725954103,-0.3205999829289193,Digital Active Customers
2072,1969,PhD,Together,53374.0,0,1,,34,896,10,101,13,10,34,6,4,2,9,9,0,0,1,0,0,1,0,56,1,1064,,1,50-59,2,0.29059216415024364,-1.0282605958543563,Mid-Range Customers
9463,1959,Graduation,Together,71706.0,0,1,,16,931,56,253,91,98,14,4,9,5,7,5,0,0,0,0,0,0,0,66,1,1443,,0,60-69,2,2.0646937841090667,-1.5789493725487753,Mid-Range Customers
6318,1988,Graduation,Married,68487.0,0,0,,48,758,12,385,33,89,89,1,9,7,13,4,0,0,0,0,0,0,0,37,0,1366,,0,30-39,0,2.6038490148591196,-0.5315261521835873,Economy Customers
4093,1975,Master,Together,53253.0,1,1,2013-11-02,61,216,9,57,20,9,125,7,4,3,5,5,0,0,0,0,0,0,0,50,2,436,4304.0,0,40-49,1,-0.2796334387883995,0.4575450652052386,High Value Customers
5751,1973,2n Cycle,Divorced,31163.0,1,0,,54,2,3,10,11,2,10,1,1,0,3,6,0,0,0,0,0,0,0,52,1,38,,0,50-59,1,-1.8500130223546876,0.4674805651660823,High Value Customers
3340,1977,Graduation,Married,42014.0,1,0,,56,244,15,108,4,15,50,6,7,1,6,8,0,0,0,0,0,1,0,48,1,436,,1,40-49,0,-0.43442274834158257,-0.555256146534461,Economy Customers
3594,1973,Master,Married,54108.0,1,1,2012-05-11,74,539,6,91,8,6,97,13,8,2,9,8,0,0,0,0,0,0,0,52,2,747,4844.0,0,50-59,0,0.6818441826231275,-0.19410643705790082,Economy Customers
3584,1955,PhD,Single,49667.0,0,0,,35,1181,26,120,17,13,39,2,5,10,5,8,0,0,1,0,0,1,0,70,0,1396,,1,60-69,2,0.38411055211006173,-0.95715513482162,Mid-Range Customers
3643,1974,Master,Married,63206.0,0,0,,65,750,8,125,11,8,26,1,4,3,6,2,0,0,0,0,1,0,0,51,0,928,,1,50-59,4,0.9425891709174126,1.0027624398347919,Store-Focused Customers
851,1972,Master,Married,57136.0,1,1,2013-09-07,48,306,5,109,21,109,92,9,5,2,10,6,0,0,0,0,0,0,0,53,2,642,4360.0,0,50-59,0,0.7104509136247007,-0.3135646500026169,Economy Customers
7706,1975,2n Cycle,Together,46772.0,0,1,2012-07-11,88,350,104,189,197,151,57,6,11,8,5,8,0,0,1,0,0,0,0,50,1,1048,4783.0,1,40-49,0,0.5907700127044332,-0.09283180015040969,Economy Customers
3967,1971,PhD,Married,78931.0,0,0,,19,331,197,170,58,152,35,1,2,8,13,1,0,0,0,0,0,0,0,54,0,943,,0,50-59,4,2.1854409856864563,-0.08724672985201042,Store-Focused Customers
10128,1958,Graduation,Together,53977.0,0,1,2013-08-06,21,620,16,165,0,24,82,5,5,5,12,5,0,0,0,0,0,0,0,67,1,907,4392.0,0,60-69,2,1.4923667165922,-1.0813494336202405,Mid-Range Customers
486,1988,Graduation,Married,84219.0,0,0,2014-02-02,27,434,137,400,45,137,45,1,3,4,10,1,0,0,0,0,0,0,0,37,0,1198,4212.0,0,30-39,4,1.9782596184560044,0.16222026137848378,Store-Focused Customers
9,1975,Master,Single,46098.0,1,1,,86,57,0,27,0,0,36,4,3,2,2,8,0,0,0,0,0,0,0,50,2,120,,0,40-49,1,-1.7045057157618715,0.955270302926735,High Value Customers
9451,1965,Graduation,Married,73538.0,0,1,,92,811,76,428,99,137,107,3,10,4,9,7,0,0,0,0,0,0,0,60,1,1658,,0,50-59,0,2.3417944471583083,0.25235109545574974,Economy Customers
9264,1986,Graduation,Married,79529.0,0,0,,1,423,42,706,73,197,197,1,4,8,9,2,0,0,0,0,0,0,0,39,0,1638,,0,30-39,4,2.112681266982333,-0.8854544234819857,Store-Focused Customers
3865,1977,2n Cycle,Together,20981.0,0,0,,14,2,12,10,6,13,30,1,3,1,2,8,0,0,0,0,0,1,0,48,0,73,,1,40-49,3,-2.2620061048498528,-1.2621187930606692,Digital Active Customers
2853,1980,Graduation,Single,51766.0,1,0,2014-11-03,74,60,51,87,6,20,51,2,4,2,4,5,0,0,0,0,0,0,0,45,1,275,3938.0,0,40-49,1,-0.649818598064957,0.8810425426704808,High Value Customers
1490,1962,Graduation,Married,55759.0,0,1,,84,675,0,85,10,7,77,5,10,3,8,8,0,0,0,0,0,0,0,63,1,854,,0,60-69,0,1.0671828649025277,-0.16500349039566561,Economy Customers
6310,1978,Graduation,Married,33039.0,1,0,2013-09-09,4,30,8,12,8,8,12,1,2,0,4,5,0,0,0,0,0,0,0,47,1,78,4358.0,0,40-49,3,-1.4272199181280307,-1.0103349935534247,Digital Active Customers
10380,1972,Master,Married,37787.0,1,0,,50,40,1,40,4,3,18,1,3,0,3,8,0,0,0,0,0,0,0,53,1,106,,0,50-59,3,-1.69808321393806,-0.17634764145077272,Digital Active Customers
3887,1970,Graduation,Single,27242.0,1,0,2012-11-11,2,3,17,26,20,1,39,2,2,0,3,9,0,0,0,0,0,1,0,55,1,106,4660.0,1,50-59,3,-2.1703567982009,-1.6587051492620788,Digital Active Customers
4278,1983,PhD,Single,87188.0,0,0,2013-03-06,73,910,111,724,49,74,55,1,10,2,6,3,0,0,0,0,0,1,0,42,0,1923,4545.0,1,40-49,0,2.761234034832657,0.4222428007157748,Economy Customers
8643,1971,Graduation,Together,69930.0,0,0,,21,252,98,827,219,70,196,1,4,5,12,3,0,0,0,0,0,0,0,54,0,1662,,0,50-59,4,2.4353116314312064,-0.5803625266060055,Store-Focused Customers
1998,1976,Graduation,Single,37697.0,1,0,2014-07-02,82,34,6,21,11,4,8,1,2,1,3,6,0,0,0,0,0,0,0,49,1,84,4062.0,0,40-49,1,-1.5864267866661041,1.2028427885155304,High Value Customers
10795,1973,PhD,Married,37401.0,1,0,2014-06-05,14,19,3,19,3,1,3,2,2,0,3,7,0,0,0,0,0,0,0,52,1,48,4089.0,0,50-59,3,-1.7564245066541806,-0.975577832121933,Digital Active Customers
11110,1973,Graduation,Single,3502.0,1,0,,56,2,1,1,0,0,1,0,0,0,0,14,0,0,0,0,0,0,0,52,1,5,,0,50-59,3,-4.196109051238711,-0.49424115546903863,Digital Active Customers
2408,1976,Graduation,Married,58597.0,1,1,,20,490,0,184,10,28,21,12,7,4,9,7,0,0,0,0,0,0,0,49,2,733,,0,40-49,2,0.7213604761034135,-1.5078435934621006,Mid-Range Customers
202,1948,PhD,Widow,82032.0,0,0,2014-05-04,54,332,194,377,149,125,57,0,4,6,7,1,0,0,0,0,0,0,0,77,0,1234,4121.0,0,70+,4,2.1852092696634897,0.7627838963957063,Store-Focused Customers
7998,1958,Graduation,Together,28087.0,1,1,2012-11-12,77,53,8,17,13,0,21,3,2,2,2,7,0,0,0,0,0,0,0,67,2,112,4659.0,0,60-69,1,-1.812541065815056,0.8435970637716124,High Value Customers
830,1987,PhD,Single,74004.0,0,0,,5,784,48,560,42,176,48,1,4,6,4,3,1,0,0,0,1,1,0,38,0,1658,,1,30-39,4,1.131023077262957,-0.8084426031872122,Store-Focused Customers
3536,1960,Graduation,Together,19740.0,0,1,,65,7,11,3,10,4,20,2,1,1,3,5,0,0,0,0,0,0,0,65,1,55,,0,60-69,1,-1.7262666450258295,0.8565171878782843,High Value Customers
6050,1975,2n Cycle,Married,57036.0,0,1,2012-11-12,33,1171,43,219,19,14,47,4,6,3,13,9,0,0,1,0,0,0,0,50,1,1513,4659.0,1,40-49,0,1.5093295056367373,-1.379026711997071,Economy Customers
125,1958,2n Cycle,Together,53083.0,1,1,,65,215,7,33,3,0,13,6,5,1,5,7,0,0,0,1,0,0,0,67,2,271,,1,60-69,1,-0.3762719976725184,0.10754916696265442,High Value Customers
3463,1975,PhD,Married,69283.0,0,1,,41,674,62,134,0,26,8,4,7,3,13,5,0,0,0,0,0,0,0,50,1,904,,0,40-49,0,1.975678277729401,-0.660943139831501,Economy Customers
2804,1975,Master,Single,46098.0,1,1,,86,57,0,27,0,0,36,4,3,2,2,8,0,0,0,0,0,1,0,50,2,120,,1,40-49,1,-1.7045057157618715,0.955270302926735,High Value Customers
3745,1988,2n Cycle,Married,23331.0,1,0,2012-04-09,92,5,36,7,0,10,45,2,3,0,3,8,0,0,0,0,0,0,0,37,1,103,4876.0,0,30-39,1,-2.1663629345787,1.0837162540435918,High Value Customers
9771,1988,2n Cycle,Single,23331.0,1,0,2012-05-10,97,104,20,101,24,15,5,6,5,1,5,9,0,0,0,0,0,0,0,37,1,269,4845.0,0,30-39,1,-1.6213075292192936,0.7858928804556831,High Value Customers
451,1989,Graduation,Single,9255.0,1,0,,91,9,0,7,2,0,4,1,1,1,2,8,0,0,0,0,0,0,0,36,1,22,,0,30-39,1,-2.923717604980288,1.2949165635236963,High Value Customers
10530,1959,PhD,Widow,67786.0,0,0,2013-07-12,0,431,82,441,80,20,102,1,3,6,6,1,0,0,0,0,0,1,0,66,0,1156,4417.0,1,60-69,4,1.4163554931851188,-0.7012305490281658,Store-Focused Customers
1079,1971,PhD,Married,71969.0,0,1,,59,1000,0,76,0,0,10,3,3,4,9,8,0,0,0,1,0,0,0,54,1,1086,,1,50-59,0,0.6605623333352496,0.052708276891473047,Economy Customers
8920,1967,Master,Single,59235.0,1,0,2013-12-01,4,448,40,469,80,0,91,3,11,2,12,7,0,0,0,0,0,0,0,58,1,1128,4275.0,0,50-59,2,2.146396999185737,-2.6014933489765357,Mid-Range Customers
6678,1989,Graduation,Together,31928.0,1,0,,5,33,4,24,4,2,5,2,3,0,4,7,0,0,0,0,0,0,0,36,1,72,,0,30-39,3,-1.7688472830714281,-1.3590241564827505,Digital Active Customers
3852,1961,Master,Together,74881.0,1,1,2013-08-03,48,505,72,270,36,27,54,4,9,2,12,5,0,0,0,0,0,0,0,64,2,964,4395.0,0,60-69,0,2.4333438201324635,-0.718591604158035,Economy Customers
528,1978,Graduation,Married,65819.0,0,0,,99,267,38,701,149,165,63,1,5,4,10,3,0,0,0,0,0,0,0,47,0,1383,,0,40-49,4,1.8958674779739906,1.6726024966653579,Store-Focused Customers
73,1953,PhD,Single,51411.0,1,2,,81,14,0,3,0,0,1,1,0,0,3,5,0,0,0,0,0,0,0,72,3,18,,0,70+,1,-1.2006074942047464,1.5390419078821138,High Value Customers
5589,1964,Graduation,Divorced,51983.0,0,1,,95,631,0,115,10,7,30,3,9,2,10,7,0,0,0,0,0,0,0,61,1,793,,0,60-69,0,1.234718697079034,0.3835001747573809,Economy Customers
10212,1986,Master,Together,42386.0,1,0,,43,65,4,16,0,4,11,1,3,0,3,8,0,0,0,0,0,0,0,39,1,100,,0,30-39,3,-1.798925563553409,-0.32294468453941544,Digital Active Customers
6365,1987,2n Cycle,Married,30390.0,0,0,2013-02-09,5,10,12,12,25,1,20,1,2,0,3,6,0,0,0,0,0,0,0,38,0,80,4570.0,0,30-39,3,-1.8903451508591462,-1.077193712110642,Digital Active Customers
5636,1963,Graduation,Single,30983.0,0,0,2012-09-11,50,51,4,50,12,1,49,1,4,0,3,8,0,0,0,0,0,1,0,62,0,167,4721.0,1,60-69,1,-1.5258502919369188,-0.3580974377134335,High Value Customers
591,1957,Graduation,Widow,66033.0,0,1,,76,293,35,179,46,59,65,2,8,3,7,7,0,0,0,0,0,0,0,68,1,677,,0,60-69,0,0.915280372096263,0.03627982787775741,Economy Customers
2217,1975,2n Cycle,Married,37284.0,1,1,,46,11,1,2,2,1,6,1,0,0,3,6,0,0,0,0,0,0,0,50,2,23,,0,40-49,3,-1.9084555508824022,0.3846517156071727,Digital Active Customers
2544,1951,Master,Divorced,57530.0,0,1,2013-12-10,68,50,1,27,6,7,1,1,1,1,4,1,0,0,0,0,0,0,0,74,1,92,4266.0,0,70+,1,-0.1081533580741104,1.5775015944286261,High Value Customers
7725,1965,2n Cycle,Married,76800.0,0,0,2014-08-03,33,173,26,255,35,71,81,1,4,4,7,1,0,0,0,0,0,0,0,60,0,641,4030.0,0,50-59,4,1.362474019652786,0.18259687159625765,Store-Focused Customers
8091,1956,Graduation,Married,63943.0,0,1,2012-02-09,50,423,184,368,13,97,21,1,6,4,6,5,0,0,0,0,0,0,0,69,1,1106,4936.0,0,60-69,2,1.138761599363381,-0.18726926957563786,Mid-Range Customers
7321,1962,Graduation,Together,76081.0,0,0,,85,292,30,415,63,33,200,1,4,5,4,2,1,0,0,0,0,0,0,63,0,1033,,1,60-69,4,1.141316373774146,1.6432409095202873,Store-Focused Customers
5462,1974,Graduation,Married,67445.0,0,1,2012-12-08,63,757,80,217,29,80,11,5,9,6,12,6,0,0,0,0,0,0,0,51,1,1174,4633.0,0,50-59,0,2.1538705385503625,-0.3941071739951371,Economy Customers
7791,1967,Master,Married,37054.0,1,1,,89,12,1,6,0,1,5,2,1,0,3,7,0,0,0,0,0,0,0,58,2,25,,0,50-59,1,-1.81679501363488,1.367216869683291,High Value Customers
955,1962,Master,Together,47175.0,1,1,,81,167,2,44,6,2,19,7,4,2,4,8,0,0,1,0,0,1,0,63,2,240,,1,60-69,1,-0.9926562452227373,0.5900086829483786,High Value Customers
4037,1976,Graduation,Divorced,31859.0,1,0,,77,3,1,3,8,0,5,1,1,0,2,7,0,0,0,0,0,0,0,49,1,20,,0,40-49,1,-2.1837183881020126,1.04650530018418,High Value Customers
6642,1961,Graduation,Divorced,27215.0,2,1,,50,30,5,22,8,9,28,4,2,1,4,6,0,0,0,0,0,0,0,64,3,102,,0,60-69,1,-1.4382262506954842,0.14267163832192736,High Value Customers
2793,1976,PhD,Divorced,70179.0,0,1,,10,532,88,168,69,44,133,3,7,3,13,5,0,0,0,0,0,0,0,49,1,1034,,0,40-49,2,2.0804621456841277,-1.5793766268772986,Mid-Range Customers
5424,1983,Graduation,Married,39922.0,1,0,,30,29,12,59,19,1,36,2,3,0,4,8,0,0,0,0,0,0,0,42,1,156,,0,40-49,3,-1.617195046356245,-0.7513410636323883,Digital Active Customers
879,1976,Master,Married,49681.0,0,2,2013-04-11,66,411,0,26,0,0,21,6,7,1,7,7,0,0,0,0,0,0,0,49,2,458,4509.0,0,40-49,0,0.043313523981990266,-0.11789642783144987,Economy Customers
9530,1988,Graduation,Married,24645.0,1,0,2012-01-11,16,5,3,4,4,1,0,1,1,0,2,8,0,0,0,0,0,0,0,37,1,17,4965.0,0,30-39,3,-2.6470103139968213,-0.8945939061268869,Digital Active Customers
4828,1954,Graduation,Divorced,79865.0,0,1,,12,71,99,278,185,121,38,1,5,10,5,1,0,0,0,0,0,0,0,71,1,792,,0,70+,2,1.5240537119296051,-0.5557991656640838,Mid-Range Customers
10699,1985,Graduation,Married,44322.0,1,0,,30,46,0,40,3,0,3,2,3,0,3,8,0,0,0,0,0,0,0,40,1,92,,0,30-39,3,-1.760077316848088,-0.7075140230833804,Digital Active Customers
1497,1952,Graduation,Single,47958.0,0,1,,8,268,11,88,15,3,22,2,6,3,5,5,0,0,0,0,0,0,0,73,1,407,,0,70+,2,0.1432329218977603,-1.4747303116319743,Mid-Range Customers
7476,1964,Master,Single,63972.0,0,1,2012-02-12,93,928,63,254,0,12,12,4,5,4,10,4,0,0,0,1,0,0,0,61,1,1269,4933.0,1,60-69,0,1.7900485128938464,1.2999584997046294,Economy Customers
4390,1954,Graduation,Together,75315.0,0,1,,14,459,15,171,142,23,31,2,5,4,12,2,0,0,0,0,0,0,0,71,1,841,,0,70+,2,2.347945699109683,-0.811272701223601,Mid-Range Customers
10478,1950,PhD,Married,55517.0,1,1,,53,483,0,108,0,6,36,5,11,1,6,9,0,0,0,0,0,1,0,75,2,633,,1,70+,0,0.7096362835274163,-1.3538620055242074,Economy Customers
1081,1957,PhD,Married,75283.0,1,2,,26,733,9,180,12,19,66,11,6,3,5,4,0,0,0,0,0,0,0,68,3,1019,,0,60-69,2,1.2665995461915758,-0.698402896594849,Mid-Range Customers
4261,1946,PhD,Single,82800.0,0,0,,23,1006,22,115,59,68,45,1,7,6,12,3,1,0,0,0,1,1,0,79,0,1315,,1,70+,2,3.1055248725907836,-0.9503194733038791,Mid-Range Customers
9916,1954,Graduation,Married,38998.0,1,1,2012-03-11,92,34,1,14,0,0,5,3,2,0,3,8,0,0,0,0,0,0,1,71,2,54,4905.0,0,70+,1,-1.608425347561127,1.147660980975837,High Value Customers
5350,1991,Master,Single,90638.0,0,0,,29,1156,120,915,94,144,96,1,3,4,10,1,0,0,0,0,1,1,0,34,0,2525,,1,30-39,4,3.1789900413662306,0.24228586371983568,Store-Focused Customers
8135,1986,Master,Married,27161.0,1,0,,41,7,4,23,7,0,11,1,1,0,3,7,0,0,0,0,0,0,0,39,1,52,,0,30-39,3,-2.2380034224153382,-0.030024442826680434,Digital Active Customers
8685,1977,Graduation,Married,42014.0,1,0,,56,244,15,108,4,15,50,6,7,1,6,8,0,0,0,0,0,1,0,48,1,436,,1,40-49,0,-0.43442274834158257,-0.555256146534461,Economy Customers
4967,1960,PhD,Together,38201.0,0,1,,19,233,0,23,0,0,12,4,5,1,5,8,0,0,0,0,0,0,0,65,1,268,,0,60-69,2,-0.8506792530600555,-1.4446688232577152,Mid-Range Customers
2130,1982,Graduation,Together,45203.0,2,0,,4,35,3,67,10,8,24,1,3,1,3,6,0,0,0,0,0,1,0,43,2,147,,1,40-49,3,-1.358691918902583,-1.2070623445588213,Digital Active Customers
9298,1947,PhD,Together,81574.0,0,0,,89,1252,0,465,46,35,0,1,4,5,8,1,0,0,0,1,1,0,0,78,0,1798,,1,70+,4,2.82044783314072,1.7738911051516195,Store-Focused Customers
8175,1992,Graduation,Married,34935.0,0,0,,71,34,4,66,3,10,20,1,2,1,4,7,0,0,0,0,0,0,0,33,0,137,,0,30-39,1,-1.8104399316226667,0.7560139722408871,High Value Customers
6257,1976,Master,Single,60482.0,0,1,,81,255,43,134,37,14,24,1,7,2,7,7,0,0,0,0,0,0,0,49,1,507,,0,40-49,0,0.2917507965636169,0.3627379140355088,Economy Customers
3790,1956,Graduation,Together,34633.0,2,1,,31,8,1,5,0,0,1,1,1,0,2,6,0,0,0,0,0,0,0,69,3,15,,0,60-69,3,-1.737701651581085,-0.24160235588813367,Digital Active Customers
9952,1947,Master,Together,78093.0,0,0,2013-11-12,53,368,32,639,13,43,10,1,4,7,5,1,0,0,0,0,0,0,0,78,0,1105,4294.0,0,70+,4,1.7233470395605301,0.7635377572964235,Store-Focused Customers
3503,1950,Graduation,Divorced,82460.0,0,0,2013-02-12,78,255,47,573,52,32,15,1,5,3,6,1,0,0,0,0,0,0,0,75,0,974,4567.0,0,70+,4,1.942101868297311,1.3813061177363135,Store-Focused Customers
5223,1966,Master,Together,45903.0,0,1,,80,33,8,10,2,10,3,2,2,1,3,4,0,0,0,0,0,0,0,59,1,66,,0,50-59,1,-1.0120700883949743,1.4183302673942306,High Value Customers
4608,1987,Graduation,Divorced,81361.0,0,0,,18,163,23,424,27,65,76,1,3,10,13,1,0,0,0,0,0,1,0,38,0,778,,1,30-39,4,2.0186161642753184,-0.1832910711454463,Store-Focused Customers
1626,1973,PhD,Divorced,35860.0,1,1,,37,15,0,8,4,2,20,2,1,1,2,5,0,0,1,0,0,1,0,52,2,49,,1,50-59,3,-1.749561820429395,0.139847892093993,Digital Active Customers
4764,1952,Master,Together,40442.0,1,1,,52,45,12,52,25,22,13,4,3,1,4,7,0,0,0,0,0,1,0,73,2,169,,1,70+,1,-1.0376258397736873,-0.057832050397623895,High Value Customers
2471,1965,Graduation,Married,61482.0,0,0,,39,48,58,68,16,66,43,1,3,2,6,2,0,0,0,0,0,0,0,60,0,299,,0,50-59,2,0.3559127612188341,0.32619901112381156,Mid-Range Customers
5892,1980,Graduation,Married,34968.0,1,0,2013-10-04,11,158,6,45,8,2,2,7,3,2,5,7,0,0,0,0,0,0,0,45,1,221,4333.0,0,40-49,3,-1.3227590818736104,-1.224961962240629,Digital Active Customers
2612,1987,Graduation,Married,75794.0,0,0,,33,754,160,625,63,32,48,1,7,5,12,3,1,0,0,0,0,0,0,38,0,1682,,1,30-39,4,2.758164478316506,-0.5383106853919231,Store-Focused Customers
4971,1962,PhD,Together,31497.0,0,1,2012-06-12,22,108,1,28,13,1,4,2,3,1,4,8,0,0,0,0,0,0,0,63,1,155,4812.0,0,60-69,3,-1.508241932463017,-1.08740927803655,Digital Active Customers
5185,1955,Graduation,Married,74268.0,0,0,,83,199,66,315,97,174,41,1,4,3,5,2,0,0,0,0,0,0,0,70,0,892,,0,60-69,4,1.2238637778410713,1.532576879529934,Store-Focused Customers
10069,1988,Basic,Together,13724.0,1,0,,43,2,7,5,2,15,27,1,2,0,2,9,0,0,1,0,0,0,0,37,1,58,,1,30-39,3,-2.830833585903529,-0.3956701613037119,Digital Active Customers
2262,1965,Master,Together,45143.0,0,1,,74,202,5,74,11,5,14,3,6,1,5,7,0,0,0,0,0,0,0,60,1,311,,0,50-59,1,-0.44651482077919297,0.24473858150697858,High Value Customers
1131,1967,PhD,Single,52569.0,0,1,2014-05-04,54,85,0,3,0,0,7,1,2,0,4,3,0,0,0,0,0,0,0,58,1,95,4121.0,0,50-59,1,-0.583115315816635,0.78660263940729,High Value Customers
1041,1973,PhD,Single,48432.0,0,1,,3,322,3,50,4,3,42,5,7,1,6,8,0,0,0,0,0,1,0,52,1,424,,1,50-59,2,-0.2873709631450533,-2.127660811725321,Mid-Range Customers
24,1960,Master,Together,17144.0,1,1,,96,18,2,19,0,2,6,5,3,0,4,7,0,0,0,0,0,0,0,65,2,47,,0,60-69,1,-1.6687555828180147,1.2077294941278482,High Value Customers
3409,1984,Graduation,Single,36108.0,1,0,,68,141,8,129,3,11,47,3,7,1,4,9,0,0,1,0,0,0,0,41,1,339,,1,40-49,1,-1.1591950370521251,-0.2879682099951175,High Value Customers
7022,1971,Graduation,Married,76445.0,1,0,,2,739,107,309,140,80,35,1,2,5,13,6,0,0,0,0,0,0,0,54,1,1410,,0,50-59,2,1.7595093751958277,-1.3124671514729727,Mid-Range Customers
7943,1975,PhD,Married,36663.0,1,0,,40,18,0,6,3,3,5,1,1,1,3,2,0,0,0,0,0,0,0,50,1,35,,0,40-49,3,-1.1645264150916301,0.6403636846112631,Digital Active Customers
5272,1965,Master,Married,53843.0,0,1,,64,378,0,88,19,4,73,4,8,5,3,7,0,0,0,0,0,0,0,60,1,562,,0,50-59,0,-0.10050326072524857,-0.24096463820291766,Economy Customers
5453,1956,Master,Married,90226.0,0,0,,26,1083,108,649,253,151,108,1,4,7,12,2,1,0,0,0,0,0,0,69,0,2352,,1,60-69,4,3.7461484694007043,-0.28188421552290494,Store-Focused Customers
2565,1955,Master,Divorced,70638.0,0,0,2013-01-06,69,1016,12,215,16,12,63,1,4,5,10,3,0,0,0,1,0,0,0,70,0,1334,4604.0,1,60-69,4,2.0999509357953885,0.8457223571792382,Store-Focused Customers
800,1960,Graduation,Together,44512.0,1,1,,57,23,1,6,0,0,2,2,1,0,3,4,0,0,0,0,0,0,0,65,2,32,,0,60-69,1,-1.1288927038801675,0.8379141748952865,High Value Customers
11092,1961,Graduation,Married,27116.0,1,1,2014-02-03,78,12,1,21,2,2,3,2,2,0,3,7,0,0,0,0,0,0,0,64,2,41,4211.0,0,60-69,1,-1.7830759125783986,0.8583279899207825,High Value Customers
5062,1963,PhD,Married,54072.0,1,1,,71,35,0,4,0,0,0,1,2,0,2,8,0,0,0,0,0,0,0,62,2,39,,0,60-69,1,-1.6054950312282366,0.6227815454696675,High Value Customers
8969,1977,Graduation,Married,71855.0,0,1,,59,548,31,422,0,112,28,4,5,5,11,3,0,0,0,0,0,0,0,48,1,1141,,0,40-49,4,1.9528459582578477,0.47552739656604137,Store-Focused Customers
4656,1990,2n Cycle,Single,51250.0,1,0,,28,342,32,230,34,32,40,5,10,5,4,9,0,0,1,0,0,0,0,35,1,710,,1,30-39,0,-0.25215787024364,-1.802548122367782,Economy Customers
4480,1973,Master,Married,60432.0,0,1,2014-09-03,61,365,3,15,4,3,11,5,7,2,5,6,0,0,0,0,0,0,0,52,1,401,3999.0,0,50-59,0,0.09632810557869413,-0.05584280775992386,Economy Customers
9971,1964,PhD,Married,65526.0,0,1,2014-11-04,22,397,19,69,12,0,9,1,4,4,8,2,0,0,0,0,0,0,0,61,1,506,3937.0,0,60-69,2,1.0389634130421739,-0.34725719810633204,Mid-Range Customers
6729,1988,Graduation,Single,68655.0,0,0,2012-10-08,95,456,19,832,75,118,38,1,4,5,11,3,0,0,0,0,0,0,0,37,0,1538,4694.0,0,30-39,4,1.9629705298569213,1.7017289809262126,Store-Focused Customers
1773,1978,2n Cycle,Married,12393.0,0,0,2012-04-12,38,5,6,15,11,7,13,1,2,0,3,9,0,0,0,0,0,0,0,47,0,57,4873.0,0,40-49,3,-2.583485121469315,-0.6054124937518364,Digital Active Customers
9242,1990,Graduation,Single,64509.0,0,0,,19,836,185,575,24,25,77,1,6,3,9,4,0,0,1,0,0,1,0,35,0,1722,,1,30-39,4,1.81327161682191,-0.9252109765961285,Store-Focused Customers
1764,1975,Graduation,Single,33955.0,1,0,2013-09-08,92,100,2,128,23,7,10,4,5,1,5,8,0,0,0,0,0,0,0,50,1,270,4359.0,0,40-49,1,-1.1013276122255513,0.7678421899003949,High Value Customers
6215,1977,Graduation,Married,31353.0,1,1,,24,10,0,10,3,1,7,2,1,1,2,8,0,0,0,0,0,1,0,48,2,31,,1,40-49,3,-2.3653299212559826,-0.6724401624406325,Digital Active Customers
10099,1984,Graduation,Married,55434.0,1,0,2013-05-10,21,238,115,215,169,69,76,3,5,3,13,4,0,0,0,0,0,0,0,41,1,882,4480.0,0,40-49,4,1.4634401400213508,-0.8697166122731734,Store-Focused Customers
5423,1983,Graduation,Together,28359.0,1,0,,35,6,0,5,2,1,2,1,1,0,2,7,0,0,0,0,0,0,0,42,1,16,,0,40-49,3,-2.3547730944091603,-0.19221827899837574,Digital Active Customers
940,1987,Graduation,Single,57100.0,1,0,,9,158,11,99,15,11,17,2,3,2,7,3,0,0,0,0,0,0,0,38,1,311,,0,30-39,3,-0.015668424949847014,-0.6712289357064166,Digital Active Customers
3011,1965,Graduation,Married,69139.0,0,1,,23,86,12,75,33,15,6,1,4,1,5,4,0,0,0,0,0,0,0,60,1,227,,0,50-59,2,0.11435089560999233,-0.5154423750259688,Mid-Range Customers
3298,1956,Master,Married,52973.0,0,1,2012-08-11,92,856,0,76,12,9,199,7,9,6,9,8,0,0,0,0,0,0,0,69,1,1152,4752.0,0,60-69,0,1.358503035295042,0.14867298129786888,Economy Customers
8286,1965,PhD,Together,51717.0,0,1,,55,98,1,17,0,1,5,1,3,0,4,7,0,0,0,1,0,0,0,60,1,122,,1,50-59,1,-1.0319023759650237,0.11150299265045499,High Value Customers
9668,1971,Graduation,Married,18793.0,1,0,2013-12-01,14,4,16,20,0,17,20,3,2,0,4,8,0,0,0,0,0,0,0,54,1,77,4275.0,0,50-59,3,-2.0635646045888936,-1.2054203736755902,Digital Active Customers
5120,1982,2n Cycle,Together,66664.0,0,0,,78,398,96,447,220,96,32,1,5,7,6,3,0,0,0,0,0,0,0,43,0,1289,,0,40-49,4,1.191640059890952,1.1545945900469587,Store-Focused Customers
6097,1959,Graduation,Single,50664.0,1,1,,64,313,8,104,6,4,126,9,8,1,6,9,0,0,0,0,0,0,0,66,2,561,,0,60-69,0,0.04660417152746918,-0.6223406593184004,Economy Customers
7019,1963,Graduation,Together,54414.0,1,1,,49,109,18,16,24,26,18,4,3,1,5,4,0,0,0,0,0,0,0,62,2,211,,0,60-69,1,-0.275529997687003,0.33550718475697916,High Value Customers
7408,1952,PhD,Married,54549.0,0,1,2014-03-03,8,216,2,6,0,0,9,2,5,1,4,7,0,0,0,0,0,0,0,73,1,233,4183.0,0,70+,2,-0.4654194701483621,-1.5835394849128444,Mid-Range Customers
8041,1971,PhD,Widow,47111.0,0,1,2012-08-09,35,595,71,153,120,112,41,6,3,2,10,9,0,0,0,0,0,0,0,54,1,1092,4754.0,0,50-59,2,0.18411949110191506,-0.9049992869411242,Mid-Range Customers
252,1963,PhD,Divorced,41003.0,0,0,,11,123,133,142,71,44,88,1,6,2,8,6,0,0,0,0,0,0,0,62,0,601,,0,60-69,2,0.31930594257981065,-1.5810264152416853,Mid-Range Customers
9986,1982,Graduation,Together,19444.0,1,0,,8,16,0,23,3,2,10,3,4,1,2,7,0,0,0,0,0,1,0,43,1,54,,1,40-49,3,-2.0865481062391154,-1.4165383338591782,Digital Active Customers
3276,1976,2n Cycle,Together,36301.0,1,0,,53,11,12,35,3,5,12,1,3,0,3,7,0,0,0,0,0,0,0,49,1,78,,0,40-49,3,-1.6466529608660785,0.06358463378490373,Digital Active Customers
3859,1947,PhD,Together,73059.0,0,1,,36,410,112,420,0,82,71,1,9,3,13,4,0,0,0,0,0,0,0,78,1,1095,,0,70+,2,2.9858107843568913,-1.0115212102434392,Mid-Range Customers
3570,1969,PhD,Together,42731.0,1,0,,64,159,2,51,6,2,24,3,4,1,5,5,0,0,0,0,0,0,0,56,1,244,,0,50-59,1,-0.561024893371,0.4948620919115227,High Value Customers
3783,1959,PhD,Married,52854.0,1,1,,43,105,0,10,0,1,0,2,2,1,4,5,0,0,0,0,0,0,0,66,2,116,,0,60-69,1,-0.7673579707822678,0.14954665541179799,High Value Customers
10207,1978,Graduation,Together,22775.0,1,0,,40,5,1,8,0,0,1,1,1,0,2,8,0,0,0,0,0,0,0,47,1,15,,0,40-49,3,-2.5483468946354106,-0.21924972686805985,Digital Active Customers
10906,1948,PhD,Together,46681.0,0,2,2013-08-10,52,269,15,69,15,19,38,2,4,6,4,5,0,0,0,0,0,0,0,77,2,425,4388.0,0,70+,2,-0.21320946227301216,0.09997093730270669,Mid-Range Customers
3427,1955,PhD,Married,59821.0,0,1,2013-12-04,11,629,0,70,0,0,35,6,11,2,7,8,0,0,0,0,0,0,0,70,1,734,4272.0,0,60-69,2,1.0988911258995482,-2.4567618761643795,Mid-Range Customers
5209,1954,Graduation,Divorced,50002.0,0,1,,21,443,5,71,21,16,82,2,8,2,7,7,0,0,0,0,0,0,0,71,1,638,,0,70+,2,0.6043755691945816,-1.6629225335850106,Mid-Range Customers
10711,1945,Graduation,Married,69755.0,0,0,2013-02-10,23,217,77,373,111,23,93,1,3,6,12,1,0,0,0,0,0,0,0,80,0,894,4569.0,0,70+,4,2.2945118136331093,-0.19136170529849725,Store-Focused Customers
10785,1969,Graduation,Married,44078.0,1,1,,17,24,1,10,2,0,4,2,2,0,3,5,0,0,0,0,0,0,0,56,2,41,,0,50-59,3,-1.2773572454481728,-0.5956894780947775,Digital Active Customers
2814,1976,Master,Together,30560.0,1,0,,6,9,1,5,4,5,7,1,1,0,3,7,0,0,0,0,0,0,0,49,1,31,,0,40-49,3,-2.0729541269616165,-1.0958812947439158,Digital Active Customers
6866,1969,Master,Together,35924.0,1,1,,56,8,0,14,2,3,7,1,1,0,3,5,0,0,0,0,0,0,0,56,2,34,,0,50-59,1,-1.5582881488767133,0.6700373139279148,High Value Customers
1665,1964,PhD,Divorced,64140.0,0,2,,71,1459,0,61,0,15,215,5,2,5,6,5,0,1,1,0,1,1,0,61,2,1750,,1,60-69,4,1.0568200442666134,0.9787384233621141,Store-Focused Customers
6575,1981,Graduation,Together,56386.0,1,1,,51,230,48,214,13,32,75,8,9,1,7,9,0,0,0,0,0,0,0,44,2,612,,0,40-49,0,0.18889967451873277,-1.069542598674379,Economy Customers
3829,1979,Basic,Together,24594.0,1,0,2013-10-12,94,1,3,6,10,0,9,1,1,0,3,5,0,0,0,0,0,0,0,46,1,29,4325.0,0,40-49,1,-1.8934090588362236,1.800465222285447,High Value Customers
3091,1981,2n Cycle,Together,75774.0,1,0,2014-02-05,27,340,21,134,258,14,56,1,7,5,8,4,0,0,0,0,0,0,0,44,1,823,4209.0,0,40-49,2,1.372422402256236,-0.7817285325134701,Mid-Range Customers
10141,1960,Master,Divorced,39228.0,0,0,2013-10-05,1,7,1,6,0,3,3,1,0,0,3,4,0,0,0,0,0,0,0,65,0,20,4332.0,0,60-69,3,-1.386840088396912,-0.7178837076376458,Digital Active Customers
5177,1974,Master,Married,58494.0,0,1,2013-12-12,56,298,7,68,4,0,19,2,6,2,6,6,0,0,0,0,0,0,0,51,1,396,4264.0,0,50-59,0,0.05449106685780865,-0.1008582545972933,Economy Customers
7005,1981,Graduation,Single,58684.0,0,0,,71,479,35,179,28,7,85,1,5,3,12,2,0,0,0,1,0,0,0,44,0,813,,1,40-49,4,1.6803522067541885,0.9263214163142937,Store-Focused Customers
6409,1967,Graduation,Divorced,57136.0,0,0,,18,267,140,599,34,12,127,1,7,5,7,6,0,0,0,0,0,1,0,58,0,1179,,1,50-59,2,1.0468690451563223,-1.4190043355189486,Mid-Range Customers
7485,1950,PhD,Widow,56551.0,1,1,2014-07-05,48,67,4,32,17,2,16,3,2,1,4,4,0,0,0,0,0,0,0,75,2,138,4059.0,0,70+,1,-0.4085054594849269,0.4210032597128347,High Value Customers
8079,1982,Graduation,Married,22448.0,1,0,,86,3,1,8,23,2,18,3,2,1,3,3,0,0,0,0,0,0,0,43,1,55,,0,40-49,1,-1.5126990552839652,1.7188922203101156,High Value Customers
8395,1961,Graduation,Single,82014.0,0,0,,48,980,37,265,35,163,31,1,3,6,12,6,0,0,0,0,0,1,0,64,0,1511,,1,60-69,4,2.077850317090592,-0.06557465968776333,Store-Focused Customers
10352,1963,Graduation,Widow,34213.0,1,1,2012-07-09,2,50,4,28,6,3,26,3,3,1,2,9,0,0,0,0,0,1,0,62,2,117,4785.0,1,60-69,3,-1.9530725914994738,-1.7671675483767673,Digital Active Customers
4931,1977,Graduation,Together,157146.0,0,0,,13,1,0,1725,2,1,1,0,0,28,0,1,0,0,0,0,0,0,0,48,0,1730,,0,40-49,4,2.077197791495388,0.5488291482956011,Store-Focused Customers
13,1947,PhD,Widow,25358.0,0,1,,57,19,0,5,0,0,8,2,1,0,3,6,0,0,0,0,0,0,0,78,1,32,,0,70+,1,-1.62858910212261,0.450529553997322,High Value Customers
1834,1978,Master,Single,35544.0,1,0,2014-08-03,77,30,5,23,4,1,4,1,2,0,3,7,0,0,0,0,0,0,0,47,1,67,4030.0,0,40-49,1,-1.8219461360170324,0.9125049147787736,High Value Customers
2285,1954,Master,Together,36634.0,0,1,,0,213,9,76,4,3,30,3,5,2,5,7,0,0,0,0,0,0,0,71,1,335,,0,70+,2,-0.5981779449914174,-1.89508915248284,Mid-Range Customers
2295,1954,PhD,Married,62670.0,0,1,2014-02-02,57,539,30,92,80,46,38,1,5,3,13,3,0,0,0,0,0,0,0,71,1,825,4212.0,0,70+,4,2.1012691451375565,0.26602653936498477,Store-Focused Customers
1378,1972,2n Cycle,Together,50334.0,0,1,,24,284,16,160,84,16,134,6,7,4,6,6,0,0,0,0,0,0,0,53,1,694,,0,50-59,2,0.30184064621220263,-1.2184148017410235,Mid-Range Customers
2781,1981,Graduation,Single,72066.0,0,0,,55,1003,34,536,134,51,34,1,4,6,6,2,1,0,0,0,1,1,0,44,0,1792,,1,40-49,4,1.744169098451916,0.7499905639974219,Store-Focused Customers
1165,1958,PhD,Single,50729.0,1,1,2013-02-05,62,239,13,143,45,4,52,9,6,2,7,6,0,0,0,0,0,0,0,67,2,496,4574.0,0,60-69,2,0.34639793774047895,-0.02421715441483318,Mid-Range Customers
1404,1968,Graduation,Together,34916.0,2,0,,89,51,23,82,33,0,42,4,5,1,3,9,0,0,0,0,0,0,0,57,2,231,,0,50-59,1,-1.4722068996295856,0.5619869486792107,High Value Customers
6457,1976,Graduation,Divorced,64892.0,0,1,,77,527,24,230,32,24,65,2,6,4,12,4,0,0,0,0,0,0,0,49,1,902,,0,40-49,0,1.763660110855944,0.6947809499685831,Economy Customers
2639,1966,Graduation,Single,43602.0,1,1,2014-10-01,45,19,5,12,10,3,19,3,3,1,2,6,0,0,0,0,0,0,0,59,2,68,3971.0,0,50-59,3,-1.383711163730373,-0.021391269979780084,Digital Active Customers
8299,1989,PhD,Single,33996.0,0,0,2013-11-09,46,40,2,15,8,0,6,1,1,1,3,4,0,0,0,0,0,0,0,36,0,71,4297.0,0,30-39,3,-1.6700163676891993,0.5749433627742577,Digital Active Customers
6437,1985,2n Cycle,Single,41473.0,1,0,,80,21,8,20,15,3,9,1,2,0,3,7,0,0,0,0,0,0,0,40,1,76,,0,30-39,1,-1.7922363935712182,1.0442361431576916,High Value Customers
6912,1967,PhD,Married,63246.0,0,2,,60,593,30,91,29,22,7,1,6,3,12,4,0,0,0,0,0,0,0,58,2,772,,0,50-59,0,1.734266887922812,0.15354417293490738,Economy Customers
7327,1959,PhD,Married,36732.0,1,1,,71,21,5,3,10,1,7,3,1,1,4,2,0,0,0,0,0,0,0,66,2,47,,0,60-69,1,-0.7925549702674977,1.4872669979572914,High Value Customers
5299,1970,PhD,Married,69084.0,1,0,,43,1181,107,199,39,30,30,2,7,3,13,8,0,0,0,0,0,0,0,55,1,1586,,0,50-59,0,2.1507758684357903,-1.0484339119168886,Economy Customers
4127,1967,PhD,Married,77766.0,0,1,,97,1004,59,265,115,59,27,2,11,10,11,6,0,0,1,0,0,1,0,58,1,1529,,1,50-59,0,2.8663350205104403,0.38913396660190347,Economy Customers
8143,1985,PhD,Single,37929.0,0,0,,49,202,2,46,3,2,10,2,4,2,5,7,1,0,0,1,0,1,0,40,0,265,,1,30-39,3,-1.1509203088912636,-0.19611822499001277,Digital Active Customers
1964,1951,Graduation,Together,86610.0,0,0,2013-05-09,66,446,107,768,33,196,53,1,5,6,6,2,0,0,0,0,0,0,0,74,0,1603,4481.0,0,70+,4,2.3802540067030513,0.8940513864130506,Store-Focused Customers
3690,1986,Master,Married,80141.0,0,0,2013-11-01,20,1184,102,673,52,40,40,1,7,4,10,6,0,0,0,0,1,1,0,39,0,2091,4305.0,1,30-39,4,2.4411708861282295,-1.2974164816464555,Store-Focused Customers
3433,1955,2n Cycle,Married,72635.0,0,0,2013-03-06,54,390,22,323,104,35,107,1,6,8,6,3,1,0,0,0,0,0,0,70,0,981,4545.0,1,60-69,4,1.5179167110232852,0.2398154508721232,Store-Focused Customers
3389,1970,Graduation,Married,69016.0,0,1,,61,726,53,363,123,107,161,4,8,9,13,5,0,0,0,0,0,0,0,55,1,1533,,0,50-59,0,2.7034829765379045,-0.21686017099745764,Economy Customers
4712,1991,2n Cycle,Together,20193.0,0,0,,18,8,8,22,24,11,9,1,1,1,4,4,0,0,0,0,0,0,0,34,0,82,,0,30-39,3,-1.8078257474845885,-0.3188760641237487,Digital Active Customers
1170,1975,Graduation,Married,27573.0,1,0,,45,50,15,110,39,15,15,4,5,1,4,8,0,0,0,0,0,0,0,50,1,244,,0,40-49,3,-1.4022360565370295,-0.6298011344697928,Digital Active Customers
6347,1979,Basic,Single,15862.0,1,0,,26,1,1,4,11,9,10,1,1,0,3,8,0,0,0,0,0,0,0,46,1,36,,0,40-49,3,-2.531469806319836,-0.6776602032286116,Digital Active Customers
4065,1976,PhD,Married,49544.0,1,0,2013-12-02,0,308,0,73,0,0,23,2,5,1,8,7,0,0,0,0,0,0,0,49,1,404,4274.0,0,40-49,2,-0.14306992601397298,-1.8484566712208135,Mid-Range Customers
8230,1980,Graduation,Married,33228.0,1,0,,28,22,2,31,7,4,5,1,2,0,3,7,0,0,0,0,0,0,0,45,1,71,,0,40-49,3,-1.9016186937220274,-0.5480540202549488,Digital Active Customers
1215,1978,Graduation,Together,70440.0,0,0,2013-08-10,49,690,117,499,76,102,88,1,5,10,7,3,1,0,0,0,0,0,0,47,0,1572,4388.0,1,40-49,4,1.6902591482952187,0.2640553782249212,Store-Focused Customers
5939,1971,Graduation,Together,38232.0,1,1,,84,43,5,28,7,6,33,4,3,1,3,5,0,0,0,0,0,0,0,54,2,122,,0,50-59,1,-1.1930284999947751,1.2590225709832397,High Value Customers
2156,1955,PhD,Married,22554.0,1,1,2012-03-11,38,27,0,10,0,0,4,4,2,0,4,5,0,0,0,0,0,0,0,70,2,41,4905.0,0,60-69,3,-1.3497438487182636,-0.10797646796351282,Digital Active Customers
7788,1983,PhD,Married,23536.0,1,0,2014-04-06,53,6,0,3,0,0,1,1,0,0,3,3,0,0,0,0,0,0,0,42,1,10,4149.0,0,40-49,3,-1.8179470833049607,1.001477899294876,Digital Active Customers
10323,1952,Graduation,Married,49413.0,0,1,,88,205,7,41,3,2,46,2,4,2,5,5,0,0,0,0,0,0,0,73,1,304,,0,70+,1,-0.1593320577252174,1.1729989149071944,High Value Customers
7947,1969,Graduation,Married,42231.0,1,1,,99,24,0,8,0,1,4,1,1,0,3,5,0,0,0,0,0,0,0,56,2,37,,0,50-59,1,-1.4251685734237785,1.9711295291479636,High Value Customers
1891,1980,Master,Divorced,78789.0,0,0,2012-08-08,12,667,50,850,21,83,83,1,4,6,5,2,0,0,0,0,0,1,0,45,0,1754,4755.0,1,40-49,4,1.693362654882338,-0.4904386922125998,Store-Focused Customers
2570,1968,Graduation,Together,56534.0,0,1,,35,691,7,61,10,0,46,4,10,4,7,8,0,1,0,1,0,1,0,57,1,815,,1,50-59,0,0.8119840604145363,-1.5792454920960437,Economy Customers
9256,1971,Graduation,Single,58350.0,0,1,2013-04-01,5,493,26,206,116,80,80,4,8,3,12,6,0,0,0,0,0,0,0,54,1,1001,4519.0,0,50-59,2,1.726713486936039,-2.030473045151741,Mid-Range Customers
295,1989,Graduation,Single,81217.0,0,0,,77,493,70,324,146,40,84,1,3,7,11,1,0,0,0,0,0,0,0,36,0,1157,,0,30-39,4,2.0343762005878228,1.6235468826036623,Store-Focused Customers
7397,1951,Graduation,Single,49090.0,0,1,,45,494,5,82,7,0,100,3,7,2,9,7,0,0,0,0,0,0,0,74,1,688,,0,70+,2,0.8336842902547767,-0.8772794409300916,Mid-Range Customers
6349,1987,Master,Divorced,61787.0,0,0,2013-06-07,71,621,73,414,78,48,85,1,8,4,6,5,0,0,0,0,0,0,0,38,0,1319,4452.0,0,30-39,0,1.1501945025346023,0.2763708840247652,Economy Customers
10790,1985,PhD,Married,18169.0,1,0,,40,9,0,5,0,0,7,1,1,0,2,8,0,0,0,0,0,0,0,40,1,21,,0,30-39,3,-2.7199395279671847,-0.21010715689193718,Digital Active Customers
10398,1981,2n Cycle,Single,24336.0,1,0,,82,1,6,2,8,2,12,1,1,0,2,7,0,0,0,0,0,0,0,44,1,31,,0,40-49,1,-2.3787494289556643,1.188615831562709,High Value Customers
2431,1990,Graduation,Married,18222.0,0,0,,70,12,4,19,12,6,14,1,2,0,3,8,0,0,0,0,0,0,0,35,0,67,,0,30-39,1,-2.4574274251020145,0.5484865197137357,High Value Customers
550,1952,Graduation,Divorced,62335.0,0,1,,87,243,131,217,85,6,26,2,3,3,13,2,0,0,0,0,0,0,0,73,1,708,,0,70+,4,1.918548793143195,1.5531150260663398,Store-Focused Customers
1890,1971,2n Cycle,Together,42033.0,1,1,,95,11,1,4,2,0,7,1,1,0,2,7,0,0,0,0,0,0,0,54,2,25,,0,50-59,1,-1.9189281866082486,1.597941547581807,High Value Customers
10742,1983,PhD,Married,86580.0,0,0,,72,532,21,127,26,20,20,0,4,2,5,1,0,0,0,0,1,0,0,42,0,746,,1,40-49,4,1.1222057378865866,1.4810647607408318,Store-Focused Customers
10356,1957,PhD,Divorced,41437.0,1,1,,5,29,0,2,0,0,1,1,1,0,3,7,0,0,0,0,0,0,0,68,2,32,,0,60-69,3,-1.6234486512633515,-1.1557467684481975,Digital Active Customers
4676,1951,Master,Widow,73705.0,0,2,2014-05-03,86,612,91,520,258,107,107,2,9,6,8,5,0,0,0,0,0,0,0,74,2,1695,4122.0,0,70+,0,2.5831468630315686,0.4613858383936326,Economy Customers
8852,1976,Graduation,Married,61064.0,0,1,,80,387,126,342,0,45,180,5,8,4,11,6,0,0,0,0,0,0,0,49,1,1080,,0,40-49,0,1.6551319223860592,0.2518238846101779,Economy Customers
3565,1955,Master,Married,38452.0,1,1,,62,56,0,14,0,0,2,3,3,0,3,7,0,0,0,0,0,0,0,70,2,72,,0,60-69,1,-1.3384299600649696,0.26743721696333345,High Value Customers
5294,1989,Graduation,Single,18358.0,1,0,,49,6,8,19,16,4,4,3,3,0,4,7,0,0,0,0,0,0,0,36,1,57,,0,30-39,3,-2.024061037509484,-0.09068569828991983,Digital Active Customers
1958,1973,PhD,Together,55012.0,0,1,,85,582,0,65,0,0,13,6,8,2,9,5,0,0,0,0,0,0,0,52,1,660,,0,50-59,0,1.0893870853688212,0.5615634727103599,Economy Customers
7349,1973,Basic,Together,9722.0,1,0,2012-02-10,7,6,17,16,6,16,42,4,3,1,3,8,0,0,0,0,0,1,0,52,1,103,4935.0,1,50-59,3,-2.252862952529805,-1.5426686364432403,Digital Active Customers
8799,1984,PhD,Married,38175.0,1,0,,6,70,6,69,2,3,3,3,3,1,4,7,0,0,0,0,0,0,0,41,1,153,,0,40-49,3,-1.518578565674638,-1.327071725328053,Digital Active Customers
1351,1956,Master,Together,58656.0,0,1,,25,962,12,194,16,24,12,4,7,8,13,6,0,0,0,0,1,0,0,69,1,1220,,1,60-69,2,2.128790315482404,-1.3793913811667666,Mid-Range Customers
1045,1965,Graduation,Together,52117.0,0,1,,55,112,10,107,30,0,20,2,5,2,4,7,0,0,0,0,0,0,0,60,1,279,,0,50-59,1,-0.6264782424423143,-0.14710636300484395,High Value Customers
7732,1978,Graduation,Married,64813.0,1,0,2014-02-01,81,293,0,124,179,97,52,1,7,2,10,5,0,0,0,0,0,0,0,47,1,745,4213.0,0,40-49,0,1.292728139054298,0.5962409284650398,Economy Customers
8070,1973,PhD,Married,54222.0,0,1,2014-01-03,98,199,12,31,3,12,7,1,3,3,5,3,0,0,0,0,0,0,0,52,1,264,4242.0,0,50-59,1,-0.1958321761441623,1.9698520371298907,High Value Customers
477,1986,Graduation,Married,83512.0,0,0,,31,1060,61,835,80,20,101,1,4,7,10,1,1,1,1,0,1,1,0,39,0,2157,,1,30-39,4,2.9327497233486697,0.13587363985066048,Store-Focused Customers
7832,1959,Master,Married,77520.0,0,1,,30,940,44,396,0,88,58,1,8,7,7,4,1,0,1,0,1,1,0,66,1,1526,,1,60-69,2,2.268588754464817,-0.873273749389786,Mid-Range Customers
2202,1978,Graduation,Together,41154.0,0,1,2013-09-04,98,44,2,11,2,3,7,1,1,0,4,5,0,0,0,0,0,0,0,47,1,69,4363.0,0,40-49,1,-1.3887036835106976,1.9454888615296844,High Value Customers
7396,1966,Graduation,Married,80398.0,0,0,2012-10-11,92,342,51,936,207,35,26,1,5,8,12,3,0,0,0,0,1,0,0,59,0,1597,4691.0,1,50-59,4,2.7943569313499843,1.422361021517831,Store-Focused Customers
4055,1992,Basic,Single,18746.0,1,0,,41,2,10,11,12,9,20,2,3,0,3,6,0,0,0,0,0,0,0,33,1,64,,0,30-39,3,-2.044024850485447,-0.15355129953261734,Digital Active Customers
10340,1984,Graduation,Together,35196.0,1,0,,68,75,12,141,43,39,187,6,6,1,5,8,0,0,0,0,0,0,0,41,1,497,,0,40-49,1,-0.8765338495794268,-0.04390507967652146,High Value Customers
10091,1956,Graduation,Single,60230.0,0,1,,78,520,20,367,39,81,40,2,6,3,6,5,0,0,0,0,0,0,0,69,1,1067,,0,60-69,0,1.0440157532488263,0.6355991850706585,Economy Customers
7629,1977,Graduation,Married,22108.0,1,1,2014-08-05,46,5,3,9,6,2,6,2,2,0,3,7,0,0,0,0,0,0,0,48,2,31,4028.0,0,40-49,3,-2.100563073690671,-0.05665889395656997,Digital Active Customers
10640,1974,Graduation,Together,44392.0,1,1,2013-05-09,71,87,5,71,7,12,29,5,4,1,4,7,0,0,0,0,0,0,0,51,2,211,4481.0,0,50-59,1,-1.0730780735915448,0.4656117693324262,High Value Customers
3498,1976,PhD,Married,55424.0,0,1,,6,462,61,184,10,53,107,4,7,5,9,6,0,0,1,0,0,1,0,49,1,877,,1,40-49,2,0.9327401269648271,-1.794599857830255,Mid-Range Customers
6742,1979,Graduation,Married,17688.0,1,0,,82,2,2,1,3,1,2,1,1,0,2,8,0,0,0,0,0,0,1,46,1,11,,0,40-49,1,-2.648349512331307,1.0195542404602325,High Value Customers
1172,1983,PhD,Married,92491.0,0,0,2013-01-05,71,979,44,935,29,25,22,1,7,5,12,3,1,0,0,1,1,1,0,42,0,2034,4605.0,1,40-49,4,3.4306584738223607,0.6304055411821602,Store-Focused Customers
569,1991,Graduation,Single,90273.0,0,0,,32,704,129,853,120,74,111,1,5,6,7,2,1,0,0,1,1,1,0,34,0,1991,,1,30-39,4,2.3974063332895206,0.002443625255967671,Store-Focused Customers
4686,1962,PhD,Widow,82571.0,0,0,2014-02-04,28,861,31,558,62,95,79,0,6,5,13,2,0,0,0,0,1,0,0,63,0,1686,4210.0,1,60-69,4,3.3759387569451564,-0.5025158010953568,Store-Focused Customers
1381,1982,PhD,Single,38513.0,1,0,,20,172,3,115,16,0,18,5,6,1,5,8,0,0,0,0,0,1,0,43,1,324,,1,40-49,3,-0.9477484545744786,-1.4691293074239726,Digital Active Customers
2634,1979,Master,Single,16653.0,1,0,,10,5,7,31,15,4,7,3,2,1,3,6,0,0,0,0,0,1,0,46,1,69,,1,40-49,3,-2.053312544641408,-0.9985535645146264,Digital Active Customers
10905,1955,Graduation,Together,42586.0,1,1,,7,194,2,56,0,0,0,5,4,1,6,8,0,0,0,0,0,1,0,70,2,252,,1,60-69,2,-0.7077202897528714,-1.6985585669751075,Mid-Range Customers
1744,1965,Basic,Single,23529.0,0,1,2013-07-01,67,9,7,13,3,2,20,1,1,1,2,6,0,0,0,0,0,0,0,60,1,54,4428.0,0,50-59,1,-2.0191897579974025,0.8262295206702333,High Value Customers
1000,1961,Master,Together,74881.0,1,1,2013-08-03,48,505,72,270,36,27,54,4,9,2,12,5,0,0,0,0,0,0,0,64,2,964,4395.0,0,60-69,0,2.4333438201324635,-0.718591604158035,Economy Customers
3828,1951,Graduation,Married,71107.0,0,1,,61,533,10,217,198,174,195,2,7,6,13,4,0,0,0,0,0,0,0,74,1,1327,,0,70+,0,2.834556544584361,-0.002269312225887628,Economy Customers
8605,1964,PhD,Together,46910.0,1,1,,36,48,0,14,0,0,6,2,2,0,3,6,0,0,0,0,0,0,0,61,2,68,,0,60-69,3,-1.2852797287768154,-0.1792467058333849,Digital Active Customers
10304,1959,Graduation,Married,18690.0,0,0,,77,6,1,7,23,4,19,1,1,1,2,8,0,0,0,0,0,0,0,66,0,60,,0,60-69,1,-2.3321798478368985,0.8056162794675854,High Value Customers
4351,1955,Graduation,Divorced,37244.0,1,1,,90,18,2,10,0,0,25,1,1,1,2,7,0,0,1,0,0,0,0,70,2,55,,1,60-69,1,-1.7790617098248442,1.379433510818053,High Value Customers
10129,1966,Graduation,Together,82427.0,0,0,2014-12-03,35,482,147,509,104,107,107,1,3,5,12,1,0,0,0,0,1,0,0,59,0,1456,3908.0,1,50-59,4,2.73919895797098,0.2730847696662284,Store-Focused Customers
2499,1958,2n Cycle,Single,75342.0,0,1,2013-06-05,38,204,97,97,21,118,26,1,5,2,10,4,0,0,0,0,0,0,0,67,1,563,4454.0,0,60-69,2,1.4705271262278876,-0.3180021720342962,Mid-Range Customers
10092,1954,Graduation,Divorced,70044.0,0,1,,46,1073,0,250,153,14,14,4,7,10,5,5,0,0,0,0,0,0,0,71,1,1504,,0,70+,2,1.6003126830888228,-0.40361767105939045,Mid-Range Customers
7500,1967,Graduation,Single,79146.0,1,1,,33,245,16,223,21,43,16,2,8,1,8,6,0,0,0,0,0,0,0,58,2,564,,0,50-59,2,1.2250655618147135,-1.050096197995872,Mid-Range Customers
5796,1963,Graduation,Married,77437.0,0,0,,70,560,21,442,29,44,29,1,4,5,13,1,0,0,0,0,1,0,0,62,0,1125,,1,60-69,4,2.693678265233455,1.1404754770715422,Store-Focused Customers
10556,1959,Graduation,Married,54984.0,0,1,,51,173,13,131,32,3,6,4,6,1,6,7,1,0,0,0,0,0,0,66,1,358,,1,60-69,2,-0.00537692191543774,-0.45290719041128796,Mid-Range Customers
1064,1971,PhD,Married,42403.0,1,0,2013-11-12,18,22,1,11,0,5,3,1,1,0,3,8,0,0,0,0,0,0,0,54,1,42,4294.0,0,50-59,3,-1.92703032107846,-0.8594730266837798,Digital Active Customers
48,1964,Graduation,Together,55761.0,0,1,,97,136,1,12,0,3,32,2,4,1,3,6,0,0,0,1,0,0,0,61,1,184,,1,60-69,1,-0.7384674674556131,1.4066534940580944,High Value Customers
7610,1983,Graduation,Together,37292.0,1,0,,32,275,0,86,10,23,66,5,6,3,5,8,0,0,0,0,0,0,0,42,1,460,,0,40-49,3,-0.8655863410274667,-1.1130590857530236,Digital Active Customers
263,1945,PhD,Single,45576.0,0,0,,9,56,19,29,2,14,25,1,3,1,3,8,0,0,0,0,0,1,0,80,0,145,,1,70+,3,-1.1828422736272093,-1.465173536742549,Digital Active Customers
10814,1947,Graduation,Together,70321.0,0,0,,6,303,23,751,82,26,191,1,6,5,13,4,0,0,0,0,0,1,0,78,0,1376,,1,70+,2,2.7642919179539707,-1.5280931693007387,Mid-Range Customers
9710,1969,PhD,Divorced,58086.0,0,1,,80,708,7,62,0,0,15,2,11,3,7,8,0,0,0,0,0,0,0,56,1,792,,0,50-59,0,0.9543550150323511,-0.35932255147515024,Economy Customers
9292,1952,Graduation,Married,81795.0,0,0,,74,324,132,693,27,118,88,1,4,11,7,2,0,0,0,0,0,0,0,73,0,1382,,0,70+,4,2.1060103038645654,1.2289266957096152,Store-Focused Customers
10250,1947,Basic,Together,28389.0,0,0,,49,1,5,3,7,4,8,1,1,0,2,7,0,0,0,0,0,0,0,78,0,28,,0,70+,1,-1.8767291732776592,0.10297676284795386,High Value Customers
7881,1946,Master,Married,66835.0,0,0,,21,620,26,195,34,17,141,1,6,4,13,2,0,0,0,0,0,0,0,79,0,1033,,0,70+,2,2.734046210857885,-0.8100263487576906,Mid-Range Customers
5847,1969,Graduation,Divorced,69901.0,0,1,,95,312,21,206,102,92,149,3,7,3,10,5,0,0,0,0,0,0,0,56,1,882,,0,50-59,0,1.6235589858941277,0.9979159201980986,Economy Customers
737,1949,PhD,Married,80360.0,0,0,2013-03-03,56,1493,86,454,112,43,43,2,4,4,5,2,1,0,0,1,1,0,0,76,0,2231,4548.0,1,70+,4,2.536261813246468,0.7169514010909976,Store-Focused Customers
3571,1961,PhD,Together,63342.0,0,1,,48,918,21,118,13,10,21,3,8,3,5,6,0,0,0,1,0,1,0,64,1,1101,,1,60-69,2,1.0244777936396037,-0.6092507958628143,Mid-Range Customers
7807,1974,Graduation,Married,44989.0,0,1,2012-12-09,26,98,0,106,49,10,106,5,5,1,5,6,0,0,0,0,0,0,0,51,1,369,4632.0,0,50-59,3,-0.5091109379688721,-0.8850786899019417,Digital Active Customers
3878,1980,2n Cycle,Single,31859.0,1,0,,3,3,4,7,15,8,11,1,1,0,3,7,0,0,0,0,0,0,0,45,1,48,,0,40-49,3,-2.0865598915155155,-1.1677494629201348,Digital Active Customers
5092,1949,PhD,Widow,51569.0,0,1,2013-12-02,39,380,0,47,6,0,34,4,7,1,7,8,0,0,0,1,0,1,0,76,1,467,4274.0,1,70+,2,0.2727547392898106,-1.1494352028118136,Mid-Range Customers
2154,1971,Graduation,Widow,30372.0,1,1,,33,15,0,12,7,3,7,3,2,0,3,7,0,0,0,0,0,0,0,54,2,44,,0,50-59,3,-1.860764189829311,-0.4383672100692679,Digital Active Customers
5394,1979,Basic,Single,16014.0,1,1,,42,3,9,4,7,8,7,4,1,1,4,3,0,0,0,0,0,0,0,46,2,38,,0,40-49,3,-1.6085970835870518,0.4841965185137312,Digital Active Customers
3798,1968,Graduation,Married,41120.0,1,1,2013-06-11,80,24,2,23,0,8,24,3,2,1,3,6,0,0,0,0,0,0,0,57,2,81,4448.0,0,50-59,1,-1.422221868423211,1.1269676107685738,High Value Customers
3524,1971,Master,Single,39763.0,1,0,2013-04-08,9,80,1,60,4,6,16,2,5,1,2,9,0,0,0,0,0,1,0,54,1,167,4512.0,1,50-59,3,-1.6420689122922534,-1.7730628515128195,Digital Active Customers
5247,1955,PhD,Married,38725.0,1,1,2014-10-05,52,31,0,6,2,1,5,2,1,0,4,4,0,0,0,0,0,0,0,70,2,45,3967.0,0,60-69,1,-1.017831419749935,0.6309524271823593,High Value Customers
5883,1972,Graduation,Married,77981.0,1,0,,78,138,120,204,16,126,60,3,7,4,7,5,0,0,0,0,0,0,0,53,1,664,,0,50-59,0,1.110646310010924,0.5967516631939758,Economy Customers
2118,1964,2n Cycle,Married,62905.0,0,1,2013-10-09,68,166,75,96,119,107,59,3,7,2,8,4,0,0,0,0,0,0,0,61,1,622,4328.0,0,60-69,0,1.1916454512455692,0.34323618003901996,Economy Customers
8812,1979,2n Cycle,Divorced,13533.0,1,0,2013-10-03,45,12,3,8,8,0,17,2,2,0,3,7,0,0,0,0,0,0,0,46,1,48,4334.0,0,40-49,3,-2.273371806016126,-0.10684915550555518,Digital Active Customers
6616,1975,Graduation,Together,59481.0,0,1,,47,178,3,85,71,66,58,2,3,3,8,2,0,0,0,0,0,0,0,50,1,461,,0,40-49,4,0.620093719394383,0.545525347342923,Store-Focused Customers
2797,1977,Graduation,Married,72117.0,0,1,,34,707,20,171,65,60,50,1,9,7,9,5,0,0,0,0,0,0,0,48,1,1073,,0,40-49,0,1.8257336139840883,-1.0229748593212042,Economy Customers
4328,1986,2n Cycle,Married,21955.0,1,0,2013-07-09,81,5,1,7,17,14,11,2,2,1,3,6,0,0,0,0,0,0,0,39,1,55,4420.0,0,30-39,1,-2.0356344665221564,1.157495462257591,High Value Customers
9167,1956,Graduation,Married,67131.0,0,1,,72,465,71,250,93,35,62,3,9,2,12,6,0,0,0,0,0,0,0,69,1,976,,0,60-69,0,2.215374699096769,-0.18642848709768212,Economy Customers
10560,1980,PhD,Single,36802.0,1,0,,23,16,1,2,0,0,1,1,1,0,3,5,0,0,0,0,0,0,0,45,1,20,,0,40-49,3,-1.704476313798425,-0.2730912570055173,Digital Active Customers
2631,1982,Graduation,Together,71853.0,0,0,2013-08-05,29,358,108,413,141,97,32,1,2,8,6,1,0,0,0,0,0,0,0,43,0,1149,4393.0,0,40-49,4,1.066137977414967,0.3829915469438921,Store-Focused Customers
8312,1961,Basic,Married,28249.0,0,0,,80,1,9,7,2,14,10,1,2,0,3,6,0,0,0,0,0,0,0,64,0,43,,0,60-69,1,-1.6059499229393859,1.0629488177915523,High Value Customers
5534,1975,Master,Married,47808.0,0,1,,30,123,1,26,2,0,72,2,3,2,3,7,0,0,1,0,0,0,0,50,1,224,,1,40-49,3,-1.3010317983888748,-0.5899133403523092,Digital Active Customers
5093,1974,PhD,Divorced,25509.0,1,0,,15,40,3,30,10,7,11,3,3,0,3,9,0,0,0,0,0,1,0,51,1,101,,1,50-59,3,-2.122157647387284,-1.3925834627678506,Digital Active Customers
7592,1946,PhD,Married,51012.0,0,0,,86,102,9,63,2,9,24,1,4,1,4,6,0,0,0,0,0,0,0,79,0,209,,0,70+,1,-0.4321306924781971,0.9800613468589842,High Value Customers
8895,1985,Graduation,Single,70596.0,0,0,2012-05-10,68,347,44,534,17,0,26,1,3,5,12,2,0,0,0,0,0,0,0,40,0,968,4845.0,0,30-39,4,1.7168131679183323,1.1455854162492953,Store-Focused Customers
8584,1952,PhD,Together,85431.0,0,0,2013-08-06,54,376,53,462,168,53,53,1,2,7,7,0,0,0,0,0,0,0,0,73,0,1165,4392.0,0,70+,4,2.0274121072716422,1.1877363938191061,Store-Focused Customers
2694,1967,Graduation,Married,42664.0,0,1,,44,21,0,3,0,0,0,1,1,0,3,6,0,0,0,0,0,0,0,58,1,24,,0,50-59,3,-1.5713051425826834,0.18557036241356306,Digital Active Customers
8910,1955,Graduation,Together,42586.0,1,1,,7,194,2,56,0,0,0,5,4,1,6,8,0,0,0,0,0,1,0,70,2,252,,1,60-69,2,-0.7077202897528714,-1.6985585669751075,Mid-Range Customers
7433,1985,Graduation,Single,29760.0,1,0,,87,64,4,68,7,5,17,4,3,1,4,8,0,0,0,0,0,0,0,40,1,165,,0,30-39,1,-1.810245287477999,0.9216874739261919,High Value Customers
164,1977,PhD,Married,28973.0,0,0,,59,206,0,46,3,2,12,2,5,1,5,8,0,0,0,0,0,0,0,48,0,269,,0,40-49,1,-1.230800949553035,-0.22435204343665294,High Value Customers
10477,1973,PhD,Together,39435.0,1,0,2013-06-08,16,71,0,18,0,0,13,1,3,1,2,7,0,0,0,0,0,0,0,52,1,102,4451.0,0,50-59,3,-1.685211309352891,-1.0166265850412313,Digital Active Customers
2681,1984,2n Cycle,Married,65370.0,0,0,2013-01-08,1,71,22,112,138,89,29,1,2,3,13,1,0,0,0,0,0,0,0,41,0,461,4602.0,0,40-49,4,1.3520908953280038,-0.6186935255144866,Store-Focused Customers
5150,1979,Basic,Single,20194.0,1,0,,64,0,4,7,11,10,15,2,2,0,3,6,0,0,0,0,0,0,0,46,1,47,,0,40-49,1,-1.9901319562029367,0.6217580522668805,High Value Customers
5283,1976,PhD,Single,42473.0,1,1,,72,93,1,21,0,4,25,3,2,1,4,5,0,0,0,0,0,0,0,49,2,144,,0,40-49,1,-1.1494851692724875,1.0382700473280129,High Value Customers
9645,1968,Graduation,Married,64590.0,0,0,,98,920,138,168,36,46,30,1,9,4,10,6,0,0,0,0,0,0,0,57,0,1338,,0,50-59,0,2.0337613340229104,0.6635876848635538,Economy Customers
10678,1959,Graduation,Together,71232.0,0,1,,91,653,17,170,34,26,17,2,11,2,10,7,0,0,0,0,0,0,0,66,1,917,,0,60-69,0,2.029708774569697,0.048458717910603036,Economy Customers
7261,1971,Graduation,Together,34600.0,1,1,2013-01-01,8,199,33,60,8,3,15,5,5,2,5,8,0,0,0,0,0,1,0,54,2,318,4609.0,1,50-59,3,-1.0209004152128047,-1.7468910759972227,Digital Active Customers
9648,1967,Graduation,Single,46904.0,1,1,2012-03-11,20,153,4,56,0,9,31,4,5,1,4,8,0,0,0,0,0,0,0,58,2,253,4905.0,0,50-59,3,-0.9355116772168673,-1.3409047182604055,Digital Active Customers
2870,1973,Graduation,Married,49094.0,0,1,,6,376,0,38,11,8,69,5,6,3,6,6,0,0,0,0,0,0,0,52,1,502,,0,50-59,2,-0.03398749065386018,-1.6244794773013271,Mid-Range Customers
8008,1983,Graduation,Together,36075.0,1,0,2013-09-12,54,46,0,30,12,1,30,1,2,0,4,6,0,0,0,0,0,0,0,42,1,119,4355.0,0,40-49,3,-1.5395226432469038,0.3641957933971703,Digital Active Customers
1513,1979,2n Cycle,Together,60839.0,1,1,,72,600,21,128,223,150,128,13,2,2,12,8,0,0,0,0,0,0,0,46,2,1250,,0,40-49,0,0.7951332681494883,0.49208566269081777,Economy Customers
6173,1979,Graduation,Together,77298.0,0,1,2013-02-11,46,425,115,292,23,35,79,1,6,6,11,3,0,0,0,0,0,0,0,46,1,969,4568.0,0,40-49,4,2.0135777040243954,-0.015939879266554442,Store-Focused Customers
1419,1950,Graduation,Together,34026.0,1,1,2013-05-08,11,18,6,15,12,8,17,3,2,1,3,5,0,0,0,0,0,0,0,75,2,76,4482.0,0,70+,3,-1.1938203905849665,-0.8707910658548689,Digital Active Customers
9150,1963,PhD,Single,48918.0,1,1,2014-12-04,21,52,0,9,0,0,1,2,1,0,4,4,0,0,0,0,0,0,0,62,2,62,3907.0,0,60-69,3,-0.9237065635418122,-0.23360311611076215,Digital Active Customers
7960,1962,2n Cycle,Together,82122.0,0,0,,89,734,22,350,151,25,100,1,3,9,13,1,0,0,0,0,1,0,0,63,0,1382,,1,60-69,4,2.8836698301280226,1.8454095083929927,Store-Focused Customers
1250,1976,Graduation,Single,37697.0,1,0,2014-07-02,82,34,6,21,11,4,8,1,2,1,3,6,0,0,0,0,0,0,0,49,1,84,4062.0,0,40-49,1,-1.5864267866661041,1.2028427885155304,High Value Customers
9905,1952,Graduation,Together,34074.0,1,1,,69,135,1,41,10,1,67,5,3,3,3,6,0,0,1,0,0,0,0,73,2,255,,1,70+,1,-1.0722999310491212,0.5921406683107225,High Value Customers
10691,1960,Master,Married,28520.0,1,1,,55,11,0,10,0,2,20,1,1,1,2,6,0,0,0,0,0,0,0,65,2,43,,0,60-69,1,-1.873698853103424,0.46756255392283463,High Value Customers
7002,1955,Graduation,Single,62535.0,0,1,2013-03-10,13,163,48,90,0,45,52,1,3,2,8,3,0,0,0,0,0,0,0,70,1,398,4541.0,0,60-69,2,0.7186907109816033,-0.6666558772177094,Mid-Range Customers
2952,1977,Master,Single,36273.0,1,0,,80,29,3,30,3,2,9,2,3,0,3,6,0,0,0,0,0,0,0,48,1,76,,0,40-49,1,-1.5005505834936539,1.0128597790379161,High Value Customers
8439,1964,Graduation,Together,63404.0,0,2,2014-06-06,97,734,26,70,11,44,17,2,6,3,4,4,1,0,0,0,0,0,0,61,2,902,4088.0,1,60-69,0,0.7288167503037872,1.4269317528868843,Economy Customers
762,1981,2n Cycle,Together,75774.0,1,0,2014-02-05,27,340,21,134,258,14,56,1,7,5,8,4,0,0,0,0,0,0,0,44,1,823,4209.0,0,40-49,2,1.372422402256236,-0.7817285325134701,Mid-Range Customers
2831,1976,Graduation,Together,78416.0,0,1,,99,453,38,279,188,38,183,2,7,7,10,3,0,0,0,0,0,0,0,49,1,1179,,0,40-49,0,2.251999557854109,1.4483845637996688,Economy Customers
6977,1974,Graduation,Together,75702.0,0,1,,87,1073,0,629,145,37,37,1,10,5,13,6,0,0,0,0,1,0,0,51,1,1921,,1,50-59,0,3.2238888550134184,0.18939863977003243,Economy Customers
6289,1951,Master,Together,59385.0,1,1,,85,135,0,10,0,4,36,2,3,1,4,5,0,0,0,0,0,0,0,74,2,185,,0,70+,1,-0.3389052773321627,1.2646069071513035,High Value Customers
4168,1966,Graduation,Single,37070.0,1,1,,30,231,7,137,4,15,39,9,5,1,8,7,0,0,0,0,0,1,0,59,2,433,,1,50-59,2,-0.21582358222564635,-1.0280098911073663,Mid-Range Customers
8397,1951,Graduation,Married,44689.0,1,1,2014-10-01,82,18,0,5,0,0,11,2,1,1,2,7,0,0,1,0,0,0,0,74,2,34,3971.0,1,70+,1,-1.6076395507749435,1.1511516405852296,High Value Customers
9284,1958,Graduation,Together,53977.0,0,1,2013-08-06,21,620,16,165,0,24,82,5,5,5,12,5,0,0,0,0,0,0,0,67,1,907,4392.0,0,60-69,2,1.4923667165922,-1.0813494336202405,Mid-Range Customers
6237,1966,PhD,Single,7144.0,0,2,2013-07-12,92,81,4,33,5,2,291,0,23,1,1,0,0,0,0,0,0,0,0,59,2,416,4417.0,0,50-59,0,1.669595655323347,-0.4539967427848539,Economy Customers
3130,1964,Graduation,Single,18701.0,1,1,2013-04-06,95,12,4,2,10,6,10,4,2,0,4,5,0,0,0,0,0,0,0,61,2,44,4514.0,0,60-69,1,-1.5194285258238804,1.608706162218222,High Value Customers
1619,1956,Graduation,Married,90369.0,0,0,,2,292,51,981,224,23,17,1,4,6,6,1,0,0,0,0,0,1,0,69,0,1588,,1,60-69,4,2.3766532590021314,-0.7131645337367629,Store-Focused Customers
1990,1974,PhD,Single,63159.0,0,0,2012-05-11,74,965,34,586,89,86,37,1,3,5,8,3,0,0,1,0,0,0,0,51,0,1797,4844.0,1,50-59,4,1.6818439261951061,1.206756479487888,Store-Focused Customers
5513,1966,Graduation,Together,37758.0,1,1,2012-04-10,49,27,2,10,0,0,1,2,1,0,3,8,0,0,0,0,0,0,0,59,2,40,4875.0,0,50-59,3,-1.9428994520574414,0.03262923035929884,Digital Active Customers
269,1963,PhD,Single,46757.0,0,1,,71,777,30,163,0,51,122,6,4,4,7,9,0,0,0,0,0,0,0,62,1,1143,,0,60-69,0,0.028740838239135046,0.07779840427559258,Economy Customers
8093,1969,Master,Married,79734.0,0,0,,72,572,8,232,23,62,17,1,4,3,6,1,1,0,0,0,0,0,0,56,0,914,,1,50-59,4,1.461244433768219,1.3880946767603681,Store-Focused Customers
10513,1992,Graduation,Together,63207.0,0,0,,68,438,169,565,91,169,70,1,2,3,6,7,1,0,0,0,0,0,0,33,0,1502,,1,30-39,4,0.16184299387439205,0.7001748111950369,Store-Focused Customers
10177,1954,Graduation,Divorced,72071.0,0,1,,4,531,69,300,150,138,150,3,5,4,8,2,0,0,0,0,0,0,0,71,1,1338,,0,70+,2,2.119483331838856,-1.0323942387866027,Mid-Range Customers
2549,1983,PhD,Together,21840.0,1,0,,80,17,0,9,0,0,1,1,1,0,3,9,0,0,0,0,0,0,0,42,1,27,,0,40-49,1,-2.6166323857867515,0.822318876456437,High Value Customers
5782,1982,2n Cycle,Together,58582.0,0,1,,15,402,35,106,101,77,42,2,9,2,9,5,0,0,0,1,0,0,0,43,1,763,,1,40-49,2,1.240509812292228,-1.6125235374558056,Mid-Range Customers
10057,1951,Graduation,Single,72282.0,0,0,,70,503,27,419,90,139,153,1,5,7,9,7,0,0,0,0,0,1,0,74,0,1331,,1,70+,0,1.5526515590455345,0.19464049067834166,Economy Customers
10307,1956,Graduation,Married,50387.0,0,2,,91,369,9,87,12,14,34,3,6,2,8,5,0,0,0,0,0,0,0,69,2,525,,0,60-69,0,0.6977783992668746,0.9505678887623835,Economy Customers
8566,1961,PhD,Together,32583.0,1,1,,10,5,0,3,0,0,1,1,1,0,2,7,0,0,0,0,0,0,0,64,2,9,,0,60-69,3,-2.0051369314528666,-0.9982698276816961,Digital Active Customers
2415,1962,Graduation,Together,62568.0,0,1,2014-07-04,99,362,17,398,80,35,61,3,5,3,5,4,1,0,0,0,0,0,0,63,1,953,4060.0,1,60-69,0,0.7954603533135483,1.5833812094374036,Economy Customers
5684,1971,Master,Divorced,44635.0,1,1,2013-11-10,25,56,0,9,0,0,3,2,2,0,3,7,0,0,0,0,0,0,0,54,2,68,4296.0,0,50-59,3,-1.5748194410213616,-0.6319342372965988,Digital Active Customers
8334,1971,Master,Single,33316.0,1,1,2013-04-10,34,79,1,31,4,4,12,3,2,1,4,6,0,0,0,0,0,0,0,54,2,131,4510.0,0,50-59,3,-1.4323962180610048,-0.2811642711724447,Digital Active Customers
9166,1968,Graduation,Married,63967.0,0,1,2013-09-08,57,387,84,141,73,35,162,3,4,4,12,2,0,0,0,0,0,0,0,57,1,882,4359.0,0,50-59,4,1.868355500933229,0.6106319452469976,Store-Focused Customers
1440,1978,2n Cycle,Together,52513.0,0,0,2012-04-09,84,367,17,241,104,188,232,2,9,5,9,7,0,0,0,0,0,0,0,47,0,1149,4876.0,0,40-49,0,1.2154662245861854,0.12487492290447323,Economy Customers
78,1969,Graduation,Married,25293.0,1,0,,51,15,0,11,0,2,9,1,1,1,2,8,0,0,0,0,0,0,0,56,1,37,,0,50-59,3,-2.3635488428729974,0.08579342233186874,Digital Active Customers
5441,1965,PhD,Widow,54111.0,0,1,,97,267,6,54,8,3,50,2,5,2,6,5,0,0,0,0,0,0,0,60,1,388,,0,50-59,1,0.11357825405055078,1.3473428763783255,High Value Customers
5302,1986,Graduation,Together,78394.0,0,0,,13,298,27,697,216,24,166,1,4,6,5,2,0,0,0,0,0,1,0,39,0,1428,,1,30-39,4,1.334282709074665,-0.4391230200511637,Store-Focused Customers
4687,1958,Master,Married,80739.0,0,0,,92,674,92,736,39,0,92,1,3,11,9,1,0,0,0,0,0,0,0,67,0,1633,,0,60-69,4,2.5380308145641424,2.0057947903025037,Store-Focused Customers
1087,1975,Master,Together,22669.0,1,0,,30,16,14,36,37,22,48,3,4,1,2,9,0,0,0,0,0,1,0,50,1,173,,1,40-49,3,-2.136565111880508,-1.0584030437677099,Digital Active Customers
6859,1987,Graduation,Single,29236.0,1,0,2013-08-10,30,37,4,24,16,9,9,2,4,0,3,9,0,0,0,0,0,0,0,38,1,99,4388.0,0,30-39,3,-2.084143571454195,-1.019185461015249,Digital Active Customers
9860,1959,Graduation,Together,44911.0,0,1,,11,159,0,22,2,1,31,3,4,1,4,7,0,0,0,0,0,0,0,66,1,215,,0,60-69,3,-0.8837393126548314,-1.371350636047618,Digital Active Customers
7129,1962,PhD,Married,54693.0,0,1,,72,686,17,142,23,26,35,8,6,4,13,6,0,0,0,0,0,0,0,63,1,929,,0,60-69,0,1.6123009587031667,0.16037069145955607,Economy Customers
5866,1974,Graduation,Together,48186.0,1,0,,39,97,3,66,12,7,34,3,4,1,4,7,0,0,0,0,0,0,0,51,1,219,,0,50-59,3,-1.0040575889743317,-0.4759529247847927,Digital Active Customers
10521,1977,Graduation,Married,54809.0,1,1,2013-11-09,0,63,6,57,13,13,22,4,2,1,5,4,0,0,0,0,0,1,0,48,2,174,4297.0,1,40-49,3,-0.6261006685342726,-0.9461966653747471,Digital Active Customers
7393,1978,Graduation,Together,41580.0,1,1,2012-10-12,15,56,5,24,4,0,3,3,2,1,3,5,0,0,0,0,0,0,0,47,2,92,4690.0,0,40-49,3,-1.3977347910678517,-0.6330525947190023,Digital Active Customers
7849,1970,PhD,Married,80336.0,0,0,2013-09-09,12,209,19,456,160,142,66,1,2,9,13,1,0,0,0,0,0,0,0,55,0,1052,4358.0,0,50-59,4,2.3145899723376955,-0.2955907770558906,Store-Focused Customers
332,1957,Graduation,Married,47743.0,0,1,,56,198,2,43,0,12,20,3,4,1,6,6,0,0,0,1,0,0,0,68,1,275,,1,60-69,1,-0.296229408018043,0.0672498048873843,High Value Customers
9847,1955,2n Cycle,Married,62972.0,0,1,2012-03-08,39,313,15,47,20,0,192,2,7,4,3,6,0,0,0,0,0,0,0,70,1,587,4908.0,0,60-69,2,0.2345597813733713,-0.7203175454587011,Mid-Range Customers
531,1954,PhD,Divorced,57333.0,0,1,,55,941,14,397,76,58,176,11,8,5,9,6,0,0,0,0,0,1,0,71,1,1662,,1,70+,0,2.0598796866216857,-0.538329144249909,Economy Customers
9576,1982,PhD,Together,32313.0,1,0,2013-11-02,60,86,4,56,2,4,7,3,4,0,4,9,0,0,0,0,0,0,0,43,1,159,4304.0,0,40-49,1,-1.7570962431256663,-0.15568792944760826,High Value Customers
6906,1953,Master,Widow,84953.0,0,0,2013-03-06,73,167,48,602,63,72,72,1,3,10,4,2,1,0,0,1,1,1,0,72,0,1024,4545.0,1,70+,4,1.2800936465826507,1.4125957133680582,Store-Focused Customers
7419,1968,Master,Divorced,27071.0,1,0,,90,8,3,19,0,2,3,2,2,0,3,6,0,0,0,0,0,0,0,57,1,35,,0,50-59,1,-1.7221215344612528,1.3809660243041604,High Value Customers
3170,1957,Master,Together,68148.0,0,0,,86,389,66,408,37,57,85,1,4,4,6,2,0,0,0,0,0,0,0,68,0,1042,,0,60-69,4,1.356249860242447,1.5856200276092476,Store-Focused Customers
8527,1965,Master,Together,65735.0,1,1,2013-07-12,37,239,7,119,4,15,11,5,6,2,6,7,0,0,0,0,0,0,0,60,2,395,4417.0,0,50-59,2,0.14661285303111563,-0.8160971164770603,Mid-Range Customers
7872,1975,PhD,Married,86836.0,0,0,2012-12-09,7,179,21,273,0,21,63,1,6,10,6,5,1,0,1,0,1,1,0,50,0,557,4632.0,1,40-49,2,0.8495773385998461,-1.3278254154105702,Mid-Range Customers
9931,1963,PhD,Married,4023.0,1,1,,29,5,0,1,1,1,1,15,0,0,0,19,0,0,0,0,0,0,0,62,2,9,,0,60-69,3,-4.829771723673106,-2.0383483133755647,Digital Active Customers
10595,1990,Graduation,Married,30093.0,0,0,2013-08-07,19,2,6,28,13,4,16,1,2,0,3,7,0,0,0,0,0,0,0,35,0,69,4391.0,0,30-39,3,-2.093466455691451,-0.7922132139083173,Digital Active Customers
4609,1966,PhD,Married,57705.0,0,1,2014-11-01,14,383,0,53,6,4,40,3,8,1,6,6,0,0,0,0,0,0,0,59,1,486,3940.0,0,50-59,2,0.4722887319787642,-1.6412452886499347,Mid-Range Customers
5010,1988,Graduation,Single,25008.0,1,0,2014-02-02,72,2,8,8,6,1,9,2,1,0,3,8,0,0,0,0,0,0,0,37,1,34,4212.0,0,30-39,1,-2.4642382227753687,0.7522985049534318,High Value Customers
4427,1995,2n Cycle,Single,83257.0,0,0,,56,536,27,590,38,107,67,1,5,10,12,6,0,0,1,0,1,1,1,30,0,1365,,1,18-29,0,1.8083581703777272,0.03428728165500945,Economy Customers
11148,1975,Graduation,Together,22280.0,1,0,,85,2,1,4,3,1,2,1,1,0,2,8,0,0,0,0,0,0,0,50,1,13,,0,40-49,1,-2.5080540161704707,1.1098581476936262,High Value Customers
1168,1978,PhD,Married,72159.0,0,0,,62,322,53,899,34,40,53,1,4,6,10,2,0,0,0,0,0,0,0,47,0,1401,,0,40-49,4,2.040526222639844,0.86083119134244,Store-Focused Customers
9595,1961,Graduation,Together,64260.0,0,0,2013-11-01,1,539,169,816,20,0,30,1,4,5,4,3,0,0,0,0,0,1,0,64,0,1574,4305.0,1,60-69,2,1.2107461220589548,-1.0458033891991798,Mid-Range Customers
10163,1984,PhD,Single,82733.0,0,0,2013-10-09,28,712,50,420,65,38,38,1,8,4,7,4,0,0,0,0,0,1,0,41,0,1323,4328.0,1,40-49,4,1.8730843516746138,-0.8302170515909929,Store-Focused Customers
2886,1971,Master,Divorced,74290.0,0,1,2013-12-08,70,1121,0,72,0,12,12,4,10,8,10,6,1,0,0,1,0,0,0,54,1,1217,4268.0,1,50-59,0,2.200355240781666,-0.25838768016497243,Economy Customers
6710,1951,Master,Single,58217.0,2,1,,84,68,1,13,3,5,13,1,2,0,4,6,0,0,0,0,0,0,0,74,3,103,,0,70+,1,-0.7166259842697743,1.2196182564719114,High Value Customers
5316,1976,Master,Together,21024.0,0,0,2013-04-07,89,36,4,18,6,2,18,1,2,0,4,7,0,0,0,0,0,0,0,49,0,84,4513.0,0,40-49,1,-1.9054258986255062,1.194666177736309,High Value Customers
9029,1972,PhD,Married,70116.0,0,0,,73,707,44,603,95,58,29,1,2,8,12,1,0,0,0,0,0,0,0,53,0,1536,,0,50-59,4,2.3759570337164386,1.5155803527702214,Store-Focused Customers
521,1985,Graduation,Together,54006.0,1,0,,42,174,77,203,6,24,97,2,8,1,7,7,0,0,0,0,0,0,0,40,1,581,,0,30-39,0,0.23841427860565267,-0.9191395529630071,Economy Customers
1459,1966,PhD,Married,69063.0,0,1,2012-07-11,16,666,35,124,69,8,26,1,5,3,5,3,0,0,0,0,0,0,0,59,1,928,4783.0,0,50-59,2,0.9751720192148169,-0.7139896059688843,Mid-Range Customers
10241,1975,2n Cycle,Divorced,11448.0,0,0,,16,0,0,0,6,2,6,1,1,0,2,6,0,0,0,0,0,0,0,50,0,14,,0,40-49,3,-2.4229495597427873,-0.6972863920502027,Digital Active Customers
1630,1979,Graduation,Single,61825.0,0,1,2013-07-08,56,162,50,100,55,30,27,1,4,2,8,4,0,0,0,0,0,0,0,46,1,424,4421.0,0,40-49,4,0.4096185246184957,0.4226183261490541,Store-Focused Customers
3254,1971,Graduation,Married,70886.0,1,0,,65,407,70,239,103,88,53,1,5,4,4,2,0,0,0,0,0,0,0,54,1,960,,0,50-59,4,0.9935235177021373,0.9326260503313695,Store-Focused Customers
9064,1982,Graduation,Married,69109.0,0,0,2012-09-11,10,823,25,459,124,29,95,1,6,6,7,4,0,0,0,0,1,1,0,43,0,1555,4721.0,1,40-49,4,1.5676797579278599,-1.1593244196836856,Store-Focused Customers
3678,1973,Graduation,Widow,60208.0,1,1,2012-07-10,13,488,23,71,15,0,59,11,8,3,7,7,0,0,0,1,0,1,0,52,2,656,4784.0,1,50-59,2,0.5644537853248361,-1.8048749359449443,Mid-Range Customers
4227,1968,Master,Together,32889.0,1,1,2013-06-09,78,28,0,13,4,2,8,3,2,1,3,5,0,0,0,0,0,0,0,57,2,55,4450.0,0,50-59,1,-1.445745014796009,1.183083851747825,High Value Customers
9467,1984,Graduation,Single,34738.0,1,0,2014-11-05,51,3,2,10,3,0,2,1,1,0,3,6,0,0,0,0,0,0,0,41,1,20,3936.0,0,40-49,3,-1.9404614700920015,0.42676501297794317,Digital Active Customers
8486,1971,Master,Together,30538.0,1,0,2012-01-10,27,284,0,52,8,3,20,4,9,0,4,10,0,0,0,0,0,0,0,54,1,367,4966.0,0,50-59,2,-0.9724109653105052,-1.971581484112965,Mid-Range Customers
2186,1977,2n Cycle,Together,82326.0,0,0,2014-10-03,30,938,142,754,159,81,183,1,5,10,6,2,1,0,0,1,1,1,0,48,0,2257,3969.0,1,40-49,4,2.5060284790296716,-0.10892998750503292,Store-Focused Customers
3286,1967,PhD,Divorced,26642.0,1,0,2014-01-03,71,13,2,15,2,2,8,2,2,0,3,6,0,0,0,0,0,0,0,58,1,42,4242.0,0,50-59,1,-1.7167548864393118,0.8100505615009808,High Value Customers
8602,1964,Graduation,Divorced,69932.0,0,1,2013-12-06,97,412,172,153,150,105,57,2,7,6,11,4,0,0,0,0,0,0,0,61,1,1049,4270.0,0,60-69,0,2.129255879086964,1.158191661403834,Economy Customers
3722,1972,Graduation,Single,44503.0,1,1,,83,31,1,8,0,0,8,2,2,0,3,6,0,0,0,0,0,0,0,53,2,48,,0,50-59,1,-1.4371179441876814,1.2408213611536796,High Value Customers
6715,1948,PhD,Single,60200.0,0,1,2013-02-01,3,502,19,132,0,6,26,6,6,2,11,6,0,0,0,0,0,0,0,77,1,685,4578.0,0,70+,2,1.3792259166615606,-1.8783871248108248,Mid-Range Customers
4796,1952,Graduation,Divorced,49638.0,0,1,,71,18,10,3,3,5,0,1,1,0,3,2,0,0,0,0,0,0,0,73,1,39,,0,70+,1,-0.6125818037427182,1.5270113725088748,High Value Customers
9612,1987,2n Cycle,Single,23830.0,0,0,2014-07-02,3,1,8,6,4,8,16,1,1,0,3,7,0,0,0,0,0,0,0,38,0,43,4062.0,0,30-39,3,-2.3317325770466715,-1.1693193867739833,Digital Active Customers
3766,1959,Master,Widow,33051.0,0,0,,15,100,71,243,108,94,219,3,9,1,8,9,0,0,0,0,0,1,0,66,0,835,,1,60-69,2,0.3573473806332278,-2.3146782325542414,Mid-Range Customers
1399,1958,Graduation,Married,72905.0,0,0,,52,407,114,445,181,165,203,1,3,7,9,1,1,0,0,0,0,0,0,67,0,1515,,1,60-69,4,2.2801620878179896,0.7901355091536805,Store-Focused Customers
1570,1951,PhD,Together,69702.0,0,1,,8,664,9,240,50,19,57,2,7,7,10,4,0,0,0,0,0,0,0,74,1,1039,,0,70+,2,2.112947620447337,-1.515637750572295,Mid-Range Customers
3426,1975,Graduation,Divorced,70300.0,1,0,,89,1045,61,338,60,46,46,3,5,5,13,8,0,0,0,0,0,0,0,50,1,1596,,0,40-49,0,1.8650093794000133,0.601572236027744,Economy Customers
3074,1984,PhD,Married,70643.0,0,0,,66,1218,107,304,23,143,33,1,5,8,4,6,0,0,0,0,0,1,0,41,0,1828,,1,40-49,4,0.9389382571810636,0.43331392111411215,Store-Focused Customers
8341,1969,PhD,Married,30396.0,1,0,,22,15,0,6,0,1,12,2,1,1,2,7,0,0,1,0,0,1,0,56,1,34,,1,50-59,3,-2.1247687485210025,-0.6207021821757123,Digital Active Customers
5180,1968,PhD,Divorced,50616.0,0,1,,56,128,0,16,0,1,4,2,4,0,4,7,0,0,0,0,0,0,0,57,1,149,,0,50-59,1,-0.9353673614622766,0.018439569672253287,High Value Customers
6461,1969,Master,Single,62772.0,0,1,,74,581,49,157,43,8,108,1,5,6,11,2,0,0,0,1,0,0,0,56,1,946,,1,50-59,4,1.8786756064980774,1.009651789576512,Store-Focused Customers
7679,1985,PhD,Single,30298.0,0,0,,48,6,3,12,6,1,0,1,1,1,3,3,0,0,0,0,0,0,0,40,0,28,,0,30-39,3,-1.570081412933465,0.7511155806489987,Digital Active Customers
10702,1984,Graduation,Single,52413.0,1,0,2012-03-11,67,185,8,133,56,56,12,2,7,1,7,7,0,0,0,0,0,0,0,41,1,450,4905.0,0,40-49,0,-0.014802262843569544,-0.05232434544911615,Economy Customers
7505,1957,PhD,Married,44155.0,1,1,,24,22,1,9,0,0,14,1,1,1,2,4,0,0,0,0,0,0,0,68,2,46,,0,60-69,3,-1.2403407949593943,-0.1340477640510897,Digital Active Customers
5113,1971,PhD,Divorced,86979.0,0,0,2013-07-11,67,584,100,835,65,83,35,1,5,5,5,2,0,0,1,0,0,1,0,54,0,1702,4418.0,1,50-59,4,2.0675547540598767,1.0147185032592716,Store-Focused Customers
10858,1975,Graduation,Together,76532.0,1,1,2013-09-09,38,355,30,177,90,138,30,4,9,5,7,5,0,0,0,0,0,0,0,50,2,820,4358.0,0,40-49,0,1.4306173553365666,-0.8493555567330534,Economy Customers
2961,1982,Graduation,Married,42081.0,1,0,,86,175,10,110,54,6,27,2,6,3,4,6,0,0,1,0,0,0,0,43,1,382,,1,40-49,1,-0.6519643658649243,0.8138585724936309,High Value Customers
2747,1988,PhD,Married,67546.0,0,0,,90,864,134,768,150,38,172,1,4,10,5,3,0,0,0,0,0,0,0,37,0,2126,,0,30-39,4,1.5609599270776355,1.681032886936673,Store-Focused Customers
3010,1989,Master,Together,88420.0,0,0,2014-02-05,87,957,153,612,99,95,153,1,4,7,8,1,1,0,1,0,1,0,0,36,0,2069,4209.0,1,30-39,4,2.6361948779110196,1.8761387503872198,Store-Focused Customers
5790,1985,Graduation,Married,31158.0,1,0,,62,25,6,16,20,0,5,2,2,0,3,8,0,0,0,0,0,0,0,40,1,72,,0,30-39,3,-2.1480591303940693,0.3339389750671792,Digital Active Customers
6892,1968,Graduation,Divorced,61671.0,0,1,2014-03-06,23,641,7,56,0,0,28,8,10,4,6,8,1,0,0,1,0,0,0,57,1,732,4180.0,1,50-59,2,0.6893086437025069,-1.897278293576268,Mid-Range Customers
1743,1974,Graduation,Single,69719.0,0,0,,99,273,86,208,177,14,43,1,2,3,5,1,0,0,0,0,0,0,0,51,0,801,,0,50-59,4,0.7096072984489051,2.4601775536765285,Store-Focused Customers
3578,1949,Graduation,Divorced,49160.0,0,1,,29,122,21,43,25,10,15,2,3,1,6,6,0,0,0,0,0,0,0,76,1,236,,0,70+,2,-0.3398879400734349,-0.6302323688088854,Mid-Range Customers
8462,1978,Basic,Together,24882.0,1,0,2012-09-09,52,1,4,10,29,0,36,1,1,1,2,6,0,0,1,0,0,0,0,47,1,80,4723.0,1,40-49,3,-2.1434304718188475,0.42740135323512385,Digital Active Customers
5558,1954,PhD,Single,90933.0,0,0,,90,1020,31,430,62,63,79,1,4,6,4,1,0,0,0,0,1,0,0,71,0,1685,,1,70+,4,2.2277400205254128,1.9485483824985026,Store-Focused Customers
4619,1945,PhD,Single,113734.0,0,0,,9,6,2,3,1,262,3,0,27,0,0,1,0,0,0,0,0,0,0,80,0,277,,0,70+,2,4.033818740866445,-3.2971788834854268,Mid-Range Customers
8780,1950,PhD,Together,59292.0,0,1,,71,378,14,68,19,14,14,2,3,5,8,3,0,0,0,0,0,0,0,75,1,507,,0,70+,4,0.830290998124625,1.0335269629630968,Store-Focused Customers
10789,1964,PhD,Married,45759.0,1,1,,13,42,1,18,3,0,4,2,2,0,3,7,0,0,0,0,0,0,0,61,2,68,,0,60-69,3,-1.466966143039197,-1.009653714473325,Digital Active Customers
10779,1983,Graduation,Single,22148.0,0,0,,16,15,5,14,0,4,11,1,1,0,3,7,0,0,0,0,0,0,0,42,0,49,,0,40-49,3,-2.3031286762894636,-0.8008719381021666,Digital Active Customers
5896,1987,Master,Married,73395.0,0,0,,94,272,7,80,20,7,11,1,4,4,6,2,0,0,0,0,0,0,0,38,0,397,,0,30-39,4,0.5273837740642103,1.9469892678704408,Store-Focused Customers
2337,1971,Graduation,Divorced,29819.0,1,0,,77,9,1,24,2,1,2,3,3,0,3,6,0,0,0,0,0,0,0,54,1,39,,0,50-59,1,-1.5765910425637228,0.8830700463234725,High Value Customers
10951,1968,Graduation,Married,45688.0,0,1,,20,279,0,18,0,0,9,2,3,1,8,4,0,0,0,1,0,0,0,57,1,306,,1,50-59,2,0.005675794793073157,-0.6079571844629366,Mid-Range Customers
544,1954,Graduation,Married,62820.0,0,0,2013-11-05,51,398,61,265,138,61,53,1,3,4,6,1,0,0,0,0,0,0,0,71,0,976,4301.0,0,70+,4,1.2500911834132924,0.7871101724356515,Store-Focused Customers
17,1971,PhD,Married,60491.0,0,1,2013-06-09,81,637,47,237,12,19,76,4,6,11,7,5,0,0,0,0,0,0,0,54,1,1028,4450.0,0,50-59,0,0.9696780625009482,0.7542186159191006,Economy Customers
10680,1986,Graduation,Together,33235.0,1,0,2014-05-02,71,45,0,16,2,1,6,1,3,0,3,7,0,0,0,0,0,0,0,39,1,70,4123.0,0,30-39,1,-1.8346648226270856,0.6241779497220032,High Value Customers
3265,1959,Graduation,Married,35701.0,0,0,,36,21,1,9,7,3,5,1,1,0,3,6,0,0,0,0,0,0,0,66,0,46,,0,60-69,3,-1.5828531276083153,-0.10202093127355352,Digital Active Customers
5623,1980,Master,Married,31535.0,1,0,,95,15,4,13,0,0,19,1,1,1,2,7,0,0,1,0,0,0,0,45,1,51,,1,40-49,1,-2.210112379489886,1.5951284773617629,High Value Customers
5832,1960,2n Cycle,Together,92556.0,0,0,,32,493,183,352,184,23,28,0,3,5,13,0,0,0,0,0,0,0,0,65,0,1263,,0,60-69,4,3.1427310251757787,0.3155329565126823,Store-Focused Customers
5544,1970,Graduation,Single,67384.0,0,1,2012-10-11,32,957,40,175,158,53,107,2,7,8,5,5,0,0,0,1,0,0,0,55,1,1490,4691.0,1,50-59,2,1.3286325317724585,-0.7748432601412596,Mid-Range Customers
6417,1971,Master,Together,80573.0,0,0,,85,829,138,430,60,92,15,1,4,6,13,2,0,0,0,0,0,0,0,54,0,1564,,0,50-59,4,2.870161238943968,1.4796480801783793,Store-Focused Customers
5831,1967,Graduation,Married,77870.0,0,1,,93,1017,50,500,65,50,133,3,5,5,5,8,1,0,0,1,0,1,0,58,1,1815,,1,50-59,0,1.1288924361180703,0.8974648471239558,Economy Customers
7101,1963,PhD,Widow,52278.0,0,1,,24,953,0,71,0,0,174,6,10,5,10,8,0,0,0,0,0,0,0,62,1,1198,,0,60-69,0,1.5536471993807492,-2.008317845789758,Economy Customers
10176,1968,Graduation,Single,57107.0,0,1,,44,159,0,120,0,0,137,7,4,4,8,8,0,1,0,1,0,1,0,57,1,416,,1,50-59,2,-0.1619015502314863,-0.5528985917401872,Mid-Range Customers
2326,1990,Graduation,Married,18929.0,0,0,,15,32,0,8,23,4,18,1,1,0,4,6,0,0,0,0,0,0,0,35,0,85,,0,30-39,3,-2.124199377729844,-0.6986018390768776,Digital Active Customers
4385,1981,PhD,Single,36038.0,1,0,,82,23,0,15,0,2,7,2,3,0,3,6,0,0,0,0,0,0,0,44,1,47,,0,40-49,1,-1.5803320153251172,1.0854778860195549,High Value Customers
2929,1976,Graduation,Single,20180.0,0,0,,27,18,42,24,15,20,18,1,2,1,4,7,0,0,0,0,0,0,0,49,0,137,,0,40-49,3,-1.8940640734717802,-0.65573956941206,Digital Active Customers
10686,1965,PhD,Together,34230.0,1,1,,72,15,0,4,0,0,2,1,1,0,2,7,0,0,0,0,0,0,0,60,2,21,,0,50-59,1,-1.9981325149572737,0.8677320767378008,High Value Customers
2546,1977,2n Cycle,Single,31878.0,0,1,,7,23,4,5,10,5,23,1,1,0,4,3,0,0,0,0,0,0,0,48,1,70,,0,40-49,3,-1.2676810347298617,-0.5156466012928229,Digital Active Customers
3283,1972,2n Cycle,Married,70932.0,0,1,,57,200,193,100,46,185,185,2,6,2,12,3,0,0,0,0,0,0,0,53,1,909,,0,50-59,4,2.0824949419069783,0.24577846941985684,Store-Focused Customers
3138,1956,Graduation,Single,91249.0,0,0,,84,1324,27,119,71,108,27,0,7,9,6,4,1,1,0,1,1,1,0,69,0,1676,,1,60-69,4,2.4280535224750444,0.9197616563972514,Store-Focused Customers
4994,1943,Master,Single,77598.0,0,0,2013-01-10,53,1193,33,281,129,66,33,1,7,5,13,3,0,0,0,0,1,0,0,82,0,1735,4600.0,1,70+,4,3.55463259882731,-0.10885001637225353,Store-Focused Customers
7966,1959,Graduation,Single,80982.0,1,1,2013-08-01,48,505,137,401,104,22,22,3,11,5,11,5,0,0,0,0,0,0,1,66,2,1191,4397.0,0,60-69,0,2.8847351678902062,-0.943824300954456,Economy Customers
3112,1977,Master,Married,22701.0,1,0,2013-05-09,2,2,4,9,0,4,5,1,1,0,3,5,0,0,0,0,0,0,0,48,1,24,4481.0,0,40-49,3,-1.9333222461413337,-0.9534674933402928,Digital Active Customers
10872,1969,PhD,Married,55212.0,0,1,,65,1103,0,45,0,0,34,3,4,2,11,8,0,1,0,1,0,0,0,56,1,1182,,1,50-59,0,0.8786157247530939,-0.003596767042999459,Economy Customers
2181,1970,Graduation,Married,70617.0,0,0,,45,353,61,753,40,46,27,1,3,3,7,2,0,0,0,0,0,0,0,55,0,1280,,0,50-59,4,1.4373694474066931,0.5206813788276287,Store-Focused Customers
1867,1957,Graduation,Single,64849.0,0,0,,42,652,48,350,94,84,108,1,9,3,6,5,0,0,0,0,0,1,0,68,0,1336,,1,60-69,2,1.7328888106968208,-0.8091569644694291,Mid-Range Customers
1518,1965,Master,Married,62694.0,1,1,,29,379,6,157,25,91,91,5,9,3,7,7,0,0,0,0,0,0,0,60,2,749,,0,50-59,2,0.9298187806570007,-1.477444763364937,Mid-Range Customers
5734,1974,PhD,Married,61917.0,1,1,,83,46,4,36,2,2,1,1,2,0,4,5,0,0,0,0,0,0,0,51,2,91,,0,50-59,1,-0.7999928096738654,1.4209656552906371,High Value Customers
2878,1947,PhD,Married,67472.0,0,1,,93,162,31,127,8,17,69,2,4,2,7,3,0,0,0,0,0,0,0,78,1,414,,0,70+,4,0.9373514802532829,1.598716354526112,Store-Focused Customers
1458,1982,Master,Married,21059.0,1,0,2014-07-01,40,8,3,19,3,3,8,3,3,0,3,6,0,0,0,0,0,0,0,43,1,44,4063.0,0,40-49,3,-1.8889719995960876,-0.20977897702734605,Digital Active Customers
7007,1968,Master,Married,29543.0,2,0,2014-01-04,47,17,3,18,3,4,18,2,3,1,2,7,0,0,0,0,0,0,0,57,2,63,4241.0,0,50-59,3,-1.830838341869547,-0.14079441664761363,Digital Active Customers
6200,1951,Graduation,Married,75903.0,0,1,2013-08-04,50,340,108,185,130,38,100,2,6,6,9,3,0,0,0,0,0,0,0,74,1,901,4394.0,0,70+,2,1.9998923355607998,0.04989531221393056,Mid-Range Customers
1403,1975,2n Cycle,Together,34984.0,1,1,2012-06-09,40,8,4,15,3,5,3,2,1,0,3,7,0,0,0,0,0,0,0,50,2,38,4815.0,0,40-49,3,-1.9615003288407968,-0.07230818455424734,Digital Active Customers
4827,1956,PhD,Single,54998.0,0,1,2013-10-03,3,154,22,202,39,30,8,5,4,2,9,4,0,0,0,0,0,1,0,69,1,455,4334.0,1,60-69,2,0.7345201548240163,-1.278938710804873,Mid-Range Customers
6250,1949,PhD,Widow,54356.0,0,1,,62,710,15,30,20,0,0,3,11,2,8,8,0,0,0,0,0,1,0,76,1,775,,1,70+,0,1.2682225932026223,-0.9977334459217847,Economy Customers
9291,1959,Master,Married,34242.0,0,1,,25,8,2,4,0,0,1,1,0,0,3,5,0,0,0,0,0,0,0,66,1,15,,0,60-69,3,-1.618696636780435,-0.16332645915376579,Digital Active Customers
2478,1973,Graduation,Married,25410.0,1,0,,48,2,2,4,13,13,4,1,1,0,4,4,0,0,0,0,0,0,0,52,1,38,,0,50-59,3,-1.50673114455626,0.530807089382615,Digital Active Customers
1139,1984,PhD,Married,73356.0,0,0,2014-06-02,56,1050,14,322,0,14,112,1,5,11,5,2,1,0,1,0,1,1,0,41,0,1512,4092.0,1,40-49,4,1.4810607907524016,0.6894621698103965,Store-Focused Customers
5138,1950,Graduation,Together,28320.0,0,1,,68,19,1,14,3,2,4,1,1,0,3,8,0,0,0,0,0,0,0,75,1,43,,0,70+,1,-1.9063778203878428,0.5147643455975524,High Value Customers
5393,1977,Graduation,Single,23763.0,1,0,2012-07-08,64,22,0,6,6,2,6,1,1,0,3,7,0,0,0,0,0,0,0,48,1,42,4786.0,0,40-49,1,-2.1879434299971736,0.6141525387273468,High Value Customers
10413,1984,Graduation,Married,72570.0,0,0,,67,274,83,216,151,141,224,1,4,6,12,1,0,0,0,0,0,0,0,41,0,1089,,0,40-49,4,2.1548504439288,1.129844554704788,Store-Focused Customers
5015,1976,Master,Married,34529.0,1,0,,94,68,6,38,3,6,41,2,2,2,3,7,0,0,0,0,0,0,0,49,1,162,,0,40-49,1,-1.7304363456224117,1.4083485524981434,High Value Customers
10868,1951,Graduation,Widow,70792.0,0,0,2013-06-02,82,344,45,654,104,11,114,2,3,4,10,3,0,0,0,0,0,0,0,74,0,1272,4457.0,0,70+,4,1.972942684807283,1.3498166557879556,Store-Focused Customers
10676,1982,Graduation,Married,63211.0,0,0,2012-02-11,3,145,193,459,205,26,145,2,3,8,7,2,0,0,0,0,0,1,0,43,0,1173,4934.0,1,40-49,4,1.0417716562836845,-0.7126514321177594,Store-Focused Customers
2495,1974,Master,Married,83891.0,0,1,,24,217,38,350,111,85,15,1,4,7,10,1,0,0,0,0,0,0,0,51,1,816,,0,50-59,4,1.9623934312015545,-0.10211671280731445,Store-Focused Customers
7842,1968,Graduation,Single,36065.0,1,1,,54,18,7,34,10,2,3,3,3,0,3,8,0,0,0,0,0,0,0,57,2,74,,0,50-59,1,-1.7047830669622506,-0.07590525777244592,High Value Customers
9955,1954,Graduation,Together,39898.0,0,1,2013-12-02,20,69,8,26,12,7,12,2,3,0,4,7,0,0,0,0,0,0,0,71,1,134,4274.0,0,70+,3,-1.1120870386095345,-1.0059801387855845,Digital Active Customers
6663,1940,PhD,Single,51141.0,0,0,2013-08-07,96,144,0,7,0,0,6,1,3,1,4,5,0,0,0,0,0,0,0,85,0,157,4391.0,0,70+,1,-0.3726886268673786,1.5293099295437638,High Value Customers
2162,1976,Graduation,Married,56939.0,0,1,,19,256,34,103,90,29,49,2,3,3,10,3,0,0,0,0,0,0,0,49,1,561,,0,40-49,2,0.7740055179612302,-0.4810027936477351,Mid-Range Customers
3434,1951,Graduation,Single,80872.0,0,0,2014-12-05,60,483,72,567,94,12,108,1,4,4,10,1,0,0,0,0,0,0,0,74,0,1336,3906.0,0,70+,4,2.650054810617797,0.8792096462822256,Store-Focused Customers
7919,1976,PhD,Together,72335.0,0,0,,2,1285,105,653,28,21,0,1,10,4,8,8,0,0,0,0,0,1,0,49,0,2092,,1,40-49,0,2.2185129436928497,-2.5178349496070633,Economy Customers
5626,1964,PhD,Single,61798.0,0,0,,13,338,4,89,11,8,13,1,4,2,9,4,0,0,0,0,0,0,0,61,0,463,,0,60-69,2,0.7688476287088478,-0.9324941415545631,Mid-Range Customers
6428,1950,PhD,Widow,76842.0,0,0,2014-03-05,37,605,10,345,84,54,32,1,1,8,7,0,0,0,0,0,0,0,0,75,0,1130,4181.0,0,70+,4,1.7247071725946903,0.77695392305164,Store-Focused Customers
8514,1976,Graduation,Together,29478.0,1,0,,59,8,0,7,3,1,1,1,1,0,3,6,0,0,0,0,0,0,0,49,1,20,,0,40-49,1,-1.9340508385649182,0.6214438027037903,High Value Customers
10448,1956,Graduation,Single,46998.0,0,1,,55,172,41,86,45,6,27,5,5,3,5,7,0,0,1,0,0,0,0,69,1,377,,1,60-69,2,-0.37834317351993396,-0.21716835640864138,Mid-Range Customers
2109,1990,Graduation,Single,96843.0,0,0,,60,448,71,951,40,17,17,1,6,11,10,2,0,0,0,0,1,1,0,35,0,1544,,1,30-39,4,2.7353593262562046,0.6599680597539839,Store-Focused Customers
7530,1950,PhD,Widow,56551.0,1,1,2014-07-05,48,67,4,32,17,2,16,3,2,1,4,4,0,0,0,0,0,0,0,75,2,138,4059.0,0,70+,1,-0.4085054594849269,0.4210032597128347,High Value Customers
8925,1965,Master,Married,70053.0,0,1,2013-03-07,38,512,53,98,81,179,89,3,8,5,10,5,0,0,0,0,0,0,0,60,1,1012,4544.0,0,50-59,0,1.9042228809552975,-0.8438436720289422,Economy Customers
3009,1962,PhD,Widow,71670.0,0,0,2013-09-07,8,1462,16,128,0,0,160,1,5,3,6,6,0,1,0,1,1,1,0,63,0,1766,4360.0,1,60-69,2,1.4646283556310389,-1.4110675837003166,Mid-Range Customers
6355,1978,Graduation,Married,44359.0,1,1,,19,20,0,14,7,3,1,3,2,0,4,3,0,0,0,0,0,0,0,47,2,45,,0,40-49,3,-0.9309456801211541,-0.24450839202636196,Digital Active Customers
3517,1952,Graduation,Single,40887.0,1,1,2013-06-05,32,50,4,44,10,10,43,3,3,1,3,9,0,0,0,0,0,1,0,73,2,161,4454.0,1,70+,3,-1.4946891127279767,-0.9125321631281287,Digital Active Customers
1158,1966,Graduation,Divorced,48877.0,0,1,2014-05-01,27,102,1,15,2,0,24,1,3,0,4,7,0,0,0,0,0,0,0,59,1,144,4124.0,0,50-59,3,-1.0874716256399384,-0.7285162878876277,Digital Active Customers
6203,1947,Graduation,Together,74485.0,0,0,,58,499,149,815,173,49,49,1,6,7,12,3,0,0,0,0,0,0,0,78,0,1734,,0,70+,4,3.1665367953497605,0.19591502918358683,Store-Focused Customers
7165,1972,Graduation,Together,64474.0,0,1,,59,381,35,172,56,86,93,2,8,2,10,5,0,0,0,0,0,0,0,53,1,823,,0,50-59,0,1.5559417361271275,-0.2105956308159025,Economy Customers
3595,1963,Graduation,Together,77226.0,0,1,,29,631,43,239,128,76,21,2,6,8,12,3,0,0,0,0,0,0,0,62,1,1138,,0,60-69,4,2.501692107202703,-0.6008607531343839,Store-Focused Customers
8537,1949,Graduation,Widow,72643.0,0,0,,60,526,80,553,123,94,53,1,3,10,7,2,1,0,0,0,0,1,0,76,0,1429,,1,70+,4,1.8755415148525534,0.9017552071949364,Store-Focused Customers
4331,1978,Master,Together,85738.0,0,0,,41,913,26,376,17,26,13,1,3,6,11,1,0,0,0,1,1,0,0,47,0,1371,,1,40-49,4,2.4311184099083585,0.5262860101700554,Store-Focused Customers
6281,1966,Graduation,Divorced,55686.0,0,1,,27,673,0,199,37,47,26,2,6,3,5,4,0,0,1,0,0,0,0,59,1,982,,1,50-59,2,0.7516590546021154,-0.6996432554822312,Mid-Range Customers
4338,1983,Graduation,Single,39062.0,1,0,,28,23,0,9,0,0,12,1,1,0,3,4,0,0,1,0,0,0,0,42,1,44,,1,40-49,3,-1.525413464688226,0.034469538745235874,Digital Active Customers
2452,1971,Graduation,Together,34600.0,1,1,2013-01-01,8,199,33,60,8,3,15,5,5,2,5,8,0,0,0,0,0,1,0,54,2,318,4609.0,1,50-59,3,-1.0209004152128047,-1.7468910759972227,Digital Active Customers
9507,1975,Graduation,Married,40794.0,0,1,2013-07-04,18,261,23,73,4,23,50,2,6,3,5,7,0,0,0,0,0,0,0,50,1,434,4425.0,0,40-49,3,-0.5690623097713955,-1.4045931958381261,Digital Active Customers
8360,1971,2n Cycle,Married,54690.0,1,1,2013-07-11,76,111,16,37,7,9,18,3,3,1,5,3,0,0,0,0,0,0,0,54,2,198,4418.0,0,50-59,1,-0.2230966042314656,1.3095363874186192,High Value Customers
10311,1969,Graduation,Married,4428.0,0,1,2013-05-10,0,16,4,12,2,4,321,0,25,0,0,1,0,0,0,0,0,0,0,56,1,359,4480.0,0,50-59,2,1.4721861423844367,-3.5706674601606783,Mid-Range Customers
5117,1963,2n Cycle,Married,32632.0,0,0,2012-02-08,32,63,151,137,153,19,53,2,4,4,8,5,0,0,0,0,0,0,0,62,0,576,4937.0,0,60-69,2,0.03485128499541302,-0.5813571429219005,Mid-Range Customers
4867,1968,PhD,Single,38236.0,1,1,,2,58,0,18,2,0,10,4,3,0,4,7,0,0,0,0,0,0,0,57,2,88,,0,50-59,3,-1.367360568403961,-1.4997777686994451,Digital Active Customers
9289,1979,Graduation,Married,36781.0,1,0,2014-10-04,16,29,1,17,0,3,13,1,2,1,2,8,0,0,0,0,0,1,0,46,1,63,3968.0,1,40-49,3,-2.1315742364001213,-1.0165019656251097,Digital Active Customers
10913,1984,Master,Single,31385.0,1,0,2012-05-12,56,3,2,12,0,1,9,1,1,0,2,8,0,0,1,0,0,1,0,41,1,27,4843.0,1,40-49,3,-2.4492087630016015,0.30487335250123676,Digital Active Customers
3032,1984,Graduation,Married,24570.0,1,0,,97,28,34,62,11,14,44,3,4,0,4,9,0,0,0,0,0,0,0,41,1,193,,0,40-49,1,-1.8892586961452715,0.9288635679082152,High Value Customers
8524,1974,PhD,Divorced,25509.0,1,0,,15,40,3,30,10,7,11,3,3,0,3,9,0,0,0,0,0,1,0,51,1,101,,1,50-59,3,-2.122157647387284,-1.3925834627678506,Digital Active Customers
3334,1951,Graduation,Married,94642.0,0,0,2014-12-02,35,879,143,797,106,143,143,0,5,7,9,1,1,0,0,0,1,0,0,74,0,2211,3909.0,1,70+,4,3.6259774220762013,0.06453688041800537,Store-Focused Customers
4470,1962,Master,Married,58646.0,0,1,2013-10-06,3,62,1,44,6,5,22,1,2,1,4,4,0,0,0,0,0,0,0,63,1,140,4331.0,0,60-69,3,-0.5345952533622724,-0.8725706518271097,Digital Active Customers
1406,1975,Graduation,Single,53201.0,1,1,2013-12-02,49,280,7,81,20,0,27,8,6,3,5,7,0,0,0,0,0,0,0,50,2,415,4274.0,0,40-49,2,-0.3432504318329048,-0.4416503807729617,Mid-Range Customers
8619,1957,Graduation,Together,21994.0,0,1,,4,9,0,6,3,1,3,1,0,0,3,5,0,0,0,0,0,0,0,68,1,22,,0,60-69,3,-1.8230737247230724,-0.8344939251672956,Digital Active Customers
10821,1978,Graduation,Married,57113.0,1,1,2013-06-02,45,182,4,33,0,2,42,6,4,1,5,7,0,0,0,0,0,0,0,47,2,263,4457.0,0,40-49,3,-0.7031923581141972,-0.2785010378672315,Digital Active Customers
4552,1991,Graduation,Married,51373.0,0,0,,37,83,2,101,64,26,117,1,3,5,3,4,0,0,0,0,0,0,0,34,0,393,,0,30-39,3,-0.8348718774548038,0.10724979082872027,Digital Active Customers
898,1986,Graduation,Married,23477.0,1,0,,39,38,15,54,3,8,29,3,3,0,4,8,0,0,0,0,0,0,0,39,1,147,,0,30-39,3,-1.9698332166073422,-0.524808840596297,Digital Active Customers
9797,1956,Graduation,Married,58116.0,0,1,,38,228,19,130,4,11,51,2,3,3,8,2,0,0,0,0,0,0,0,69,1,443,,0,60-69,2,0.8213370311944406,0.20882811749284877,Mid-Range Customers
10949,1963,PhD,Divorced,72968.0,0,0,,8,1092,37,592,145,37,55,1,5,5,8,3,1,0,0,0,0,1,0,62,0,1958,,1,60-69,4,2.3904511294646107,-1.0260048985486532,Store-Focused Customers
8212,1971,Master,Married,39791.0,0,1,,89,85,15,27,13,13,21,2,3,1,4,7,0,0,0,0,0,0,0,54,1,174,,0,50-59,1,-1.279823211494998,1.1068907198129514,High Value Customers
6248,1947,Master,Single,91712.0,0,0,,47,1276,24,746,94,29,48,0,9,7,11,3,0,0,0,0,1,1,0,78,0,2217,,1,70+,4,4.146645408686384,-0.446474495346561,Store-Focused Customers
10164,1958,Graduation,Single,94472.0,0,1,2014-03-04,75,1017,33,417,108,100,16,1,5,5,5,5,0,0,0,1,1,0,0,67,1,1691,4182.0,1,60-69,4,1.9078895148279509,0.8083471006877664,Store-Focused Customers
4547,1960,Graduation,Together,13672.0,1,1,,86,6,2,9,2,1,5,2,1,0,3,8,0,0,0,0,0,0,0,65,2,25,,0,60-69,1,-2.3204175573372936,1.0389073383265588,High Value Customers
6815,1980,2n Cycle,Married,96547.0,0,0,,4,448,21,125,52,101,62,0,7,6,8,2,1,0,1,0,1,1,0,45,0,809,,1,40-49,4,2.0644921148888344,-1.1218657797321057,Store-Focused Customers
4122,1975,Graduation,Married,79205.0,0,0,,73,504,23,117,179,28,44,1,6,5,4,4,1,0,0,0,0,1,0,50,0,895,,1,40-49,4,0.8714306989710615,0.7989755208439476,Store-Focused Customers
10841,1975,PhD,Together,56559.0,0,1,,46,226,22,133,41,31,31,3,4,3,8,4,0,0,0,0,0,0,0,50,1,484,,0,40-49,2,0.40991917584821297,0.09405275301213652,Mid-Range Customers
5370,1973,PhD,Married,32644.0,1,0,,38,239,3,141,0,7,23,4,7,1,6,8,0,0,1,0,0,0,0,52,1,413,,1,50-59,2,-0.583417502501844,-1.1345103441421622,Mid-Range Customers
176,1980,2n Cycle,Single,67506.0,0,1,2014-02-01,73,90,38,67,33,36,67,1,4,1,6,3,0,0,0,0,0,0,0,45,1,331,4213.0,0,40-49,4,0.29173989957513696,1.138013237213281,Store-Focused Customers
4860,1970,Graduation,Single,24206.0,1,0,2013-08-03,66,7,2,8,3,2,3,1,1,0,3,6,0,0,0,0,0,0,0,55,1,25,4395.0,0,50-59,1,-1.9496798799446489,0.7930265510424003,High Value Customers
10757,1967,PhD,Divorced,28420.0,1,0,,36,4,2,5,2,0,0,1,1,0,2,6,0,0,0,0,0,0,0,58,1,13,,0,50-59,3,-1.99631327498896,-0.07493783670559304,Digital Active Customers
4023,1970,Graduation,Married,22979.0,1,0,2012-06-09,29,16,17,19,20,21,22,3,3,2,2,8,0,0,0,0,0,1,0,55,1,115,4815.0,1,50-59,3,-2.094745776822602,-0.832906360160164,Digital Active Customers
6679,1966,Graduation,Single,33279.0,0,0,2014-12-06,29,10,3,3,0,0,0,1,0,0,3,3,0,0,0,0,0,0,0,59,0,16,3905.0,0,50-59,3,-1.417750142587231,0.25946765559512336,Digital Active Customers
9923,1972,Master,Single,46423.0,1,1,,6,68,0,16,0,0,8,3,2,0,4,7,0,0,0,0,0,0,0,53,2,92,,0,50-59,3,-1.3933474704326867,-1.2119071933778256,Digital Active Customers
7181,1977,Graduation,Married,30368.0,0,1,2013-07-11,97,35,0,13,2,0,2,2,2,0,3,8,0,0,0,0,0,0,0,48,1,52,4418.0,0,40-49,1,-2.066924060264973,1.3473541180554776,High Value Customers
3599,1970,Graduation,Married,63684.0,0,1,,61,575,80,428,208,93,80,3,8,4,8,5,0,0,0,0,0,0,0,55,1,1464,,0,50-59,0,1.815794820867125,-0.11967395623137252,Economy Customers
405,1964,Graduation,Divorced,41638.0,0,1,,68,315,0,31,4,0,91,4,5,5,3,8,0,0,1,0,0,0,0,61,1,441,,1,60-69,1,-0.9697834725496732,0.08381993885294876,High Value Customers
6870,1959,PhD,Divorced,68805.0,0,1,,73,182,2,49,17,13,20,1,3,1,7,2,0,0,0,0,0,0,0,66,1,283,,0,60-69,4,0.7126909332431527,1.3194517483334436,Store-Focused Customers
832,1966,PhD,Together,65814.0,0,1,2014-02-03,90,561,14,113,10,14,35,3,8,2,10,5,0,0,0,0,0,0,0,59,1,747,4211.0,0,50-59,0,1.6030356475548828,0.6975472951038132,Economy Customers
2002,1958,Graduation,Divorced,71964.0,0,0,,81,587,51,932,180,34,86,1,5,6,5,3,0,0,0,0,0,0,0,67,0,1870,,0,60-69,4,1.9447152632142108,1.1977431498272826,Store-Focused Customers
3657,1986,Graduation,Single,39146.0,1,0,,1,94,1,33,13,12,12,3,4,0,4,8,0,0,0,0,0,0,0,39,1,165,,0,30-39,3,-1.5381608682810317,-1.7371226201736565,Digital Active Customers
500,1977,Graduation,Together,96876.0,0,0,2013-06-08,79,908,43,735,40,194,21,1,7,7,9,2,1,0,0,1,1,1,0,48,0,1941,4451.0,1,40-49,4,3.2301366240220335,1.0725339757022052,Store-Focused Customers
1951,1981,Basic,Married,34445.0,0,0,,92,228,122,122,208,129,30,6,11,2,8,9,0,0,0,0,0,0,0,44,0,839,,0,40-49,0,0.3909758690627797,-0.20019479111690397,Economy Customers
3262,1958,Graduation,Single,68281.0,0,0,2012-07-08,31,995,112,417,42,48,41,1,2,9,13,5,0,0,0,0,0,1,0,67,0,1655,4786.0,1,60-69,4,2.141671749484862,-0.3785327120501252,Store-Focused Customers
4102,1975,2n Cycle,Married,37284.0,1,1,,46,11,1,2,2,1,6,1,0,0,3,6,0,0,0,0,0,0,0,50,2,23,,0,40-49,3,-1.9084555508824022,0.3846517156071727,Digital Active Customers
7042,1983,Graduation,Married,36790.0,0,0,2013-01-03,14,3,3,14,15,21,10,1,2,1,2,9,0,0,0,0,0,1,0,42,0,66,4607.0,1,40-49,3,-2.334523475852595,-1.204008486251434,Digital Active Customers
10598,1967,Graduation,Together,27943.0,1,1,,89,12,1,16,4,1,3,3,2,0,3,8,0,0,0,0,0,0,0,58,2,37,,0,50-59,1,-1.9986442342803394,1.0675757076229604,High Value Customers
255,1951,Graduation,Divorced,22263.0,1,1,,31,17,0,2,0,0,2,2,1,0,3,6,0,0,0,0,0,0,1,74,2,21,,0,70+,3,-1.7548130527190084,-0.3202923290064575,Digital Active Customers
2375,1972,Graduation,Together,30261.0,1,2,,75,8,0,5,0,3,6,1,0,0,3,8,0,0,0,0,0,0,0,53,3,22,,0,50-59,1,-2.3016511912455524,0.9334886920997563,High Value Customers
9829,1978,Graduation,Together,28587.0,1,0,2014-12-02,42,22,4,17,12,10,13,3,2,0,4,6,0,0,0,0,0,0,0,47,1,78,3909.0,0,40-49,3,-1.6537652217962082,-0.03360059771948426,Digital Active Customers
6214,1982,Master,Married,43815.0,1,0,2013-05-04,53,14,10,29,4,7,15,1,2,0,3,6,0,0,0,0,0,0,0,43,1,79,4486.0,0,40-49,3,-1.5610920225621352,0.3784176258931076,Digital Active Customers
4954,1956,Graduation,Married,48195.0,1,1,,53,106,27,68,52,7,5,6,4,2,5,6,0,0,0,0,0,0,0,69,2,265,,0,60-69,1,-0.4300083208491541,-0.0013282980491666572,High Value Customers
7861,1952,Master,Married,77027.0,0,1,2014-05-02,23,820,57,242,45,0,11,2,8,3,6,4,0,0,0,0,0,0,0,73,1,1175,4123.0,0,70+,2,1.90582708769176,-1.0817889352826213,Mid-Range Customers
4837,1965,PhD,Married,71322.0,0,1,,57,753,43,226,69,10,204,2,8,5,13,4,0,0,0,0,0,0,0,60,1,1305,,0,50-59,0,2.771516688494279,-0.2025321339160701,Economy Customers
9423,1979,Master,Married,32765.0,1,0,,49,13,3,17,7,3,3,2,2,0,4,5,0,0,0,0,0,0,0,46,1,46,,0,40-49,3,-1.459546454589351,0.3332446689533795,Digital Active Customers
4198,1965,Graduation,Together,29672.0,1,1,2013-12-03,6,9,1,3,0,4,8,1,0,0,3,6,0,0,0,0,0,0,0,60,2,25,4273.0,0,50-59,3,-1.9323055708464578,-0.8650813664508729,Digital Active Customers
153,1953,Graduation,Divorced,23272.0,0,0,,29,19,3,6,4,2,12,1,1,0,3,4,0,0,0,0,0,0,0,72,0,46,,0,70+,3,-1.433915944352835,-0.08717234865747762,Digital Active Customers
9323,1949,Master,Together,49912.0,0,1,2012-07-09,5,520,8,223,32,49,42,4,10,5,7,8,0,0,1,0,0,1,0,76,1,874,4785.0,1,70+,2,0.9734353823219459,-2.558812034821503,Mid-Range Customers
10001,1985,2n Cycle,Together,7500.0,1,0,2012-01-08,98,5,17,17,13,14,34,4,2,1,3,9,0,0,0,0,0,0,0,40,1,100,4968.0,0,30-39,1,-2.7124134315365973,1.1903036210214424,High Value Customers
3945,1947,PhD,Widow,68117.0,0,1,2013-10-03,80,618,44,215,0,17,36,2,11,8,4,6,0,0,1,0,0,1,0,78,1,930,4334.0,1,70+,0,1.4118700989807702,-0.052215459611764645,Economy Customers
3799,1955,Graduation,Married,67225.0,0,1,,4,315,35,322,46,7,143,3,7,2,11,5,0,0,0,0,0,0,0,70,1,868,,0,60-69,2,1.861982874682739,-1.7919706649921028,Mid-Range Customers
8625,1976,Graduation,Married,17649.0,1,0,2013-12-11,70,15,1,23,0,5,1,3,3,0,3,8,0,0,0,0,0,0,0,49,1,45,4265.0,0,40-49,1,-2.1737011799847314,0.3700702410055552,High Value Customers
3491,1975,Graduation,Together,55914.0,0,1,,32,384,60,364,119,101,232,4,11,6,8,7,0,0,0,0,0,0,0,50,1,1260,,0,40-49,0,1.5166285350174897,-1.6607800525293088,Economy Customers
983,1984,Graduation,Married,40059.0,1,0,,82,110,29,92,28,10,145,1,6,2,3,8,0,0,1,0,0,0,0,41,1,414,,1,40-49,1,-1.1429168077138367,0.434589075872502,High Value Customers
9119,1950,Graduation,Together,60905.0,0,1,2013-05-12,27,208,17,76,36,17,38,2,3,3,7,2,0,0,0,0,0,0,0,75,1,392,4478.0,0,70+,2,0.7590318888936234,-0.10737840505860961,Mid-Range Customers
4786,1977,Graduation,Married,75330.0,1,1,2012-04-10,94,555,82,257,93,61,61,4,10,3,12,6,0,0,0,0,0,0,0,48,2,1109,4875.0,0,40-49,0,2.350149768242924,0.43573414910283165,Economy Customers
5872,1951,Graduation,Single,60689.0,0,1,2013-01-06,23,240,90,216,63,6,24,4,4,4,10,3,0,0,0,0,0,0,0,74,1,639,4604.0,0,70+,2,1.3659450847724601,-0.5646140779868586,Mid-Range Customers
6568,1984,Graduation,Married,38680.0,1,0,,97,11,0,36,15,5,12,1,2,0,3,7,0,0,0,0,0,0,0,41,1,79,,0,40-49,1,-1.8245277187304536,1.538548809730448,High Value Customers
5628,1982,Graduation,Together,61416.0,0,0,2013-08-02,25,848,154,323,201,61,78,1,10,3,10,6,0,0,1,0,0,0,0,43,0,1665,4396.0,1,40-49,0,2.181721297577884,-1.605893750477508,Economy Customers
5631,1991,Graduation,Single,49767.0,0,0,2013-02-05,92,202,47,197,55,42,149,1,5,4,8,4,0,0,0,0,0,0,0,34,0,692,4574.0,0,30-39,0,0.39735985973431326,1.3665425510002742,Economy Customers
4974,1970,Graduation,Single,83273.0,1,2,,98,433,89,650,16,102,102,10,4,6,9,7,0,0,0,0,0,0,0,55,3,1392,,0,50-59,0,1.441032123882329,1.2568430380280449,Economy Customers
8416,1981,Graduation,Married,29009.0,1,0,,19,6,6,15,10,5,2,2,2,0,3,6,0,0,0,0,0,0,0,44,1,44,,0,40-49,3,-1.8654496710897548,-0.6844618980486126,Digital Active Customers
5454,1979,Master,Married,45057.0,1,0,2013-01-12,80,37,0,7,3,0,3,1,2,0,3,5,0,0,0,0,0,0,0,46,1,50,4598.0,0,40-49,1,-1.3623881328748508,1.3183496439325302,High Value Customers
4095,1971,Graduation,Married,37150.0,1,0,2012-11-09,80,167,37,64,49,34,116,8,4,3,6,7,0,0,0,0,0,0,0,54,1,467,4662.0,0,50-59,1,-0.6605249262512345,0.6534639045164368,High Value Customers
5474,1970,Graduation,Single,43020.0,1,0,,79,45,7,99,4,25,43,3,4,1,4,6,0,0,0,0,0,0,0,55,1,223,,0,50-59,1,-0.88140922753098,0.8274832002458119,High Value Customers
4268,1959,Graduation,Married,53154.0,0,1,2014-09-06,50,129,0,21,0,1,7,1,3,1,4,4,0,0,0,0,0,0,0,66,1,158,3996.0,0,60-69,1,-0.43796302072733234,0.370872907417957,High Value Customers
10701,1973,Graduation,Married,65308.0,0,0,2013-11-09,60,713,0,264,120,80,34,1,7,8,12,4,1,0,0,0,1,0,0,52,0,1211,4297.0,1,50-59,0,2.198496509708812,0.047738789707471314,Economy Customers
3507,1970,Graduation,Single,76467.0,1,0,,44,676,161,426,210,44,58,2,2,5,5,6,0,0,0,0,0,1,0,55,1,1575,,1,50-59,4,0.7566570251530751,0.11598435774472321,Store-Focused Customers
2079,1947,2n Cycle,Married,81044.0,0,0,,0,450,26,535,73,98,26,1,5,6,10,1,0,0,0,0,0,0,0,78,0,1208,,0,70+,4,2.7128485976351806,-1.0499436314267843,Store-Focused Customers
626,1951,Graduation,Married,32871.0,1,1,2013-09-03,28,22,2,12,0,2,5,1,1,0,3,4,0,0,0,0,0,0,0,74,2,43,4364.0,0,70+,3,-1.2306340213281957,-0.09344942144562592,Digital Active Customers
4426,1975,Graduation,Single,55801.0,1,1,,35,367,4,51,6,4,95,6,7,2,6,7,1,0,0,0,0,0,0,50,2,527,,1,40-49,2,0.07471652547860463,-1.0034770510766096,Mid-Range Customers
2591,1959,Graduation,Widow,76320.0,0,1,,49,526,35,214,69,53,35,2,6,3,4,2,0,0,0,0,0,0,0,66,1,932,,0,60-69,4,1.3548057145957313,0.3032387788646603,Store-Focused Customers
10509,1955,Master,Single,36927.0,1,1,2014-02-06,46,51,0,16,0,0,4,2,3,0,3,8,0,0,0,0,0,0,0,70,2,71,4208.0,0,60-69,1,-1.5260165153732477,-0.35557027692947263,High Value Customers
6382,1953,Graduation,Together,48794.0,1,1,,97,25,0,11,3,0,15,1,1,0,3,4,0,0,0,0,0,0,0,72,2,54,,0,70+,1,-0.9285409057685278,2.0193773066109943,High Value Customers
6673,1965,Graduation,Single,23478.0,0,0,,51,28,6,27,12,17,39,1,3,0,3,8,0,0,0,0,0,0,0,60,0,129,,0,50-59,1,-1.857145723704717,-0.21556196583720486,High Value Customers
7441,1973,Graduation,Divorced,71128.0,1,0,2012-06-10,80,958,159,447,20,0,31,3,2,10,12,7,0,0,0,0,0,0,0,52,1,1615,4814.0,0,50-59,0,1.5290869576949426,0.8813141923506882,Economy Customers
1071,1976,PhD,Divorced,70179.0,0,1,,10,532,88,168,69,44,133,3,7,3,13,5,0,0,0,0,0,0,0,49,1,1034,,0,40-49,2,2.0804621456841277,-1.5793766268772986,Mid-Range Customers
10061,1950,Graduation,Married,59462.0,0,1,2013-05-01,29,724,17,143,0,8,196,2,9,2,12,7,0,0,0,0,0,0,0,75,1,1088,4489.0,0,70+,2,2.077216944783666,-1.6544730039011775,Mid-Range Customers
8775,1969,Graduation,Together,38361.0,1,0,,74,39,0,56,20,8,14,3,3,1,3,7,0,0,0,0,0,0,0,56,1,137,,0,50-59,1,-1.4622149841650505,0.6716409092010865,High Value Customers
2345,1982,PhD,Together,70038.0,0,0,,54,587,54,348,71,54,130,1,4,4,8,2,0,0,0,0,0,0,0,43,0,1244,,0,40-49,4,1.5228919005207702,0.6758942874605568,Store-Focused Customers
322,1978,Graduation,Together,42554.0,1,1,2013-12-01,93,29,1,11,0,0,0,2,2,0,3,4,0,0,0,0,0,0,0,47,2,41,4275.0,0,40-49,1,-1.2468765365581511,1.8359538688192463,High Value Customers
10897,1974,Graduation,Married,67445.0,0,1,2012-12-08,63,757,80,217,29,80,11,5,9,6,12,6,0,0,0,0,0,0,0,51,1,1174,4633.0,0,50-59,0,2.1538705385503625,-0.3941071739951371,Economy Customers
123,1951,Graduation,Widow,67046.0,0,1,2013-06-01,92,544,35,133,23,151,107,2,4,5,4,2,0,0,0,0,0,0,0,74,1,993,4458.0,0,70+,4,1.0814348349030944,1.7863555332388068,Store-Focused Customers
6103,1948,Graduation,Married,42192.0,0,0,2013-06-09,40,40,15,15,17,6,7,1,2,1,3,4,0,0,0,0,0,0,0,77,0,100,4450.0,0,70+,1,-0.8326794423768904,0.153559327494899,High Value Customers
7899,1952,PhD,Married,77610.0,0,1,,70,1245,33,332,21,33,16,2,4,7,4,7,0,0,0,0,0,0,0,73,1,1680,,0,70+,0,1.0717871810708322,0.4550511262584052,Economy Customers
10500,1984,Graduation,Married,31761.0,1,0,2014-05-04,96,19,1,20,16,14,28,2,3,0,4,5,0,0,0,0,0,0,0,41,1,98,4121.0,0,40-49,1,-1.3529287570118158,1.6176877803572665,High Value Customers
1655,1979,Graduation,Together,34350.0,1,0,,81,16,3,15,2,1,11,1,1,0,3,7,0,0,0,0,0,0,0,46,1,48,,0,40-49,1,-2.0049439245164056,1.160800846645166,High Value Customers
2406,1949,Graduation,Together,54591.0,0,1,2013-05-08,63,376,4,94,12,9,24,3,6,2,8,5,0,0,0,0,0,0,0,76,1,519,4482.0,0,70+,2,0.8539415922889013,0.10587163682263166,Mid-Range Customers
2712,1956,Graduation,Married,71866.0,0,1,,85,184,178,178,103,39,33,1,6,3,10,3,0,0,0,0,0,0,0,69,1,715,,0,60-69,0,1.8586682759706803,1.0756546166500232,Economy Customers
5517,1969,Graduation,Married,25293.0,1,0,,51,15,0,11,0,2,9,1,1,1,2,8,0,0,0,0,0,0,0,56,1,37,,0,50-59,3,-2.3635488428729974,0.08579342233186874,Digital Active Customers
10643,1987,PhD,Single,42000.0,0,0,2013-10-01,23,124,83,267,85,59,35,2,5,2,11,5,0,0,0,0,0,1,0,38,0,653,4336.0,1,30-39,2,0.5346827902245616,-0.9366906876456488,Mid-Range Customers
2254,1983,Graduation,Married,69520.0,0,0,2013-07-07,95,627,120,414,121,80,93,1,9,6,5,5,0,0,0,0,0,0,0,42,0,1455,4422.0,0,40-49,0,1.4552577591088283,0.8946409186601461,Economy Customers
10281,1970,Graduation,Divorced,64713.0,1,0,2014-07-02,11,180,60,241,13,54,54,2,5,5,7,4,0,0,0,0,0,1,0,55,1,602,4062.0,1,50-59,2,0.7040002798799564,-1.0475620290806893,Mid-Range Customers
6958,1977,Master,Married,27889.0,1,0,2013-05-07,42,14,0,4,0,0,8,1,1,1,2,6,0,0,0,0,0,0,0,48,1,26,4483.0,0,40-49,3,-2.122378037856363,0.1359416048775311,Digital Active Customers
954,1960,Basic,Widow,22123.0,0,0,,77,3,3,24,34,7,31,1,2,1,3,5,0,0,0,0,0,0,0,65,0,102,,0,60-69,1,-1.5057081238177041,1.0918837280205316,High Value Customers
4643,1973,Graduation,Married,27803.0,1,0,,40,8,26,46,38,9,49,2,3,0,4,8,0,0,0,0,0,0,0,52,1,176,,0,50-59,3,-1.6964890047309997,-0.5256259095433861,Digital Active Customers
6497,1960,Graduation,Married,51651.0,0,1,2012-07-11,32,293,6,23,13,6,92,4,6,2,5,8,0,0,0,0,0,0,0,65,1,433,4783.0,0,60-69,2,-0.3224818531738069,-1.1454884796849645,Mid-Range Customers
5396,1988,Graduation,Married,68487.0,0,0,,48,758,12,385,33,89,89,1,9,7,13,4,0,0,0,0,0,0,0,37,0,1366,,0,30-39,0,2.6038490148591196,-0.5315261521835873,Economy Customers
1052,1969,Graduation,Married,56796.0,0,1,,24,656,38,161,62,47,37,3,8,9,7,7,0,0,0,0,0,0,0,56,1,1001,,0,50-59,2,0.8456480280997789,-1.5040123641340453,Mid-Range Customers
2802,1992,2n Cycle,Married,87000.0,0,0,,61,196,25,607,67,17,49,1,4,6,7,2,0,0,0,0,0,0,0,33,0,961,,0,30-39,4,1.3304690483885742,0.9966482473022341,Store-Focused Customers
6343,1959,Graduation,Married,79823.0,0,1,,6,835,73,380,114,73,43,1,6,9,7,2,0,0,0,1,0,0,0,66,1,1518,,1,60-69,4,2.3399334640964633,-1.0394158003146197,Store-Focused Customers
6507,1980,Graduation,Single,30828.0,1,0,2013-04-10,16,16,11,15,2,0,12,2,1,1,4,3,0,0,0,0,0,0,0,45,1,56,4510.0,0,40-49,3,-1.3352927190337198,-0.24052705242318378,Digital Active Customers
7901,1971,Master,Married,34109.0,0,1,2013-06-11,39,9,1,5,2,1,4,1,0,0,3,4,0,0,0,0,0,0,0,54,1,22,4448.0,0,50-59,3,-1.6122439184653667,0.43546648692175216,Digital Active Customers
4865,1974,Master,Divorced,53367.0,1,1,,2,229,7,140,10,3,11,7,5,1,8,7,0,0,0,0,0,1,0,51,2,400,,1,50-59,2,-0.048305616813314356,-1.7835537616086388,Mid-Range Customers
2686,1969,Basic,Together,22390.0,0,0,,49,0,1,4,15,1,5,1,1,0,2,7,0,0,0,0,0,0,0,56,0,26,,0,50-59,3,-2.274330417261624,0.15859985542120034,Digital Active Customers
3107,1976,Graduation,Together,71322.0,0,1,2014-02-05,31,121,24,124,24,15,42,1,4,1,7,2,0,0,0,0,0,0,0,49,1,350,4209.0,0,40-49,4,0.7185870622987716,0.0036999585668590104,Store-Focused Customers
7734,1993,Graduation,Absurd,79244.0,0,0,,58,471,102,125,212,61,245,1,4,10,7,1,1,0,0,0,1,1,0,32,0,1216,,1,30-39,4,1.5394985073955225,1.0257509393111222,Store-Focused Customers
1146,1949,Master,Together,49912.0,0,1,2012-07-09,5,520,8,223,32,49,42,4,10,5,7,8,0,0,1,0,0,1,0,76,1,874,4785.0,1,70+,2,0.9734353823219459,-2.558812034821503,Mid-Range Customers
11031,1950,PhD,Married,48699.0,1,1,,90,26,1,10,2,0,1,1,1,0,3,5,0,0,0,0,0,0,0,75,2,40,,0,70+,1,-1.0590641442821218,1.6589773895398414,High Value Customers
7428,1975,Graduation,Together,80144.0,0,0,,47,240,132,445,250,192,108,1,3,7,8,1,0,0,0,0,0,0,0,50,0,1367,,0,40-49,4,1.9253341602554852,0.7453783685427136,Store-Focused Customers
975,1956,Graduation,Single,54252.0,1,1,,25,178,4,26,8,4,44,5,4,1,5,6,0,0,0,0,0,0,0,69,2,264,,0,60-69,2,-0.32492936609490725,-0.816505296138493,Mid-Range Customers
1103,1976,Master,Married,81929.0,1,0,,60,1486,55,278,49,0,185,2,4,4,10,6,0,0,1,0,1,1,0,49,1,2053,,1,40-49,4,2.1843052614148992,0.25451146752246123,Store-Focused Customers
3422,1975,Graduation,Married,76068.0,0,1,,67,1115,12,128,33,12,76,1,2,3,4,6,0,1,0,1,0,0,0,50,1,1376,,1,40-49,4,0.3777057688829026,0.8411566424362165,Store-Focused Customers
1055,1976,Master,Married,53204.0,1,1,,40,29,0,8,2,0,6,1,1,0,3,4,0,0,0,0,0,0,0,49,2,45,,0,40-49,3,-1.1653851958137567,0.412898561721013,Digital Active Customers
6544,1949,PhD,Together,67911.0,0,1,,63,529,0,356,63,28,0,3,6,7,11,3,0,0,0,0,0,0,0,76,1,976,,0,70+,4,2.2340883302929795,0.35930822373485416,Store-Focused Customers
1241,1984,2n Cycle,Married,14796.0,1,0,,1,13,3,8,7,4,16,2,1,0,3,9,0,0,0,0,0,1,0,41,1,51,,1,40-49,3,-2.76384753116197,-1.5505653980352834,Digital Active Customers
2909,1974,PhD,Married,78128.0,0,1,,89,934,24,230,16,24,36,2,8,4,6,3,0,0,0,1,1,0,0,51,1,1264,,1,50-59,0,1.890458363078622,1.1035457443980605,Economy Customers
5802,1972,Basic,Married,14188.0,0,0,,40,2,7,11,16,12,27,1,2,0,4,6,0,0,0,0,0,0,0,53,0,75,,0,50-59,3,-1.850144358591707,-0.15890435114355633,Digital Active Customers
1407,1986,Basic,Married,20425.0,1,0,,5,4,12,5,3,16,17,2,2,0,3,7,0,0,0,0,0,0,0,39,1,57,,0,30-39,3,-2.2376656854391834,-1.2533058150047316,Digital Active Customers
6183,1962,Master,Married,58646.0,0,1,2013-10-06,3,62,1,44,6,5,22,1,2,1,4,4,0,0,0,0,0,0,0,63,1,140,4331.0,0,60-69,3,-0.5345952533622724,-0.8725706518271097,Digital Active Customers
340,1970,Graduation,Divorced,72967.0,0,1,,1,158,35,179,0,0,125,2,7,2,8,5,0,0,1,0,0,1,0,55,1,497,,1,50-59,2,1.0256813036773589,-1.741569064204316,Mid-Range Customers
5991,1949,Master,Married,48150.0,0,1,2013-08-06,24,173,2,39,3,2,47,3,5,1,4,7,0,0,0,0,0,0,0,76,1,266,4392.0,0,70+,2,-0.5147158516336585,-1.1373943682010577,Mid-Range Customers
3104,1961,Graduation,Single,82332.0,0,0,,89,830,59,968,51,79,19,1,5,3,12,2,0,0,0,0,1,1,0,64,0,2006,,1,60-69,4,3.3924465439853058,1.4605441657016616,Store-Focused Customers
9729,1955,Graduation,Widow,58275.0,1,1,2013-02-06,48,189,10,253,56,43,64,6,8,2,7,7,0,0,0,0,0,0,0,70,2,615,4573.0,0,60-69,2,0.7351493959018953,-0.8287829532981772,Mid-Range Customers
1008,1981,PhD,Together,44953.0,0,0,,31,728,17,133,11,8,124,1,7,3,13,6,0,0,1,0,0,0,0,44,0,1021,,1,40-49,0,1.3835150791330024,-1.1576509948402887,Economy Customers
11091,1953,Graduation,Together,34587.0,1,1,,68,7,2,9,2,0,2,2,1,0,3,4,0,0,0,0,0,0,0,72,2,22,,0,70+,1,-1.2305831805009495,1.1107315499085468,High Value Customers
3969,1974,Master,Together,43018.0,0,1,2013-01-11,46,35,4,17,7,6,64,1,2,2,2,5,0,0,0,0,0,0,0,51,1,133,4599.0,0,50-59,3,-1.4218302800816147,0.30399581197259523,Digital Active Customers
1916,1954,Master,Married,45736.0,0,1,,92,188,3,180,20,3,43,5,7,1,6,7,0,0,0,0,0,0,0,71,1,437,,0,70+,0,0.0961474528391556,0.5926841247730575,Economy Customers
9907,1969,Master,Together,66476.0,0,1,2013-04-12,80,742,28,152,25,9,57,2,6,8,10,4,0,0,0,0,0,0,0,56,1,1013,4508.0,0,50-59,0,1.6861614148524569,0.8100141800023923,Economy Customers
87,1981,2n Cycle,Married,27733.0,1,0,,16,0,7,5,26,2,17,2,2,0,3,7,0,0,0,0,0,0,0,44,1,57,,0,40-49,3,-2.0329039938598474,-0.9194418875127616,Digital Active Customers
8659,1952,PhD,Together,69805.0,0,1,,50,750,71,174,13,10,20,2,6,8,11,2,0,0,0,0,0,0,0,73,1,1038,,0,70+,4,2.433231652172584,0.12910371408162785,Store-Focused Customers
6262,1962,Master,Single,72217.0,0,0,2013-10-04,93,816,42,450,55,56,154,1,3,10,8,2,0,0,0,0,0,0,0,63,0,1573,4333.0,0,60-69,4,1.9766856843248422,1.90394105724193,Store-Focused Customers
6147,1971,Graduation,Divorced,25818.0,1,0,,51,5,2,8,2,2,9,1,0,1,2,7,0,0,0,0,0,0,0,54,1,28,,0,50-59,3,-2.366230714681464,0.3651103431514545,Digital Active Customers
8832,1976,Master,Together,37509.0,1,0,2012-12-09,24,37,5,56,12,8,5,2,3,0,4,7,0,0,0,0,0,0,0,49,1,123,4632.0,0,40-49,3,-1.4483225128005446,-0.8197214307764195,Digital Active Customers
10067,1976,2n Cycle,Together,25176.0,1,1,2013-10-08,79,4,0,4,0,0,5,1,1,0,2,7,0,0,0,0,0,0,0,49,2,13,4329.0,0,40-49,1,-2.3146137959267286,1.0850739352000525,High Value Customers
7532,1980,Graduation,Married,43586.0,0,1,,26,99,2,11,4,0,16,3,3,0,4,8,0,0,0,0,0,0,0,45,1,132,,0,40-49,3,-1.5310856799729178,-0.8689530189131921,Digital Active Customers
4915,1956,2n Cycle,Married,53230.0,0,1,2012-03-08,86,176,72,98,136,21,229,4,5,2,12,5,0,0,0,0,0,0,0,69,1,732,4908.0,0,60-69,0,1.3749009355469928,0.847564657369837,Economy Customers
2115,1957,Graduation,Together,50116.0,1,1,,68,54,0,10,0,0,2,2,1,0,4,5,0,0,0,1,0,0,0,68,2,66,,1,60-69,1,-0.96095949948729,1.0087571477434547,High Value Customers
2088,1972,Graduation,Together,84906.0,0,0,2013-04-10,98,997,15,414,99,30,76,1,5,6,12,2,0,1,0,1,1,0,0,53,0,1631,4510.0,1,50-59,4,2.9857435348475887,1.7768949504112594,Store-Focused Customers
2493,1966,Graduation,Married,61286.0,0,1,2013-02-08,34,356,0,107,19,9,117,2,7,1,8,5,0,0,0,0,0,0,0,59,1,608,4571.0,0,50-59,2,0.9605287534070396,-0.80952197176981,Mid-Range Customers
6292,1986,PhD,Married,82333.0,0,0,,60,1311,0,359,46,89,17,1,4,3,10,2,0,0,0,0,1,1,0,39,0,1822,,1,30-39,4,2.4828799582677976,0.8572738159069577,Store-Focused Customers
1631,1965,PhD,Together,65220.0,0,0,2012-03-09,3,890,63,292,0,25,12,4,8,4,7,6,0,0,0,0,0,1,0,60,0,1282,4907.0,1,50-59,2,1.439876122728651,-1.9773433260367588,Mid-Range Customers
10104,1974,Graduation,Together,33590.0,2,1,2013-03-11,65,4,0,2,0,0,2,1,1,0,2,7,0,0,0,0,0,0,0,51,3,8,4540.0,0,50-59,1,-2.138937860868039,0.6877277594436328,High Value Customers
3006,1976,Graduation,Divorced,30992.0,1,0,,83,17,0,14,7,3,2,1,1,0,3,7,0,0,0,0,0,0,0,49,1,43,,0,40-49,1,-2.033065098107969,1.1996775560545403,High Value Customers
3919,1976,Master,Single,72309.0,0,0,2013-11-03,64,960,0,883,50,38,0,1,5,6,8,3,1,0,0,0,0,1,0,49,0,1931,4303.0,1,40-49,4,2.203722149611171,0.6847292909537097,Store-Focused Customers
11181,1949,PhD,Married,156924.0,0,0,,85,2,1,2,1,1,1,0,0,0,0,0,0,0,0,0,0,0,0,76,0,8,,0,70+,4,1.156286867781681,2.7529429441116924,Store-Focused Customers
642,1980,Basic,Married,16005.0,1,0,,69,1,3,2,20,30,47,3,2,1,2,8,0,0,0,0,0,0,0,45,1,103,,0,40-49,1,-2.4861694795159663,0.5002508009299191,High Value Customers
4369,1957,Master,Absurd,65487.0,0,0,2014-10-01,48,240,67,500,199,0,163,3,3,5,6,2,0,0,0,0,0,0,0,68,0,1169,3971.0,0,60-69,4,1.2697741284911104,0.5733803898020738,Store-Focused Customers
10127,1965,Graduation,Married,58692.0,0,1,2014-06-04,21,301,11,61,4,7,11,1,8,2,4,7,0,0,0,0,0,0,0,60,1,395,4090.0,0,50-59,2,-0.016344774030451332,-1.528344625051392,Mid-Range Customers
271,1969,Graduation,Widow,40590.0,1,1,2013-02-10,30,154,0,50,6,11,37,5,3,4,3,6,0,0,1,0,0,0,0,56,2,258,4569.0,1,50-59,3,-1.1771632233903129,-0.49178516248976584,Digital Active Customers
4973,1970,Graduation,Single,20587.0,1,0,2014-11-05,39,2,3,6,4,1,9,1,1,1,2,7,0,0,0,0,0,0,0,55,1,25,3936.0,0,50-59,3,-2.3247338123376786,-0.14165031266828454,Digital Active Customers
2948,1954,Master,Divorced,62637.0,0,1,2014-01-03,76,104,12,48,4,12,5,1,2,2,5,2,0,0,0,0,0,0,0,71,1,185,4242.0,0,70+,1,0.15488290450578115,1.5479254436012935,High Value Customers
2715,1966,Master,Divorced,29435.0,1,1,2012-06-08,11,70,3,37,4,2,64,4,3,2,2,9,0,0,0,0,0,1,0,59,2,180,4816.0,1,50-59,3,-2.025842039711893,-1.5043809884945336,Digital Active Customers
10432,1974,Graduation,Divorced,19346.0,1,0,,26,2,0,9,3,6,2,1,1,0,3,8,0,0,0,0,0,0,0,51,1,22,,0,50-59,3,-2.4134444636294816,-0.6835061017459925,Digital Active Customers
9216,1971,Graduation,Married,35788.0,1,1,,34,23,2,11,3,1,4,2,2,0,3,6,0,0,0,0,0,0,0,54,2,44,,0,50-59,3,-1.605136226915746,-0.2500204060204599,Digital Active Customers
7124,1968,Graduation,Divorced,36997.0,1,1,2013-01-02,72,43,4,12,8,0,27,5,2,1,4,5,0,0,0,0,0,0,0,57,2,94,4608.0,0,50-59,1,-1.1915153686489177,0.9942744767436548,High Value Customers
9727,1957,Graduation,Married,23539.0,0,0,,13,4,24,11,16,1,25,1,2,0,4,6,0,0,0,0,0,0,0,68,0,81,,0,60-69,3,-1.4839023298651437,-0.9847634391097746,Digital Active Customers
5136,1973,Graduation,Single,65333.0,0,1,,58,654,7,92,0,15,30,7,9,4,8,6,0,0,0,1,1,0,0,52,1,798,,1,50-59,0,1.2253282165395818,-0.4595327308972675,Economy Customers
9790,1957,Graduation,Single,78499.0,0,0,,12,912,72,170,47,36,97,1,11,3,4,4,0,0,0,0,1,1,0,68,0,1334,,1,60-69,2,2.106676926504458,-1.7318038138485794,Mid-Range Customers
1818,1971,PhD,Together,29732.0,1,0,,23,25,0,8,0,1,4,1,2,0,2,9,0,0,0,0,0,0,0,54,1,38,,0,50-59,3,-2.3337139377256215,-0.9985447039651074,Digital Active Customers
1100,1960,Master,Together,41275.0,1,2,,33,24,4,22,0,2,9,4,3,1,3,5,0,0,0,0,0,0,0,65,3,61,,0,60-69,3,-1.0600013353963245,-0.28777997674825245,Digital Active Customers
7873,1973,PhD,Together,63516.0,1,1,2013-06-07,30,141,11,114,15,14,5,4,4,1,7,5,0,0,0,0,0,0,0,52,2,300,4452.0,0,50-59,2,0.1073602637022811,-0.48491428127801467,Mid-Range Customers
10609,1962,PhD,Married,42769.0,0,1,2013-12-10,15,71,0,13,3,1,0,2,1,1,4,4,0,0,0,0,0,0,0,63,1,88,4266.0,0,60-69,3,-1.0061394350338144,-0.4353524253076573,Digital Active Customers
6950,1958,Master,Married,49572.0,1,1,,25,35,1,16,0,1,1,2,2,0,3,7,0,0,0,0,0,0,0,67,2,54,,0,60-69,3,-1.3265107894404393,-0.660298536787402,Digital Active Customers
7233,1972,Graduation,Married,69209.0,0,0,,4,496,32,849,229,48,128,2,5,3,6,4,1,0,0,0,0,0,0,53,0,1782,,1,50-59,4,1.6092005531103954,-1.2213145347166494,Store-Focused Customers
9481,1976,Graduation,Married,17148.0,1,0,,80,9,9,11,13,10,16,4,3,1,3,8,0,0,0,0,0,0,0,49,1,68,,0,40-49,1,-2.1609200158373976,0.6662773949308876,High Value Customers
7699,1969,Graduation,Widow,40590.0,1,1,2013-02-10,30,154,0,50,6,11,37,5,3,4,3,6,0,0,1,0,0,0,0,56,2,258,4569.0,1,50-59,3,-1.1771632233903129,-0.49178516248976584,Digital Active Customers
2711,1976,Master,Together,30560.0,1,0,,6,9,1,5,4,5,7,1,1,0,3,7,0,0,0,0,0,0,0,49,1,31,,0,40-49,3,-2.0729541269616165,-1.0958812947439158,Digital Active Customers
8933,1983,2n Cycle,Married,32146.0,1,0,2014-12-05,16,26,3,23,4,7,3,2,2,0,4,6,0,0,0,0,0,0,0,42,1,66,3906.0,0,40-49,3,-1.6686901985621228,-0.7800432664770621,Digital Active Customers
8726,1964,2n Cycle,Divorced,41713.0,1,1,,57,77,8,44,10,10,25,5,3,1,4,6,0,0,0,0,0,0,0,61,2,174,,0,60-69,1,-1.0090119959130814,0.27724020605511435,High Value Customers
1515,1975,Master,Together,34176.0,0,1,,9,11,2,7,4,2,2,1,1,0,3,3,0,0,0,0,0,0,0,50,1,28,,0,40-49,3,-1.3794624513337175,-0.4325715698574803,Digital Active Customers
5186,1955,PhD,Married,58482.0,0,1,2014-12-03,59,576,7,115,19,7,7,2,7,4,9,6,0,0,0,1,0,0,0,70,1,731,3908.0,1,60-69,0,1.1524113898975543,-0.275818360222396,Economy Customers
10157,1965,Graduation,Single,59686.0,0,1,,78,89,15,89,34,42,5,1,4,1,6,4,0,0,0,0,0,0,0,60,1,274,,0,50-59,1,0.13769895609398355,1.070473687922351,High Value Customers
5667,1964,PhD,Married,60896.0,0,1,2012-11-10,90,1013,30,399,60,46,153,3,9,10,4,6,0,0,0,0,0,1,0,61,1,1701,4661.0,1,60-69,0,1.444237616893336,0.533485445557194,Economy Customers
902,1980,Graduation,Together,62994.0,1,0,2014-04-03,74,224,12,48,4,12,12,1,6,2,4,6,0,0,0,0,0,0,0,45,1,312,4152.0,0,40-49,1,-0.29566766708755765,0.5160077800641476,High Value Customers
977,1957,Graduation,Together,47320.0,0,1,2013-01-08,10,200,19,111,50,15,19,6,5,1,8,6,0,0,0,0,0,0,0,68,1,414,4602.0,0,60-69,2,0.22456488819982165,-1.4804789307843313,Mid-Range Customers
7313,1949,2n Cycle,Widow,74859.0,0,0,2013-03-06,63,570,73,614,133,102,73,1,6,5,11,3,1,0,0,0,0,0,0,76,0,1565,4545.0,1,70+,4,2.8609434678254297,0.37681112621761775,Store-Focused Customers
7600,1992,Basic,Single,15253.0,1,0,,13,1,3,3,8,1,13,2,1,0,3,7,0,0,0,0,0,0,0,33,1,29,,0,30-39,3,-2.566225587561596,-0.8813660211071631,Digital Active Customers
9706,1974,PhD,Single,31560.0,1,0,,98,62,1,20,4,0,7,2,2,1,3,8,0,0,0,0,0,0,0,51,1,94,,0,50-59,1,-1.9702373771361765,1.3704320746836522,High Value Customers
2429,1954,Graduation,Divorced,72071.0,0,1,,4,531,69,300,150,138,150,3,5,4,8,2,0,0,0,0,0,0,0,71,1,1338,,0,70+,2,2.119483331838856,-1.0323942387866027,Mid-Range Customers
3520,1990,Master,Single,91172.0,0,0,,94,162,28,818,0,28,56,0,4,3,7,3,1,1,1,0,1,1,0,35,0,1092,,1,30-39,4,1.4006764052963818,1.8438441585939513,Store-Focused Customers
10394,1984,Graduation,Married,90000.0,0,0,,91,675,144,133,94,192,241,1,4,8,5,1,1,0,1,0,1,0,0,41,0,1479,,1,40-49,4,1.7965896279518245,2.0558741006692025,Store-Focused Customers
4548,1981,Graduation,Single,41967.0,1,1,,66,23,4,10,0,2,15,1,1,0,3,4,0,0,0,0,0,0,0,44,2,54,,0,40-49,1,-1.4259722502889527,1.1690259826803282,High Value Customers
9362,1965,Graduation,Single,69263.0,0,1,2014-05-03,14,492,5,32,13,5,21,1,9,1,7,6,0,0,0,1,0,0,0,60,1,568,4122.0,1,50-59,2,1.0500898059778003,-1.760841949599778,Mid-Range Customers
3968,1970,2n Cycle,Divorced,65706.0,0,0,,77,918,10,129,13,0,129,1,11,3,12,7,0,1,0,1,1,1,0,55,0,1199,,1,50-59,0,2.3097176667070265,-0.39635238485756963,Economy Customers
4084,1975,Graduation,Together,60934.0,0,1,,41,224,155,155,192,93,54,2,6,4,11,4,0,0,0,0,0,0,0,50,1,873,,0,40-49,0,1.5217330850454978,-0.37082794707038547,Economy Customers
6721,1951,Graduation,Married,71965.0,0,1,,21,572,19,286,50,38,248,3,6,3,5,3,0,0,0,0,0,0,0,74,1,1213,,0,70+,2,1.5971572763630109,-0.7381527823212052,Mid-Range Customers
2829,1955,Graduation,Married,65210.0,0,1,2014-10-03,25,626,0,70,0,7,28,2,9,3,8,6,1,0,0,1,0,0,0,70,1,731,3969.0,1,60-69,2,1.3889920612275994,-1.503661075931304,Mid-Range Customers
1772,1975,PhD,Married,79174.0,0,0,2013-11-01,2,1074,37,518,193,92,129,1,5,6,7,2,1,0,0,0,1,1,0,50,0,2043,4305.0,1,40-49,4,2.4302265458074315,-0.9810265334716188,Store-Focused Customers
1544,1967,Master,Divorced,81380.0,0,0,,51,741,68,689,224,68,103,1,4,2,10,2,0,0,0,0,0,0,0,58,0,1893,,0,50-59,4,2.7668591249360266,0.5212097482812671,Store-Focused Customers
492,1973,PhD,YOLO,48432.0,0,1,,3,322,3,50,4,3,42,5,7,1,6,8,0,0,0,0,0,0,0,52,1,424,,0,50-59,2,-0.2873709631450533,-2.127660811725321,Mid-Range Customers
4377,1971,Graduation,Married,52914.0,0,1,2013-07-01,32,254,10,44,30,10,227,2,7,3,3,7,0,0,1,0,0,0,0,54,1,575,4428.0,1,50-59,2,-0.3260501747894901,-1.0477879644640657,Mid-Range Customers
4541,1955,Graduation,Together,38946.0,0,1,,84,116,6,82,6,6,41,2,3,1,6,5,0,0,0,0,0,0,0,70,1,257,,0,60-69,1,-0.42226690963848945,1.1379717147760444,High Value Customers
1321,1974,Graduation,Married,26067.0,1,0,2013-04-11,49,22,2,18,0,2,12,3,3,0,3,8,0,0,0,0,0,0,0,51,1,56,4509.0,0,50-59,3,-1.9864369791412886,-0.2359545556707186,Digital Active Customers
8858,1972,PhD,Married,44325.0,0,1,2013-07-03,69,516,0,21,0,0,5,4,8,2,7,8,0,0,0,1,0,0,0,53,1,542,4426.0,1,50-59,0,0.04501934889281549,-0.33039717865074936,Economy Customers
3266,1964,Graduation,Married,42523.0,0,0,,96,14,36,11,3,26,35,1,1,1,4,2,0,0,0,0,0,0,0,61,0,125,,0,60-69,1,-0.6753606176976984,2.2667818134880013,High Value Customers
11187,1978,Basic,Single,26487.0,1,0,,23,2,8,10,12,14,23,3,2,1,3,5,0,0,0,0,0,0,0,47,1,69,,0,40-49,3,-1.6984308527102625,-0.4421105525183286,Digital Active Customers
8207,1957,2n Cycle,Married,53233.0,0,1,,18,28,0,9,3,0,0,1,1,0,3,4,0,0,0,0,0,0,0,68,1,40,,0,60-69,3,-0.9306542337401893,-0.30684686662842786,Digital Active Customers
9723,1960,Graduation,Married,67716.0,0,1,2013-10-01,8,530,142,217,62,9,56,4,7,4,13,5,0,0,0,1,0,0,0,65,1,1016,4336.0,1,60-69,2,2.2244263363879395,-1.7008023174772757,Mid-Range Customers
2666,1972,Master,Married,76234.0,0,1,2014-06-02,21,519,50,167,130,0,41,1,8,3,11,3,0,0,0,1,0,0,0,53,1,907,4092.0,1,50-59,2,2.290036161486815,-1.046138184185007,Mid-Range Customers
5721,1956,PhD,Married,84117.0,0,0,2014-11-05,60,611,76,749,59,45,26,1,7,10,6,2,0,0,0,0,1,0,0,69,0,1566,3936.0,1,60-69,4,2.5017988046402495,0.46593295114130945,Store-Focused Customers
10652,1957,Master,Together,65487.0,0,0,2014-10-01,48,240,67,500,199,0,163,3,3,5,6,2,0,0,0,0,0,0,0,68,0,1169,3971.0,0,60-69,4,1.2697741284911104,0.5733803898020738,Store-Focused Customers
1646,1972,Basic,Married,25224.0,1,0,,36,4,9,12,11,2,8,2,1,1,3,3,0,0,0,0,0,0,0,53,1,46,,0,50-59,3,-1.4862695658686185,0.33338982266331685,Digital Active Customers
4418,1983,Master,Single,89616.0,0,0,,36,671,47,655,145,111,15,1,7,5,12,2,0,0,0,0,0,1,0,42,0,1644,,1,40-49,4,3.191757946343521,-0.27712862952561756,Store-Focused Customers
2656,1971,Graduation,Divorced,40851.0,1,1,,63,23,1,7,0,4,24,1,1,1,2,7,0,0,0,0,0,0,0,54,2,59,,0,50-59,1,-1.9214875643530134,0.6404898662688018,High Value Customers
7990,1947,Graduation,Married,27469.0,0,0,2012-02-08,2,9,1,2,3,2,0,1,0,0,3,6,0,0,0,0,0,0,0,78,0,17,4937.0,0,70+,3,-1.7498465937298893,-1.052128965843451,Digital Active Customers
8722,1957,2n Cycle,Married,82347.0,0,0,2012-06-11,38,556,54,845,202,133,63,1,7,7,10,3,1,0,1,0,0,1,0,68,0,1853,4813.0,1,60-69,4,3.1212244766794415,-0.4261786001157685,Store-Focused Customers
7118,1957,Graduation,Married,73803.0,0,1,2012-01-08,61,833,80,363,52,26,174,2,9,5,6,6,0,0,1,0,0,1,0,68,1,1528,4968.0,1,60-69,0,1.9146566563782534,-0.3577048387727595,Economy Customers
2980,1952,Master,Single,8820.0,1,1,,52,12,0,13,4,2,4,4,3,0,3,8,0,0,0,0,0,0,0,73,2,35,,0,70+,1,-2.044116090012962,-0.2753266592874511,High Value Customers
1839,1974,Graduation,Single,43322.0,0,0,,25,56,7,48,10,2,18,1,3,0,4,7,0,0,0,0,0,0,0,51,0,141,,0,50-59,3,-1.2979134465670106,-0.7785034139813802,Digital Active Customers
10722,1973,Graduation,Together,55593.0,0,1,,63,293,8,124,11,4,106,2,6,6,3,6,0,0,1,0,0,0,0,52,1,546,,1,50-59,1,-0.2963951379976668,0.16214524137744368,High Value Customers
2632,1954,Graduation,Married,50501.0,1,1,,10,297,0,38,13,0,152,7,5,4,4,6,0,0,1,0,0,1,0,71,2,500,,1,70+,2,-0.18807927166854893,-1.3904657977958328,Mid-Range Customers
9014,1975,Graduation,Married,37085.0,1,1,,65,39,1,16,2,0,3,4,3,0,3,8,0,0,0,0,0,0,0,50,2,61,,0,40-49,1,-1.7835907818364292,0.27887694341523184,High Value Customers
7620,1990,Basic,Single,16185.0,1,0,2013-05-08,71,5,11,16,21,8,45,2,2,2,2,8,0,0,0,0,0,0,0,35,1,106,4482.0,0,30-39,1,-2.608427721447502,0.5942636044228916,High Value Customers
10968,1969,Graduation,Single,57731.0,0,1,,0,266,21,300,65,8,44,4,8,8,6,6,0,0,0,0,0,0,0,56,1,704,,0,50-59,2,0.6139158876017342,-2.0497751699916447,Mid-Range Customers
11133,1973,PhD,YOLO,48432.0,0,1,,3,322,3,50,4,3,42,5,7,1,6,8,0,0,0,0,0,1,0,52,1,424,,1,50-59,2,-0.2873709631450533,-2.127660811725321,Mid-Range Customers
2736,1978,Graduation,Married,73807.0,0,1,2013-02-01,88,366,124,156,71,78,54,2,5,5,11,2,0,0,0,0,0,0,0,47,1,849,4578.0,0,40-49,4,1.8923444827790954,1.4928090782656953,Store-Focused Customers
1876,1990,Graduation,Married,18929.0,0,0,,15,32,0,8,23,4,18,1,1,0,4,6,0,0,0,0,0,0,0,35,0,85,,0,30-39,3,-2.124199377729844,-0.6986018390768776,Digital Active Customers
5959,1968,Graduation,Single,35893.0,1,1,,80,158,0,23,0,0,18,6,3,1,5,8,0,0,0,0,0,0,0,57,2,199,,0,50-59,1,-1.303622627534255,0.6519168835595308,High Value Customers
1092,1980,Graduation,Married,61014.0,0,1,2012-11-08,17,269,129,495,182,43,29,4,9,3,4,7,0,0,0,0,0,0,0,45,1,1147,4663.0,0,40-49,2,0.5995342111345483,-1.7243682653748573,Mid-Range Customers
4333,1954,Graduation,Together,32144.0,1,1,,76,41,0,10,0,0,3,4,2,1,3,7,0,0,0,1,0,0,0,71,2,54,,1,70+,1,-1.5881071878502517,0.7907821865022109,High Value Customers
3850,1963,Basic,Together,14918.0,0,1,2012-07-12,52,3,3,3,15,4,15,1,1,0,3,6,0,0,0,0,0,0,0,62,1,43,4782.0,0,60-69,1,-2.022841229095173,0.322745060063679,High Value Customers
6168,1963,Graduation,Divorced,45146.0,1,1,,28,33,0,5,0,0,15,2,1,1,2,4,0,0,0,0,0,0,0,62,2,53,,0,60-69,3,-1.2919366106031045,0.00853423317602845,Digital Active Customers
607,1955,2n Cycle,Divorced,41769.0,0,1,,31,302,29,131,32,0,27,6,8,1,7,8,0,0,0,0,0,0,0,70,1,521,,0,60-69,2,0.1874542049048101,-1.5281346141100947,Mid-Range Customers
10469,1981,Graduation,Together,88325.0,0,0,2014-05-02,42,519,71,860,93,27,53,1,6,2,9,2,0,0,0,0,0,0,0,44,0,1623,4123.0,0,40-49,4,2.6068130305153994,0.08839640912652147,Store-Focused Customers
6983,1950,Master,Divorced,38054.0,1,1,2014-01-05,24,23,2,17,2,1,0,2,2,0,3,7,0,0,0,0,0,0,0,75,2,45,4240.0,0,70+,3,-1.4477904148833614,-0.7534510428079991,Digital Active Customers
3661,1995,2n Cycle,Single,80617.0,0,0,2012-12-10,42,594,51,631,72,55,32,1,4,6,8,2,0,0,0,0,0,0,0,30,0,1435,4631.0,0,18-29,4,1.711868393676949,0.39431419527389994,Store-Focused Customers
9303,1976,Graduation,Married,5305.0,0,1,,12,12,4,7,1,3,5,0,1,0,0,13,0,0,0,0,0,0,0,49,1,32,,0,40-49,3,-3.9040815766284798,-1.7774922524878398,Digital Active Customers
692,1954,Graduation,Together,36807.0,1,1,,88,4,2,5,0,0,5,1,1,0,2,6,0,0,0,0,0,0,0,71,2,16,,0,70+,1,-1.6542332725973805,1.4568387511506569,High Value Customers
736,1983,Graduation,Together,28427.0,1,0,,67,18,3,19,3,3,6,2,2,0,3,8,0,0,0,0,0,0,0,42,1,52,,0,40-49,1,-2.189069067555059,0.46768062322981835,High Value Customers
9589,1948,PhD,Widow,82032.0,0,0,2014-05-04,54,332,194,377,149,125,57,0,4,6,7,1,0,0,0,0,0,0,0,77,0,1234,4121.0,0,70+,4,2.1852092696634897,0.7627838963957063,Store-Focused Customers
4838,1978,Graduation,Together,22775.0,1,0,,40,5,1,8,0,0,1,1,1,0,2,8,0,0,0,0,0,0,0,47,1,15,,0,40-49,3,-2.5483468946354106,-0.21924972686805985,Digital Active Customers
9246,1985,Master,Together,40101.0,1,0,,73,171,3,129,26,24,62,4,6,1,6,7,0,0,0,0,0,0,0,40,1,415,,0,30-39,1,-0.5654773189983548,0.24331827093079353,High Value Customers
6261,1979,Graduation,Married,58025.0,0,1,,81,270,31,88,11,48,22,3,3,2,10,4,0,0,0,0,0,0,0,46,1,470,,0,40-49,4,0.5429593478000629,1.239142369342207,Store-Focused Customers
7366,1982,Master,Single,75777.0,0,0,2013-04-07,12,712,26,538,69,13,80,1,3,6,11,1,0,0,0,1,1,1,0,43,0,1438,4513.0,1,40-49,4,2.2407789795073487,-0.3561601683514783,Store-Focused Customers
10659,1979,2n Cycle,Together,7500.0,1,0,2013-07-05,7,2,8,11,3,8,21,4,3,2,2,7,0,0,0,0,0,0,0,46,1,53,4424.0,0,40-49,3,-2.4062625383552354,-1.3648084175298898,Digital Active Customers
1448,1963,Master,Married,33562.0,1,2,,33,21,12,12,0,3,3,3,2,0,4,4,0,0,0,0,0,0,0,62,3,51,,0,60-69,3,-1.0852998816264245,-0.053744447155394615,Digital Active Customers
4286,1970,PhD,Single,57642.0,0,1,2014-09-01,24,580,6,58,8,0,27,3,7,6,6,4,0,0,1,0,0,0,0,55,1,679,4001.0,1,50-59,2,0.7594318706585544,-0.9190892672346943,Mid-Range Customers
4749,1968,Graduation,Together,58554.0,1,1,,55,368,24,68,38,0,88,6,8,2,6,7,0,0,0,0,0,0,0,57,2,586,,0,50-59,0,0.4047002046764253,-0.5523791081969179,Economy Customers
4478,1979,Graduation,Married,63777.0,1,1,,87,457,5,106,15,17,53,8,11,1,6,8,0,0,0,0,0,0,0,46,2,653,,0,40-49,0,0.6715143697145898,-0.07519076509392844,Economy Customers
4201,1962,Graduation,Single,57967.0,0,1,2013-03-03,39,229,7,137,4,0,91,5,4,2,8,5,0,0,0,0,0,0,0,63,1,468,4548.0,0,60-69,2,0.4346794778501983,-0.2954680660256631,Mid-Range Customers
10084,1972,Graduation,Married,24434.0,2,0,,9,3,2,8,20,0,17,2,2,1,2,7,0,0,0,0,0,0,0,53,2,50,,0,50-59,3,-2.132769137162693,-1.1461559617234787,Digital Active Customers
7004,1984,Graduation,Single,11012.0,1,0,,82,24,3,26,7,1,23,3,3,1,2,9,0,0,1,0,0,0,0,41,1,84,,1,40-49,1,-2.664607275089316,0.614725587393448,High Value Customers
9817,1970,Master,Single,44802.0,0,0,,71,853,10,143,13,10,20,2,9,4,12,8,0,0,0,0,0,0,0,55,0,1049,,0,50-59,0,1.3696857010894132,-0.5227035985593661,Economy Customers
8080,1986,Graduation,Single,26816.0,0,0,,50,5,1,6,3,4,3,1,0,0,3,4,0,0,0,0,0,0,0,39,0,22,,0,30-39,3,-1.9392655668748646,0.7910359906951374,Digital Active Customers
9432,1977,Graduation,Together,666666.0,1,0,2013-02-06,23,9,14,18,8,1,12,4,3,1,3,6,0,0,0,0,0,0,0,48,1,62,4573.0,0,40-49,5,10.315377566752696,1.3026136017045737,Potential Customers
8372,1974,Graduation,Married,34421.0,1,0,2013-01-07,81,3,3,7,6,2,9,1,1,0,2,7,0,0,0,0,0,0,0,51,1,30,4603.0,0,50-59,1,-2.1002859933417293,1.166918569283763,High Value Customers
10870,1967,Graduation,Married,61223.0,0,1,,46,709,43,182,42,118,247,2,9,3,4,5,0,0,0,0,0,0,0,58,1,1341,,0,50-59,0,1.2496242533584523,-0.6221759950533051,Economy Customers
4001,1946,PhD,Together,64014.0,2,1,2014-10-06,56,406,0,30,0,0,8,7,8,2,5,7,1,0,0,0,0,0,0,79,3,444,3966.0,1,70+,2,0.5252417277820285,-0.5561313236005964,Mid-Range Customers
7270,1981,Graduation,Divorced,56981.0,0,0,,91,908,48,217,32,12,24,1,2,3,13,6,0,0,0,1,0,0,0,44,0,1241,,1,40-49,0,1.1477210750934108,1.3131289500568823,Economy Customers
8235,1956,Master,Together,69245.0,0,1,,8,428,30,214,80,30,61,2,6,5,10,3,0,0,0,0,0,0,0,69,1,843,,0,60-69,2,1.895622578036513,-1.2278553378593153,Mid-Range Customers
9405,1954,PhD,Married,52869.0,1,1,,40,84,3,61,2,1,21,3,3,1,4,7,0,0,0,0,0,1,0,71,2,172,,1,70+,1,-0.8307425458894587,-0.36944049191018824,High Value Customers
